year,area,area_name,ptypeb,racecomp,scenario,model,pop,base,lf
2024,1,Alabama,Total,Total,Universal,Sliding scale,659960.1994,17612.50635,0.03141979
2024,1,Alabama,Total,Total,Universal,Fixed (7%),659960.1994,11406.41245,0.02057625
2024,1,Alabama,Total,Total,Partial emp.,Sliding scale,659960.1994,15947.22536,0.02853378
2024,1,Alabama,Total,Total,Partial emp.,Fixed (7%),659960.1994,9908.901463,0.01792328
2024,1,Alabama,Total,Total,Max emp.,Sliding scale,659960.1994,9709.476288,0.01756889
2024,1,Alabama,Total,Total,Max emp.,Fixed (7%),659960.1994,5793.043277,0.01055708
2024,2,Alaska,Total,Total,Universal,Sliding scale,110910.9999,3682.81433,0.03855833
2024,2,Alaska,Total,Total,Universal,Fixed (7%),110910.9999,2664.571538,0.02819814
2024,2,Alaska,Total,Total,Partial emp.,Sliding scale,110910.9999,3346.372103,0.03515969
2024,2,Alaska,Total,Total,Partial emp.,Fixed (7%),110910.9999,2379.515602,0.0252577
2024,2,Alaska,Total,Total,Max emp.,Sliding scale,110910.9999,1919.611131,0.02047594
2024,2,Alaska,Total,Total,Max emp.,Fixed (7%),110910.9999,1306.778923,0.01403075
2024,4,Arizona,Total,Total,Universal,Sliding scale,974470.7627,31085.45929,0.03717972
2024,4,Arizona,Total,Total,Universal,Fixed (7%),974470.7627,22563.67427,0.02726515
2024,4,Arizona,Total,Total,Partial emp.,Sliding scale,974470.7627,29225.2009,0.0350327
2024,4,Arizona,Total,Total,Partial emp.,Fixed (7%),974470.7627,20926.69136,0.02533719
2024,4,Arizona,Total,Total,Max emp.,Sliding scale,974470.7627,17540.85842,0.02132519
2024,4,Arizona,Total,Total,Max emp.,Fixed (7%),974470.7627,12086.44775,0.01479211
2024,5,Arkansas,Total,Total,Universal,Sliding scale,436057.4379,13307.5194,0.03583496
2024,5,Arkansas,Total,Total,Universal,Fixed (7%),436057.4379,9051.625243,0.02465712
2024,5,Arkansas,Total,Total,Partial emp.,Sliding scale,436057.4379,12359.9844,0.03336855
2024,5,Arkansas,Total,Total,Partial emp.,Fixed (7%),436057.4379,8198.582049,0.0223854
2024,5,Arkansas,Total,Total,Max emp.,Sliding scale,436057.4379,7012.486443,0.0192091
2024,5,Arkansas,Total,Total,Max emp.,Fixed (7%),436057.4379,4398.311853,0.01213506
2024,6,California,Total,Total,Universal,Sliding scale,5235843.258,166998.125,0.03690716
2024,6,California,Total,Total,Universal,Fixed (7%),5235843.258,130133.8589,0.02899627
2024,6,California,Total,Total,Partial emp.,Sliding scale,5235843.258,156885.5877,0.03474992
2024,6,California,Total,Total,Partial emp.,Fixed (7%),5235843.258,120817.113,0.02697632
2024,6,California,Total,Total,Max emp.,Sliding scale,5235843.258,91175.40244,0.02049349
2024,6,California,Total,Total,Max emp.,Fixed (7%),5235843.258,68214.64092,0.01541214
2024,8,Colorado,Total,Total,Universal,Sliding scale,816865.9031,27142.65064,0.03697267
2024,8,Colorado,Total,Total,Universal,Fixed (7%),816865.9031,20750.67951,0.02851404
2024,8,Colorado,Total,Total,Partial emp.,Sliding scale,816865.9031,26080.09238,0.03557679
2024,8,Colorado,Total,Total,Partial emp.,Fixed (7%),816865.9031,19765.09466,0.02719656
2024,8,Colorado,Total,Total,Max emp.,Sliding scale,816865.9031,16277.21226,0.02250528
2024,8,Colorado,Total,Total,Max emp.,Fixed (7%),816865.9031,11818.46333,0.01644186
2024,9,Connecticut,Total,Total,Universal,Sliding scale,491433.0001,12503.76719,0.02832465
2024,9,Connecticut,Total,Total,Universal,Fixed (7%),491433.0001,9114.88775,0.02080759
2024,9,Connecticut,Total,Total,Partial emp.,Sliding scale,491433.0001,11906.21552,0.02700758
2024,9,Connecticut,Total,Total,Partial emp.,Fixed (7%),491433.0001,8564.693076,0.01957619
2024,9,Connecticut,Total,Total,Max emp.,Sliding scale,491433.0001,7966.065378,0.01823286
2024,9,Connecticut,Total,Total,Max emp.,Fixed (7%),491433.0001,5518.624174,0.01270227
2024,10,Delaware,Total,Total,Universal,Sliding scale,131965,2356.374324,0.01967394
2024,10,Delaware,Total,Total,Universal,Fixed (7%),131965,1448.192591,0.01218369
2024,10,Delaware,Total,Total,Partial emp.,Sliding scale,131965,2217.70824,0.01853764
2024,10,Delaware,Total,Total,Partial emp.,Fixed (7%),131965,1327.989946,0.01118373
2024,10,Delaware,Total,Total,Max emp.,Sliding scale,131965,1523.237288,0.01280696
2024,10,Delaware,Total,Total,Max emp.,Fixed (7%),131965,849.6956845,0.00718469
2024,11,District of Columbia,Total,Total,Universal,Sliding scale,82659,3010.725603,0.04031409
2024,11,District of Columbia,Total,Total,Universal,Fixed (7%),82659,2694.190849,0.03622919
2024,11,District of Columbia,Total,Total,Partial emp.,Sliding scale,82659,2311.015372,0.03123753
2024,11,District of Columbia,Total,Total,Partial emp.,Fixed (7%),82659,2005.794934,0.02722424
2024,11,District of Columbia,Total,Total,Max emp.,Sliding scale,82659,1771.720191,0.02412384
2024,11,District of Columbia,Total,Total,Max emp.,Fixed (7%),82659,1530.592956,0.02090928
2024,12,Florida,Total,Total,Universal,Sliding scale,2843299.06,73649.1324,0.02979615
2024,12,Florida,Total,Total,Universal,Fixed (7%),2843299.06,50723.93959,0.02071345
2024,12,Florida,Total,Total,Partial emp.,Sliding scale,2843299.06,68439.26255,0.02774689
2024,12,Florida,Total,Total,Partial emp.,Fixed (7%),2843299.06,45980.42575,0.01881284
2024,12,Florida,Total,Total,Max emp.,Sliding scale,2843299.06,41883.06595,0.01716519
2024,12,Florida,Total,Total,Max emp.,Fixed (7%),2843299.06,26743.41424,0.01102885
2024,13,Georgia,Total,Total,Universal,Sliding scale,1525895.679,29291.82213,0.0223027
2024,13,Georgia,Total,Total,Universal,Fixed (7%),1525895.679,17658.30955,0.01356514
2024,13,Georgia,Total,Total,Partial emp.,Sliding scale,1525895.679,27146.47315,0.02070306
2024,13,Georgia,Total,Total,Partial emp.,Fixed (7%),1525895.679,15770.49996,0.01213252
2024,13,Georgia,Total,Total,Max emp.,Sliding scale,1525895.679,16618.54134,0.01277659
2024,13,Georgia,Total,Total,Max emp.,Fixed (7%),1525895.679,8990.635238,0.00695291
2024,15,Hawaii,Total,Total,Universal,Sliding scale,189775.9999,3881.817341,0.02345512
2024,15,Hawaii,Total,Total,Universal,Fixed (7%),189775.9999,2802.020689,0.01704185
2024,15,Hawaii,Total,Total,Partial emp.,Sliding scale,189775.9999,3706.390557,0.0224189
2024,15,Hawaii,Total,Total,Partial emp.,Fixed (7%),189775.9999,2663.65834,0.01621397
2024,15,Hawaii,Total,Total,Max emp.,Sliding scale,189775.9999,2106.908718,0.01286859
2024,15,Hawaii,Total,Total,Max emp.,Fixed (7%),189775.9999,1420.358692,0.00871181
2024,16,Idaho,Total,Total,Universal,Sliding scale,313697.6771,10948.13695,0.04094847
2024,16,Idaho,Total,Total,Universal,Fixed (7%),313697.6771,7437.171332,0.02818682
2024,16,Idaho,Total,Total,Partial emp.,Sliding scale,313697.6771,10397.83828,0.03897045
2024,16,Idaho,Total,Total,Partial emp.,Fixed (7%),313697.6771,6983.786894,0.02651406
2024,16,Idaho,Total,Total,Max emp.,Sliding scale,313697.6771,6158.361865,0.02345382
2024,16,Idaho,Total,Total,Max emp.,Fixed (7%),313697.6771,3992.659822,0.01533231
2024,17,Illinois,Total,Total,Universal,Sliding scale,1702470.702,33072.84358,0.02203919
2024,17,Illinois,Total,Total,Universal,Fixed (7%),1702470.702,21677.73725,0.01455622
2024,17,Illinois,Total,Total,Partial emp.,Sliding scale,1702470.702,31282.8962,0.0208713
2024,17,Illinois,Total,Total,Partial emp.,Fixed (7%),1702470.702,20129.31947,0.01353055
2024,17,Illinois,Total,Total,Max emp.,Sliding scale,1702470.702,19600.19319,0.01317957
2024,17,Illinois,Total,Total,Max emp.,Fixed (7%),1702470.702,11911.26902,0.008051
2024,18,Indiana,Total,Total,Universal,Sliding scale,967557.2624,33901.92006,0.03943771
2024,18,Indiana,Total,Total,Universal,Fixed (7%),967557.2624,24600.03697,0.02892998
2024,18,Indiana,Total,Total,Partial emp.,Sliding scale,967557.2624,31934.57617,0.03723434
2024,18,Indiana,Total,Total,Partial emp.,Fixed (7%),967557.2624,22805.90093,0.02687676
2024,18,Indiana,Total,Total,Max emp.,Sliding scale,967557.2624,20336.68833,0.02403674
2024,18,Indiana,Total,Total,Max emp.,Fixed (7%),967557.2624,13833.55642,0.01647708
2024,19,Iowa,Total,Total,Universal,Sliding scale,469875.942,10174.15067,0.02373409
2024,19,Iowa,Total,Total,Universal,Fixed (7%),469875.942,6624.02507,0.01558146
2024,19,Iowa,Total,Total,Partial emp.,Sliding scale,469875.942,9805.797861,0.02289448
2024,19,Iowa,Total,Total,Partial emp.,Fixed (7%),469875.942,6282.884624,0.01479087
2024,19,Iowa,Total,Total,Max emp.,Sliding scale,469875.942,6618.292003,0.01556818
2024,19,Iowa,Total,Total,Max emp.,Fixed (7%),469875.942,3948.22481,0.00934609
2024,20,Kansas,Total,Total,Universal,Sliding scale,442873.2292,9522.193664,0.0242851
2024,20,Kansas,Total,Total,Universal,Fixed (7%),442873.2292,5645.313015,0.01454141
2024,20,Kansas,Total,Total,Partial emp.,Sliding scale,442873.2292,9039.124062,0.02308153
2024,20,Kansas,Total,Total,Partial emp.,Fixed (7%),442873.2292,5238.324871,0.01350723
2024,20,Kansas,Total,Total,Max emp.,Sliding scale,442873.2292,5688.512589,0.01465105
2024,20,Kansas,Total,Total,Max emp.,Fixed (7%),442873.2292,2965.056257,0.0076906
2024,21,Kentucky,Total,Total,Universal,Sliding scale,631371.2202,19463.24302,0.03569543
2024,21,Kentucky,Total,Total,Universal,Fixed (7%),631371.2202,13230.20424,0.02454466
2024,21,Kentucky,Total,Total,Partial emp.,Sliding scale,631371.2202,17611.11113,0.03240872
2024,21,Kentucky,Total,Total,Partial emp.,Fixed (7%),631371.2202,11619.30355,0.02162074
2024,21,Kentucky,Total,Total,Max emp.,Sliding scale,631371.2202,10602.28336,0.01976571
2024,21,Kentucky,Total,Total,Max emp.,Fixed (7%),631371.2202,6556.587183,0.01231626
2024,22,Louisiana,Total,Total,Universal,Sliding scale,624944.4616,19152.02521,0.03507294
2024,22,Louisiana,Total,Total,Universal,Fixed (7%),624944.4616,13767.52194,0.02546343
2024,22,Louisiana,Total,Total,Partial emp.,Sliding scale,624944.4616,17465.90637,0.03208424
2024,22,Louisiana,Total,Total,Partial emp.,Fixed (7%),624944.4616,12234.43894,0.02269229
2024,22,Louisiana,Total,Total,Max emp.,Sliding scale,624944.4616,11148.85393,0.02072048
2024,22,Louisiana,Total,Total,Max emp.,Fixed (7%),624944.4616,7591.987259,0.01420383
2024,23,Maine,Total,Total,Universal,Sliding scale,179978.998,5867.556656,0.03707429
2024,23,Maine,Total,Total,Universal,Fixed (7%),179978.998,4213.482362,0.02690417
2024,23,Maine,Total,Total,Partial emp.,Sliding scale,179978.998,5500.954494,0.03483861
2024,23,Maine,Total,Total,Partial emp.,Fixed (7%),179978.998,3880.372515,0.02482999
2024,23,Maine,Total,Total,Max emp.,Sliding scale,179978.998,3619.385393,0.02319871
2024,23,Maine,Total,Total,Max emp.,Fixed (7%),179978.998,2472.456386,0.01596475
2024,24,Maryland,Total,Total,Universal,Sliding scale,879486.9787,22101.48965,0.02778551
2024,24,Maryland,Total,Total,Universal,Fixed (7%),879486.9787,16337.37433,0.02068891
2024,24,Maryland,Total,Total,Partial emp.,Sliding scale,879486.9787,20847.5778,0.0262505
2024,24,Maryland,Total,Total,Partial emp.,Fixed (7%),879486.9787,15181.6073,0.01925348
2024,24,Maryland,Total,Total,Max emp.,Sliding scale,879486.9787,14073.44159,0.01787321
2024,24,Maryland,Total,Total,Max emp.,Fixed (7%),879486.9787,9962.260175,0.01271844
2024,25,Massachusetts,Total,Total,Universal,Sliding scale,930342.1089,26619.90999,0.03135111
2024,25,Massachusetts,Total,Total,Universal,Fixed (7%),930342.1089,20454.53997,0.02426616
2024,25,Massachusetts,Total,Total,Partial emp.,Sliding scale,930342.1089,25014.5912,0.02951628
2024,25,Massachusetts,Total,Total,Partial emp.,Fixed (7%),930342.1089,18948.77349,0.02252003
2024,25,Massachusetts,Total,Total,Max emp.,Sliding scale,930342.1089,17586.63757,0.02093506
2024,25,Massachusetts,Total,Total,Max emp.,Fixed (7%),930342.1089,12908.54676,0.01545233
2024,26,Michigan,Total,Total,Universal,Sliding scale,1330933.196,42298.59511,0.03644491
2024,26,Michigan,Total,Total,Universal,Fixed (7%),1330933.196,29707.58861,0.0258771
2024,26,Michigan,Total,Total,Partial emp.,Sliding scale,1330933.196,39332.93951,0.03397649
2024,26,Michigan,Total,Total,Partial emp.,Fixed (7%),1330933.196,26996.14805,0.02357094
2024,26,Michigan,Total,Total,Max emp.,Sliding scale,1330933.196,24267.80534,0.02123936
2024,26,Michigan,Total,Total,Max emp.,Fixed (7%),1330933.196,15869.72061,0.01399214
2024,27,Minnesota,Total,Total,Universal,Sliding scale,831479.5497,23555.43946,0.03075409
2024,27,Minnesota,Total,Total,Universal,Fixed (7%),831479.5497,17992.19085,0.02366256
2024,27,Minnesota,Total,Total,Partial emp.,Sliding scale,831479.5497,22505.73898,0.02942392
2024,27,Minnesota,Total,Total,Partial emp.,Fixed (7%),831479.5497,17005.63359,0.02239414
2024,27,Minnesota,Total,Total,Max emp.,Sliding scale,831479.5497,16160.0364,0.02130432
2024,27,Minnesota,Total,Total,Max emp.,Fixed (7%),831479.5497,11855.66304,0.01571892
2024,28,Mississippi,Total,Total,Universal,Sliding scale,390103.0913,9219.023492,0.0274576
2024,28,Mississippi,Total,Total,Universal,Fixed (7%),390103.0913,5907.223239,0.01776912
2024,28,Mississippi,Total,Total,Partial emp.,Sliding scale,390103.0913,8136.249786,0.0243111
2024,28,Mississippi,Total,Total,Partial emp.,Fixed (7%),390103.0913,4906.242457,0.01480271
2024,28,Mississippi,Total,Total,Max emp.,Sliding scale,390103.0913,5651.194692,0.01701208
2024,28,Mississippi,Total,Total,Max emp.,Fixed (7%),390103.0913,3284.24579,0.00995769
2024,29,Missouri,Total,Total,Universal,Sliding scale,871920.1047,26616.52445,0.03412351
2024,29,Missouri,Total,Total,Universal,Fixed (7%),871920.1047,18653.47376,0.02416121
2024,29,Missouri,Total,Total,Partial emp.,Sliding scale,871920.1047,25138.15293,0.03228938
2024,29,Missouri,Total,Total,Partial emp.,Fixed (7%),871920.1047,17322.33312,0.02247578
2024,29,Missouri,Total,Total,Max emp.,Sliding scale,871920.1047,16817.77104,0.0218354
2024,29,Missouri,Total,Total,Max emp.,Fixed (7%),871920.1047,11038.8682,0.0144407
2024,30,Montana,Total,Total,Universal,Sliding scale,158231.6943,6562.057325,0.0470226
2024,30,Montana,Total,Total,Universal,Fixed (7%),158231.6943,5110.57864,0.03700645
2024,30,Montana,Total,Total,Partial emp.,Sliding scale,158231.6943,6102.092494,0.04387117
2024,30,Montana,Total,Total,Partial emp.,Fixed (7%),158231.6943,4716.033847,0.03424734
2024,30,Montana,Total,Total,Max emp.,Sliding scale,158231.6943,3967.096736,0.02896618
2024,30,Montana,Total,Total,Max emp.,Fixed (7%),158231.6943,2973.10526,0.02186715
2024,31,Nebraska,Total,Total,Universal,Sliding scale,316222.4842,10160.17758,0.03532109
2024,31,Nebraska,Total,Total,Universal,Fixed (7%),316222.4842,7728.263485,0.0270958
2024,31,Nebraska,Total,Total,Partial emp.,Sliding scale,316222.4842,9815.652686,0.0341643
2024,31,Nebraska,Total,Total,Partial emp.,Fixed (7%),316222.4842,7418.849733,0.02603923
2024,31,Nebraska,Total,Total,Max emp.,Sliding scale,316222.4842,6634.011271,0.02334886
2024,31,Nebraska,Total,Total,Max emp.,Fixed (7%),316222.4842,4838.133545,0.01713646
2024,32,Nevada,Total,Total,Universal,Sliding scale,410009.1256,16783.2675,0.04625244
2024,32,Nevada,Total,Total,Universal,Fixed (7%),410009.1256,13314.77856,0.03704788
2024,32,Nevada,Total,Total,Partial emp.,Sliding scale,410009.1256,16005.88407,0.04420478
2024,32,Nevada,Total,Total,Partial emp.,Fixed (7%),410009.1256,12606.75717,0.03514707
2024,32,Nevada,Total,Total,Max emp.,Sliding scale,410009.1256,10104.38404,0.02836848
2024,32,Nevada,Total,Total,Max emp.,Fixed (7%),410009.1256,7915.624957,0.02236086
2024,33,New Hampshire,Total,Total,Universal,Sliding scale,175733.672,5326.197077,0.03341987
2024,33,New Hampshire,Total,Total,Universal,Fixed (7%),175733.672,3607.480503,0.02288234
2024,33,New Hampshire,Total,Total,Partial emp.,Sliding scale,175733.672,5187.11989,0.03257564
2024,33,New Hampshire,Total,Total,Partial emp.,Fixed (7%),175733.672,3482.935961,0.02210982
2024,33,New Hampshire,Total,Total,Max emp.,Sliding scale,175733.672,3754.120425,0.02379036
2024,33,New Hampshire,Total,Total,Max emp.,Fixed (7%),175733.672,2419.581582,0.01546399
2024,34,New Jersey,Total,Total,Universal,Sliding scale,1333418,33111.41763,0.02776498
2024,34,New Jersey,Total,Total,Universal,Fixed (7%),1333418,23403.97147,0.01978604
2024,34,New Jersey,Total,Total,Partial emp.,Sliding scale,1333418,31222.3675,0.02622249
2024,34,New Jersey,Total,Total,Partial emp.,Fixed (7%),1333418,21701.44523,0.01837314
2024,34,New Jersey,Total,Total,Max emp.,Sliding scale,1333418,20406.86391,0.01729607
2024,34,New Jersey,Total,Total,Max emp.,Fixed (7%),1333418,13671.35883,0.01165384
2024,35,New Mexico,Total,Total,Universal,Sliding scale,250790.9969,6877.502147,0.03269992
2024,35,New Mexico,Total,Total,Universal,Fixed (7%),250790.9969,4953.343739,0.02376873
2024,35,New Mexico,Total,Total,Partial emp.,Sliding scale,250790.9969,6230.47453,0.02971496
2024,35,New Mexico,Total,Total,Partial emp.,Fixed (7%),250790.9969,4377.983451,0.02106601
2024,35,New Mexico,Total,Total,Max emp.,Sliding scale,250790.9969,3159.837087,0.01529417
2024,35,New Mexico,Total,Total,Max emp.,Fixed (7%),250790.9969,2130.042753,0.01036143
2024,36,New York,Total,Total,Universal,Sliding scale,2402152.329,88024.82176,0.04116614
2024,36,New York,Total,Total,Universal,Fixed (7%),2402152.329,70650.91469,0.03331163
2024,36,New York,Total,Total,Partial emp.,Sliding scale,2402152.329,81602.73721,0.03827772
2024,36,New York,Total,Total,Partial emp.,Fixed (7%),2402152.329,64628.28058,0.03055876
2024,36,New York,Total,Total,Max emp.,Sliding scale,2402152.329,50757.8402,0.02415872
2024,36,New York,Total,Total,Max emp.,Fixed (7%),2402152.329,39131.10886,0.0187285
2024,37,North Carolina,Total,Total,Universal,Sliding scale,1556898.046,36686.65014,0.02746142
2024,37,North Carolina,Total,Total,Universal,Fixed (7%),1556898.046,24034.58233,0.01816285
2024,37,North Carolina,Total,Total,Partial emp.,Sliding scale,1556898.046,34002.30554,0.02550332
2024,37,North Carolina,Total,Total,Partial emp.,Fixed (7%),1556898.046,21657.14688,0.01639569
2024,37,North Carolina,Total,Total,Max emp.,Sliding scale,1556898.046,19700.42177,0.01493646
2024,37,North Carolina,Total,Total,Max emp.,Fixed (7%),1556898.046,11852.56837,0.00904017
2024,38,North Dakota,Total,Total,Universal,Sliding scale,124398.9999,3426.194887,0.03038829
2024,38,North Dakota,Total,Total,Universal,Fixed (7%),124398.9999,2450.418734,0.02192348
2024,38,North Dakota,Total,Total,Partial emp.,Sliding scale,124398.9999,3353.578521,0.0297634
2024,38,North Dakota,Total,Total,Partial emp.,Fixed (7%),124398.9999,2385.441309,0.02135455
2024,38,North Dakota,Total,Total,Max emp.,Sliding scale,124398.9999,2402.090618,0.0215004
2024,38,North Dakota,Total,Total,Max emp.,Fixed (7%),124398.9999,1632.660703,0.0147148
2024,39,Ohio,Total,Total,Universal,Sliding scale,1609416.905,57010.69463,0.04010963
2024,39,Ohio,Total,Total,Universal,Fixed (7%),1609416.905,42897.04013,0.03048271
2024,39,Ohio,Total,Total,Partial emp.,Sliding scale,1609416.905,52911.26808,0.03733317
2024,39,Ohio,Total,Total,Partial emp.,Fixed (7%),1609416.905,39093.6387,0.02785529
2024,39,Ohio,Total,Total,Max emp.,Sliding scale,1609416.905,33646.04701,0.02406715
2024,39,Ohio,Total,Total,Max emp.,Fixed (7%),1609416.905,24021.08407,0.01730149
2024,40,Oklahoma,Total,Total,Universal,Sliding scale,584401.9526,21636.02735,0.04291812
2024,40,Oklahoma,Total,Total,Universal,Fixed (7%),584401.9526,16023.6546,0.03214303
2024,40,Oklahoma,Total,Total,Partial emp.,Sliding scale,584401.9526,20028.4894,0.03985643
2024,40,Oklahoma,Total,Total,Partial emp.,Fixed (7%),584401.9526,14553.46954,0.02928023
2024,40,Oklahoma,Total,Total,Max emp.,Sliding scale,584401.9526,11312.25373,0.02290859
2024,40,Oklahoma,Total,Total,Max emp.,Fixed (7%),584401.9526,7782.984156,0.01587488
2024,41,Oregon,Total,Total,Universal,Sliding scale,570028.9594,14990.43642,0.03007866
2024,41,Oregon,Total,Total,Universal,Fixed (7%),570028.9594,10523.36172,0.02130635
2024,41,Oregon,Total,Total,Partial emp.,Sliding scale,570028.9594,14195.58633,0.02852928
2024,41,Oregon,Total,Total,Partial emp.,Fixed (7%),570028.9594,9862.205256,0.01999449
2024,41,Oregon,Total,Total,Max emp.,Sliding scale,570028.9594,8454.817495,0.01719022
2024,41,Oregon,Total,Total,Max emp.,Fixed (7%),570028.9594,5530.870827,0.01131254
2024,42,Pennsylvania,Total,Total,Universal,Sliding scale,1681021,53483.38263,0.03569029
2024,42,Pennsylvania,Total,Total,Universal,Fixed (7%),1681021,39385.69558,0.02653229
2024,42,Pennsylvania,Total,Total,Partial emp.,Sliding scale,1681021,50149.16578,0.03353994
2024,42,Pennsylvania,Total,Total,Partial emp.,Fixed (7%),1681021,36345.0602,0.02453421
2024,42,Pennsylvania,Total,Total,Max emp.,Sliding scale,1681021,32405.50334,0.0219332
2024,42,Pennsylvania,Total,Total,Max emp.,Fixed (7%),1681021,22626.54655,0.01541649
2024,44,Rhode Island,Total,Total,Universal,Sliding scale,139578,2859.378965,0.02289914
2024,44,Rhode Island,Total,Total,Universal,Fixed (7%),139578,2027.546355,0.01634636
2024,44,Rhode Island,Total,Total,Partial emp.,Sliding scale,139578,2612.662081,0.02096475
2024,44,Rhode Island,Total,Total,Partial emp.,Fixed (7%),139578,1804.295198,0.01457271
2024,44,Rhode Island,Total,Total,Max emp.,Sliding scale,139578,1607.915093,0.01300724
2024,44,Rhode Island,Total,Total,Max emp.,Fixed (7%),139578,1037.22283,0.00842954
2024,45,South Carolina,Total,Total,Universal,Sliding scale,733125.4702,21849.37937,0.03431627
2024,45,South Carolina,Total,Total,Universal,Fixed (7%),733125.4702,15269.8018,0.02423291
2024,45,South Carolina,Total,Total,Partial emp.,Sliding scale,733125.4702,20185.96439,0.03178678
2024,45,South Carolina,Total,Total,Partial emp.,Fixed (7%),733125.4702,13767.44082,0.02190091
2024,45,South Carolina,Total,Total,Max emp.,Sliding scale,733125.4702,12340.52962,0.01967567
2024,45,South Carolina,Total,Total,Max emp.,Fixed (7%),733125.4702,7967.516946,0.01279256
2024,46,South Dakota,Total,Total,Universal,Sliding scale,135407.4697,3050.27692,0.02454246
2024,46,South Dakota,Total,Total,Universal,Fixed (7%),135407.4697,2004.530771,0.01626527
2024,46,South Dakota,Total,Total,Partial emp.,Sliding scale,135407.4697,2839.412138,0.02288468
2024,46,South Dakota,Total,Total,Partial emp.,Fixed (7%),135407.4697,1813.819537,0.0147406
2024,46,South Dakota,Total,Total,Max emp.,Sliding scale,135407.4697,2001.090785,0.01623781
2024,46,South Dakota,Total,Total,Max emp.,Fixed (7%),135407.4697,1173.955118,0.0095904
2024,47,Tennessee,Total,Total,Universal,Sliding scale,988996.4259,23001.47115,0.02731108
2024,47,Tennessee,Total,Total,Universal,Fixed (7%),988996.4259,14047.17136,0.01685832
2024,47,Tennessee,Total,Total,Partial emp.,Sliding scale,988996.4259,21240.73371,0.02527329
2024,47,Tennessee,Total,Total,Partial emp.,Fixed (7%),988996.4259,12556.12356,0.01509589
2024,47,Tennessee,Total,Total,Max emp.,Sliding scale,988996.4259,12011.9586,0.01445111
2024,47,Tennessee,Total,Total,Max emp.,Fixed (7%),988996.4259,6509.255952,0.00788322
2024,48,Texas,Total,Total,Universal,Sliding scale,4697290.938,125895.4561,0.03135798
2024,48,Texas,Total,Total,Universal,Fixed (7%),4697290.938,87658.27336,0.02204383
2024,48,Texas,Total,Total,Partial emp.,Sliding scale,4697290.938,117338.8974,0.02928914
2024,48,Texas,Total,Total,Partial emp.,Fixed (7%),4697290.938,79941.20052,0.02014227
2024,48,Texas,Total,Total,Max emp.,Sliding scale,4697290.938,68093.27683,0.01720839
2024,48,Texas,Total,Total,Max emp.,Fixed (7%),4697290.938,44443.21061,0.01129913
2024,49,Utah,Total,Total,Universal,Sliding scale,561935.481,21034.66929,0.04459298
2024,49,Utah,Total,Total,Universal,Fixed (7%),561935.481,14368.1846,0.03089685
2024,49,Utah,Total,Total,Partial emp.,Sliding scale,561935.481,20166.07642,0.04283045
2024,49,Utah,Total,Total,Partial emp.,Fixed (7%),561935.481,13564.60757,0.02921936
2024,49,Utah,Total,Total,Max emp.,Sliding scale,561935.481,11090.54808,0.02401802
2024,49,Utah,Total,Total,Max emp.,Fixed (7%),561935.481,7030.624543,0.01536078
2024,50,Vermont,Total,Total,Universal,Sliding scale,84910.47306,3160.429787,0.03939354
2024,50,Vermont,Total,Total,Universal,Fixed (7%),84910.47306,2525.27405,0.03172775
2024,50,Vermont,Total,Total,Partial emp.,Sliding scale,84910.47306,3088.976565,0.03853722
2024,50,Vermont,Total,Total,Partial emp.,Fixed (7%),84910.47306,2463.227155,0.03097234
2024,50,Vermont,Total,Total,Max emp.,Sliding scale,84910.47306,2271.32024,0.0286284
2024,50,Vermont,Total,Total,Max emp.,Fixed (7%),84910.47306,1769.314504,0.02244298
2024,51,Virginia,Total,Total,Universal,Sliding scale,1279007.524,36602.57649,0.03236775
2024,51,Virginia,Total,Total,Universal,Fixed (7%),1279007.524,26802.12057,0.02390838
2024,51,Virginia,Total,Total,Partial emp.,Sliding scale,1279007.524,34908.76723,0.03091621
2024,51,Virginia,Total,Total,Partial emp.,Fixed (7%),1279007.524,25273.23629,0.02257536
2024,51,Virginia,Total,Total,Max emp.,Sliding scale,1279007.524,21176.47457,0.01898539
2024,51,Virginia,Total,Total,Max emp.,Fixed (7%),1279007.524,14616.57381,0.01318175
2024,53,Washington,Total,Total,Universal,Sliding scale,1131963.677,42791.60341,0.04353233
2024,53,Washington,Total,Total,Universal,Fixed (7%),1131963.677,33059.20757,0.03396778
2024,53,Washington,Total,Total,Partial emp.,Sliding scale,1131963.677,40621.00118,0.04141561
2024,53,Washington,Total,Total,Partial emp.,Fixed (7%),1131963.677,31103.74056,0.03202291
2024,53,Washington,Total,Total,Max emp.,Sliding scale,1131963.677,23413.4377,0.02429772
2024,53,Washington,Total,Total,Max emp.,Fixed (7%),1131963.677,17320.83068,0.01808938
2024,54,West Virginia,Total,Total,Universal,Sliding scale,229341.8812,10078.04042,0.05054208
2024,54,West Virginia,Total,Total,Universal,Fixed (7%),229341.8812,7404.186735,0.03763722
2024,54,West Virginia,Total,Total,Partial emp.,Sliding scale,229341.8812,9353.90626,0.04708148
2024,54,West Virginia,Total,Total,Partial emp.,Fixed (7%),229341.8812,6737.889905,0.03436667
2024,54,West Virginia,Total,Total,Max emp.,Sliding scale,229341.8812,5674.200517,0.02909919
2024,54,West Virginia,Total,Total,Max emp.,Fixed (7%),229341.8812,4045.371677,0.02092077
2024,55,Wisconsin,Total,Total,Universal,Sliding scale,791635.6242,25230.07219,0.03479303
2024,55,Wisconsin,Total,Total,Universal,Fixed (7%),791635.6242,19144.89115,0.02662481
2024,55,Wisconsin,Total,Total,Partial emp.,Sliding scale,791635.6242,24021.76193,0.03318203
2024,55,Wisconsin,Total,Total,Partial emp.,Fixed (7%),791635.6242,18027.07927,0.0251093
2024,55,Wisconsin,Total,Total,Max emp.,Sliding scale,791635.6242,16652.35255,0.02323899
2024,55,Wisconsin,Total,Total,Max emp.,Fixed (7%),791635.6242,12035.62052,0.01690508
2024,56,Wyoming,Total,Total,Universal,Sliding scale,88560.60682,2563.66752,0.0321035
2024,56,Wyoming,Total,Total,Universal,Fixed (7%),88560.60682,1774.514905,0.02244313
2024,56,Wyoming,Total,Total,Partial emp.,Sliding scale,88560.60682,2437.245614,0.03056877
2024,56,Wyoming,Total,Total,Partial emp.,Fixed (7%),88560.60682,1656.156852,0.0209776
2024,56,Wyoming,Total,Total,Max emp.,Sliding scale,88560.60682,1340.389069,0.01704613
2024,56,Wyoming,Total,Total,Max emp.,Fixed (7%),88560.60682,877.223414,0.01122201
2024,99999,United States,Total,Total,Universal,Sliding scale,46100648.56,1349158.053,0.03342112
2024,99999,United States,Total,Total,Universal,Fixed (7%),46100648.56,977274.9683,0.02443398
2024,99999,United States,Total,Total,Partial emp.,Sliding scale,46100648.56,1263150.219,0.03135735
2024,99999,United States,Total,Total,Partial emp.,Fixed (7%),46100648.56,899245.1415,0.02252702
2024,99999,United States,Total,Total,Max emp.,Sliding scale,46100648.56,778128.9071,0.01955225
2024,99999,United States,Total,Total,Max emp.,Fixed (7%),46100648.56,532085.4219,0.01345302
2024,1,Alabama,Total,White,Universal,Sliding scale,434707.4003,12043.0641,0.03222187
2024,1,Alabama,Total,White,Universal,Fixed (7%),434707.4003,7413.719745,0.02008458
2024,1,Alabama,Total,White,Partial emp.,Sliding scale,434707.4003,11274.53613,0.03022779
2024,1,Alabama,Total,White,Partial emp.,Fixed (7%),434707.4003,6731.634845,0.0182705
2024,1,Alabama,Total,White,Max emp.,Sliding scale,434707.4003,6680.550524,0.01813436
2024,1,Alabama,Total,White,Max emp.,Fixed (7%),434707.4003,3781.201219,0.0103455
2024,2,Alaska,Total,White,Universal,Sliding scale,58969.99994,1969.872223,0.03919764
2024,2,Alaska,Total,White,Universal,Fixed (7%),58969.99994,1372.22341,0.02763391
2024,2,Alaska,Total,White,Partial emp.,Sliding scale,58969.99994,1791.925007,0.03578345
2024,2,Alaska,Total,White,Partial emp.,Fixed (7%),58969.99994,1240.180284,0.02504141
2024,2,Alaska,Total,White,Max emp.,Sliding scale,58969.99994,1011.290735,0.02051454
2024,2,Alaska,Total,White,Max emp.,Fixed (7%),58969.99994,663.1231032,0.01354747
2024,4,Arizona,Total,White,Universal,Sliding scale,428915.4164,15096.16173,0.03992483
2024,4,Arizona,Total,White,Universal,Fixed (7%),428915.4164,10878.11284,0.02909391
2024,4,Arizona,Total,White,Partial emp.,Sliding scale,428915.4164,14439.44531,0.03825445
2024,4,Arizona,Total,White,Partial emp.,Fixed (7%),428915.4164,10300.62795,0.02759202
2024,4,Arizona,Total,White,Max emp.,Sliding scale,428915.4164,8768.729264,0.02358534
2024,4,Arizona,Total,White,Max emp.,Fixed (7%),428915.4164,6027.944597,0.01633384
2024,5,Arkansas,Total,White,Universal,Sliding scale,284793.2679,9085.284333,0.03743761
2024,5,Arkansas,Total,White,Universal,Fixed (7%),284793.2679,6058.091773,0.02527883
2024,5,Arkansas,Total,White,Partial emp.,Sliding scale,284793.2679,8537.038637,0.03525811
2024,5,Arkansas,Total,White,Partial emp.,Fixed (7%),284793.2679,5578.143826,0.02332284
2024,5,Arkansas,Total,White,Max emp.,Sliding scale,284793.2679,4806.258476,0.02016057
2024,5,Arkansas,Total,White,Max emp.,Fixed (7%),284793.2679,2970.04144,0.01255498
2024,6,California,Total,White,Universal,Sliding scale,1563097.463,52474.73625,0.03804883
2024,6,California,Total,White,Universal,Fixed (7%),1563097.463,41013.00503,0.02998728
2024,6,California,Total,White,Partial emp.,Sliding scale,1563097.463,49683.90677,0.03609828
2024,6,California,Total,White,Partial emp.,Fixed (7%),1563097.463,38433.43466,0.02815429
2024,6,California,Total,White,Max emp.,Sliding scale,1563097.463,29149.8589,0.02149985
2024,6,California,Total,White,Max emp.,Fixed (7%),1563097.463,21989.34998,0.01630463
2024,8,Colorado,Total,White,Universal,Sliding scale,509044.6237,17431.69447,0.03731186
2024,8,Colorado,Total,White,Universal,Fixed (7%),509044.6237,13086.27246,0.02827363
2024,8,Colorado,Total,White,Partial emp.,Sliding scale,509044.6237,16896.84177,0.03620848
2024,8,Colorado,Total,White,Partial emp.,Fixed (7%),509044.6237,12589.92501,0.02723045
2024,8,Colorado,Total,White,Max emp.,Sliding scale,509044.6237,11346.36186,0.02460696
2024,8,Colorado,Total,White,Max emp.,Fixed (7%),509044.6237,8191.910617,0.01788825
2024,9,Connecticut,Total,White,Universal,Sliding scale,274044.0001,7330.874425,0.02897168
2024,9,Connecticut,Total,White,Universal,Fixed (7%),274044.0001,5231.787631,0.02084903
2024,9,Connecticut,Total,White,Partial emp.,Sliding scale,274044.0001,7112.127583,0.02813151
2024,9,Connecticut,Total,White,Partial emp.,Fixed (7%),274044.0001,5035.571985,0.0200828
2024,9,Connecticut,Total,White,Max emp.,Sliding scale,274044.0001,5016.032441,0.02000643
2024,9,Connecticut,Total,White,Max emp.,Fixed (7%),274044.0001,3444.629231,0.01382554
2024,10,Delaware,Total,White,Universal,Sliding scale,69581,1340.824156,0.02158691
2024,10,Delaware,Total,White,Universal,Fixed (7%),69581,803.544542,0.01304974
2024,10,Delaware,Total,White,Partial emp.,Sliding scale,69581,1249.648841,0.02014859
2024,10,Delaware,Total,White,Partial emp.,Fixed (7%),69581,724.991947,0.01178906
2024,10,Delaware,Total,White,Max emp.,Sliding scale,69581,832.2271354,0.01350925
2024,10,Delaware,Total,White,Max emp.,Fixed (7%),69581,438.5061176,0.0071639
2024,11,District of Columbia,Total,White,Universal,Sliding scale,30897,864.9631398,0.02874877
2024,11,District of Columbia,Total,White,Universal,Fixed (7%),30897,749.318594,0.02500119
2024,11,District of Columbia,Total,White,Partial emp.,Sliding scale,30897,856.8424624,0.02848655
2024,11,District of Columbia,Total,White,Partial emp.,Fixed (7%),30897,741.2237415,0.02473778
2024,11,District of Columbia,Total,White,Max emp.,Sliding scale,30897,619.5765884,0.02076219
2024,11,District of Columbia,Total,White,Max emp.,Fixed (7%),30897,541.147909,0.01818181
2024,12,Florida,Total,White,Universal,Sliding scale,1192565.47,34143.33991,0.03284037
2024,12,Florida,Total,White,Universal,Fixed (7%),1192565.47,23357.11308,0.02270128
2024,12,Florida,Total,White,Partial emp.,Sliding scale,1192565.47,32215.34513,0.03104352
2024,12,Florida,Total,White,Partial emp.,Fixed (7%),1192565.47,21622.65913,0.02105102
2024,12,Florida,Total,White,Max emp.,Sliding scale,1192565.47,19053.47199,0.01859627
2024,12,Florida,Total,White,Max emp.,Fixed (7%),1192565.47,12137.92575,0.01192717
2024,13,Georgia,Total,White,Universal,Sliding scale,728992.0824,15051.29727,0.02386234
2024,13,Georgia,Total,White,Universal,Fixed (7%),728992.0824,8407.088822,0.0134705
2024,13,Georgia,Total,White,Partial emp.,Sliding scale,728992.0824,14398.74687,0.02285142
2024,13,Georgia,Total,White,Partial emp.,Fixed (7%),728992.0824,7838.806828,0.0125714
2024,13,Georgia,Total,White,Max emp.,Sliding scale,728992.0824,8719.647352,0.01396431
2024,13,Georgia,Total,White,Max emp.,Fixed (7%),728992.0824,4373.017799,0.00705238
2024,15,Hawaii,Total,White,Universal,Sliding scale,39215.99995,982.6459611,0.03017431
2024,15,Hawaii,Total,White,Universal,Fixed (7%),39215.99995,729.0981145,0.02256425
2024,15,Hawaii,Total,White,Partial emp.,Sliding scale,39215.99995,914.7010853,0.02814664
2024,15,Hawaii,Total,White,Partial emp.,Fixed (7%),39215.99995,671.2591823,0.02081149
2024,15,Hawaii,Total,White,Max emp.,Sliding scale,39215.99995,477.0932477,0.01488122
2024,15,Hawaii,Total,White,Max emp.,Fixed (7%),39215.99995,335.7585803,0.01051916
2024,16,Idaho,Total,White,Universal,Sliding scale,238026.1819,8932.69715,0.04369122
2024,16,Idaho,Total,White,Universal,Fixed (7%),238026.1819,6114.999871,0.03032739
2024,16,Idaho,Total,White,Partial emp.,Sliding scale,238026.1819,8509.605856,0.04170813
2024,16,Idaho,Total,White,Partial emp.,Fixed (7%),238026.1819,5770.012486,0.02866547
2024,16,Idaho,Total,White,Max emp.,Sliding scale,238026.1819,5027.694128,0.02507008
2024,16,Idaho,Total,White,Max emp.,Fixed (7%),238026.1819,3292.572247,0.01656136
2024,17,Illinois,Total,White,Universal,Sliding scale,957137.033,20081.63672,0.02334282
2024,17,Illinois,Total,White,Universal,Fixed (7%),957137.033,12882.47816,0.01510091
2024,17,Illinois,Total,White,Partial emp.,Sliding scale,957137.033,19211.09425,0.02235352
2024,17,Illinois,Total,White,Partial emp.,Fixed (7%),957137.033,12147.39126,0.01425152
2024,17,Illinois,Total,White,Max emp.,Sliding scale,957137.033,12621.50544,0.01479952
2024,17,Illinois,Total,White,Max emp.,Fixed (7%),957137.033,7568.881726,0.00892789
2024,18,Indiana,Total,White,Universal,Sliding scale,698236.12,25992.84989,0.04113014
2024,18,Indiana,Total,White,Universal,Fixed (7%),698236.12,18646.85499,0.02985312
2024,18,Indiana,Total,White,Partial emp.,Sliding scale,698236.12,24718.65997,0.03919293
2024,18,Indiana,Total,White,Partial emp.,Fixed (7%),698236.12,17490.97698,0.0280545
2024,18,Indiana,Total,White,Max emp.,Sliding scale,698236.12,16026.23125,0.02576567
2024,18,Indiana,Total,White,Max emp.,Fixed (7%),698236.12,10791.97797,0.01749771
2024,19,Iowa,Total,White,Universal,Sliding scale,369584.8815,8152.609112,0.02372009
2024,19,Iowa,Total,White,Universal,Fixed (7%),369584.8815,5134.910951,0.0150724
2024,19,Iowa,Total,White,Partial emp.,Sliding scale,369584.8815,7836.703718,0.02282193
2024,19,Iowa,Total,White,Partial emp.,Fixed (7%),369584.8815,4841.517682,0.01422346
2024,19,Iowa,Total,White,Max emp.,Sliding scale,369584.8815,5679.603298,0.01664462
2024,19,Iowa,Total,White,Max emp.,Fixed (7%),369584.8815,3310.07903,0.00976833
2024,20,Kansas,Total,White,Universal,Sliding scale,307816.6425,6946.484169,0.02501129
2024,20,Kansas,Total,White,Universal,Fixed (7%),307816.6425,3972.41191,0.01445776
2024,20,Kansas,Total,White,Partial emp.,Sliding scale,307816.6425,6653.402958,0.02398134
2024,20,Kansas,Total,White,Partial emp.,Fixed (7%),307816.6425,3737.07228,0.01361289
2024,20,Kansas,Total,White,Max emp.,Sliding scale,307816.6425,4276.736366,0.01554814
2024,20,Kansas,Total,White,Max emp.,Fixed (7%),307816.6425,2148.616191,0.00787223
2024,21,Kentucky,Total,White,Universal,Sliding scale,500003.8629,15865.6932,0.03635085
2024,21,Kentucky,Total,White,Universal,Fixed (7%),500003.8629,10569.5171,0.02451392
2024,21,Kentucky,Total,White,Partial emp.,Sliding scale,500003.8629,14432.59831,0.03317633
2024,21,Kentucky,Total,White,Partial emp.,Fixed (7%),500003.8629,9332.20566,0.02170651
2024,21,Kentucky,Total,White,Max emp.,Sliding scale,500003.8629,8961.617612,0.02086251
2024,21,Kentucky,Total,White,Max emp.,Fixed (7%),500003.8629,5443.546039,0.01277714
2024,22,Louisiana,Total,White,Universal,Sliding scale,365198.8184,11690.15201,0.03603533
2024,22,Louisiana,Total,White,Universal,Fixed (7%),365198.8184,8017.942303,0.02499858
2024,22,Louisiana,Total,White,Partial emp.,Sliding scale,365198.8184,10985.44387,0.03393676
2024,22,Louisiana,Total,White,Partial emp.,Fixed (7%),365198.8184,7402.585573,0.02312437
2024,22,Louisiana,Total,White,Max emp.,Sliding scale,365198.8184,6882.072057,0.02153339
2024,22,Louisiana,Total,White,Max emp.,Fixed (7%),365198.8184,4432.735383,0.01397675
2024,23,Maine,Total,White,Universal,Sliding scale,158635.1755,5304.970768,0.03764462
2024,23,Maine,Total,White,Universal,Fixed (7%),158635.1755,3779.41639,0.02711264
2024,23,Maine,Total,White,Partial emp.,Sliding scale,158635.1755,4987.971098,0.03547496
2024,23,Maine,Total,White,Partial emp.,Fixed (7%),158635.1755,3494.107494,0.02511731
2024,23,Maine,Total,White,Max emp.,Sliding scale,158635.1755,3233.721107,0.02328912
2024,23,Maine,Total,White,Max emp.,Fixed (7%),158635.1755,2181.287818,0.01582952
2024,24,Maryland,Total,White,Universal,Sliding scale,384503.1354,10107.84179,0.02870814
2024,24,Maryland,Total,White,Universal,Fixed (7%),384503.1354,7107.283839,0.02035951
2024,24,Maryland,Total,White,Partial emp.,Sliding scale,384503.1354,9775.148646,0.02778949
2024,24,Maryland,Total,White,Partial emp.,Fixed (7%),384503.1354,6805.835399,0.01951283
2024,24,Maryland,Total,White,Max emp.,Sliding scale,384503.1354,6570.209957,0.01885001
2024,24,Maryland,Total,White,Max emp.,Fixed (7%),384503.1354,4393.81833,0.01268512
2024,25,Massachusetts,Total,White,Universal,Sliding scale,552943.9215,16736.98889,0.03234451
2024,25,Massachusetts,Total,White,Universal,Fixed (7%),552943.9215,12581.81829,0.0245114
2024,25,Massachusetts,Total,White,Partial emp.,Sliding scale,552943.9215,16079.82055,0.03111404
2024,25,Massachusetts,Total,White,Partial emp.,Fixed (7%),552943.9215,11974.06417,0.02335505
2024,25,Massachusetts,Total,White,Max emp.,Sliding scale,552943.9215,11709.8187,0.02285143
2024,25,Massachusetts,Total,White,Max emp.,Fixed (7%),552943.9215,8478.229352,0.01665006
2024,26,Michigan,Total,White,Universal,Sliding scale,936603.8165,32039.37477,0.03841847
2024,26,Michigan,Total,White,Universal,Fixed (7%),936603.8165,21970.354,0.02666666
2024,26,Michigan,Total,White,Partial emp.,Sliding scale,936603.8165,30461.90258,0.03659614
2024,26,Michigan,Total,White,Partial emp.,Fixed (7%),936603.8165,20563.55328,0.02500183
2024,26,Michigan,Total,White,Max emp.,Sliding scale,936603.8165,18850.16566,0.02296649
2024,26,Michigan,Total,White,Max emp.,Fixed (7%),936603.8165,12043.36426,0.01479599
2024,27,Minnesota,Total,White,Universal,Sliding scale,598112.7233,16991.91078,0.0302189
2024,27,Minnesota,Total,White,Universal,Fixed (7%),598112.7233,12657.08698,0.0226846
2024,27,Minnesota,Total,White,Partial emp.,Sliding scale,598112.7233,16734.08963,0.02977403
2024,27,Minnesota,Total,White,Partial emp.,Fixed (7%),598112.7233,12419.78703,0.02226877
2024,27,Minnesota,Total,White,Max emp.,Sliding scale,598112.7233,12190.91125,0.02186737
2024,27,Minnesota,Total,White,Max emp.,Fixed (7%),598112.7233,8743.004426,0.01578031
2024,28,Mississippi,Total,White,Universal,Sliding scale,236430.6913,5776.090195,0.02813082
2024,28,Mississippi,Total,White,Universal,Fixed (7%),236430.6913,3406.597427,0.01678457
2024,28,Mississippi,Total,White,Partial emp.,Sliding scale,236430.6913,5370.763178,0.02620852
2024,28,Mississippi,Total,White,Partial emp.,Fixed (7%),236430.6913,3037.136448,0.01499149
2024,28,Mississippi,Total,White,Max emp.,Sliding scale,236430.6913,3523.934941,0.01735266
2024,28,Mississippi,Total,White,Max emp.,Fixed (7%),236430.6913,1870.153409,0.00928468
2024,29,Missouri,Total,White,Universal,Sliding scale,673813.2967,21314.92973,0.03508573
2024,29,Missouri,Total,White,Universal,Fixed (7%),673813.2967,14681.41661,0.02443334
2024,29,Missouri,Total,White,Partial emp.,Sliding scale,673813.2967,20245.52693,0.03338419
2024,29,Missouri,Total,White,Partial emp.,Fixed (7%),673813.2967,13729.92086,0.02288606
2024,29,Missouri,Total,White,Max emp.,Sliding scale,673813.2967,13708.09867,0.02285052
2024,29,Missouri,Total,White,Max emp.,Fixed (7%),673813.2967,8856.424195,0.01488346
2024,30,Montana,Total,White,Universal,Sliding scale,130934.4707,5648.633625,0.04841422
2024,30,Montana,Total,White,Universal,Fixed (7%),130934.4707,4388.181001,0.03802169
2024,30,Montana,Total,White,Partial emp.,Sliding scale,130934.4707,5247.492739,0.04513123
2024,30,Montana,Total,White,Partial emp.,Fixed (7%),130934.4707,4046.761513,0.03516747
2024,30,Montana,Total,White,Max emp.,Sliding scale,130934.4707,3457.097499,0.03019787
2024,30,Montana,Total,White,Max emp.,Fixed (7%),130934.4707,2586.859414,0.02276939
2024,31,Nebraska,Total,White,Universal,Sliding scale,224435.2643,7293.9108,0.03523948
2024,31,Nebraska,Total,White,Universal,Fixed (7%),224435.2643,5450.787115,0.0265713
2024,31,Nebraska,Total,White,Partial emp.,Sliding scale,224435.2643,7117.098407,0.03441463
2024,31,Nebraska,Total,White,Partial emp.,Fixed (7%),224435.2643,5283.5213,0.02577694
2024,31,Nebraska,Total,White,Max emp.,Sliding scale,224435.2643,4976.060265,0.02431339
2024,31,Nebraska,Total,White,Max emp.,Fixed (7%),224435.2643,3554.101628,0.01748709
2024,32,Nevada,Total,White,Universal,Sliding scale,155233.89,6613.65544,0.04772784
2024,32,Nevada,Total,White,Universal,Fixed (7%),155233.89,5180.249675,0.03777433
2024,32,Nevada,Total,White,Partial emp.,Sliding scale,155233.89,6365.462645,0.04601916
2024,32,Nevada,Total,White,Partial emp.,Fixed (7%),155233.89,4956.441007,0.0362014
2024,32,Nevada,Total,White,Max emp.,Sliding scale,155233.89,4111.190833,0.0302143
2024,32,Nevada,Total,White,Max emp.,Fixed (7%),155233.89,3207.571307,0.02373094
2024,33,New Hampshire,Total,White,Universal,Sliding scale,146085.0355,4654.542641,0.0346367
2024,33,New Hampshire,Total,White,Universal,Fixed (7%),146085.0355,3155.741493,0.02374827
2024,33,New Hampshire,Total,White,Partial emp.,Sliding scale,146085.0355,4533.893742,0.03376921
2024,33,New Hampshire,Total,White,Partial emp.,Fixed (7%),146085.0355,3047.632213,0.02295337
2024,33,New Hampshire,Total,White,Max emp.,Sliding scale,146085.0355,3368.056122,0.02530559
2024,33,New Hampshire,Total,White,Max emp.,Fixed (7%),146085.0355,2168.569885,0.01644153
2024,34,New Jersey,Total,White,Universal,Sliding scale,602646,17122.94077,0.03128695
2024,34,New Jersey,Total,White,Universal,Fixed (7%),602646,12042.6174,0.02221038
2024,34,New Jersey,Total,White,Partial emp.,Sliding scale,602646,16436.54251,0.03007048
2024,34,New Jersey,Total,White,Partial emp.,Fixed (7%),602646,11433.75465,0.02111116
2024,34,New Jersey,Total,White,Max emp.,Sliding scale,602646,11199.70572,0.02068795
2024,34,New Jersey,Total,White,Max emp.,Fixed (7%),602646,7511.194913,0.01396976
2024,35,New Mexico,Total,White,Universal,Sliding scale,73666.79844,2170.940138,0.03373093
2024,35,New Mexico,Total,White,Universal,Fixed (7%),73666.79844,1510.818786,0.02371757
2024,35,New Mexico,Total,White,Partial emp.,Sliding scale,73666.79844,2009.710824,0.03130425
2024,35,New Mexico,Total,White,Partial emp.,Fixed (7%),73666.79844,1377.21979,0.02166571
2024,35,New Mexico,Total,White,Max emp.,Sliding scale,73666.79844,1040.169046,0.01645063
2024,35,New Mexico,Total,White,Max emp.,Fixed (7%),73666.79844,678.9699195,0.01079983
2024,36,New York,Total,White,Universal,Sliding scale,1236310.203,50843.53476,0.0448607
2024,36,New York,Total,White,Universal,Fixed (7%),1236310.203,40423.44445,0.03599772
2024,36,New York,Total,White,Partial emp.,Sliding scale,1236310.203,48495.38829,0.0428777
2024,36,New York,Total,White,Partial emp.,Fixed (7%),1236310.203,38273.64946,0.03414867
2024,36,New York,Total,White,Max emp.,Sliding scale,1236310.203,31411.29449,0.02819857
2024,36,New York,Total,White,Max emp.,Fixed (7%),1236310.203,24151.77974,0.02182378
2024,37,North Carolina,Total,White,Universal,Sliding scale,900913.3728,22625.45375,0.02902226
2024,37,North Carolina,Total,White,Universal,Fixed (7%),900913.3728,14231.27629,0.01845353
2024,37,North Carolina,Total,White,Partial emp.,Sliding scale,900913.3728,21291.24292,0.02735766
2024,37,North Carolina,Total,White,Partial emp.,Fixed (7%),900913.3728,13035.78179,0.01692959
2024,37,North Carolina,Total,White,Max emp.,Sliding scale,900913.3728,12040.27582,0.01565697
2024,37,North Carolina,Total,White,Max emp.,Fixed (7%),900913.3728,6870.449939,0.00899468
2024,38,North Dakota,Total,White,Universal,Sliding scale,95348.99996,2774.452713,0.03113394
2024,38,North Dakota,Total,White,Universal,Fixed (7%),95348.99996,1943.105787,0.02201019
2024,38,North Dakota,Total,White,Partial emp.,Sliding scale,95348.99996,2734.016491,0.0306941
2024,38,North Dakota,Total,White,Partial emp.,Fixed (7%),95348.99996,1907.38132,0.02161427
2024,38,North Dakota,Total,White,Max emp.,Sliding scale,95348.99996,2080.582147,0.02353078
2024,38,North Dakota,Total,White,Max emp.,Fixed (7%),95348.99996,1396.26823,0.01591456
2024,39,Ohio,Total,White,Universal,Sliding scale,1185241.943,44489.69922,0.04215768
2024,39,Ohio,Total,White,Universal,Fixed (7%),1185241.943,32891.35043,0.03151363
2024,39,Ohio,Total,White,Partial emp.,Sliding scale,1185241.943,41955.89442,0.03985237
2024,39,Ohio,Total,White,Partial emp.,Fixed (7%),1185241.943,30575.61438,0.02936003
2024,39,Ohio,Total,White,Max emp.,Sliding scale,1185241.943,26302.77868,0.02536113
2024,39,Ohio,Total,White,Max emp.,Fixed (7%),1185241.943,18403.66212,0.01788099
2024,40,Oklahoma,Total,White,Universal,Sliding scale,349867.4333,14477.42331,0.04709986
2024,40,Oklahoma,Total,White,Universal,Fixed (7%),349867.4333,10685.27996,0.03519699
2024,40,Oklahoma,Total,White,Partial emp.,Sliding scale,349867.4333,13615.58889,0.04442057
2024,40,Oklahoma,Total,White,Partial emp.,Fixed (7%),349867.4333,9889.065145,0.03265994
2024,40,Oklahoma,Total,White,Max emp.,Sliding scale,349867.4333,7880.961675,0.02620168
2024,40,Oklahoma,Total,White,Max emp.,Fixed (7%),349867.4333,5418.304312,0.01816284
2024,41,Oregon,Total,White,Universal,Sliding scale,369897.1789,10211.78547,0.03112041
2024,41,Oregon,Total,White,Universal,Fixed (7%),369897.1789,7049.628801,0.02169279
2024,41,Oregon,Total,White,Partial emp.,Sliding scale,369897.1789,9570.217959,0.02922237
2024,41,Oregon,Total,White,Partial emp.,Fixed (7%),369897.1789,6520.443255,0.02009713
2024,41,Oregon,Total,White,Max emp.,Sliding scale,369897.1789,5811.840985,0.0179523
2024,41,Oregon,Total,White,Max emp.,Fixed (7%),369897.1789,3715.68047,0.01155223
2024,42,Pennsylvania,Total,White,Universal,Sliding scale,1174425,40663.61704,0.03808715
2024,42,Pennsylvania,Total,White,Universal,Fixed (7%),1174425,29491.44692,0.02791496
2024,42,Pennsylvania,Total,White,Partial emp.,Sliding scale,1174425,38618.03485,0.03624061
2024,42,Pennsylvania,Total,White,Partial emp.,Fixed (7%),1174425,27624.39842,0.02619401
2024,42,Pennsylvania,Total,White,Max emp.,Sliding scale,1174425,25688.42555,0.02440308
2024,42,Pennsylvania,Total,White,Max emp.,Fixed (7%),1174425,17685.39711,0.0169292
2024,44,Rhode Island,Total,White,Universal,Sliding scale,82515.00003,1580.300698,0.02046881
2024,44,Rhode Island,Total,White,Universal,Fixed (7%),82515.00003,1074.2156,0.01400556
2024,44,Rhode Island,Total,White,Partial emp.,Sliding scale,82515.00003,1482.083976,0.01922111
2024,44,Rhode Island,Total,White,Partial emp.,Fixed (7%),82515.00003,985.676592,0.01286605
2024,44,Rhode Island,Total,White,Max emp.,Sliding scale,82515.00003,1061.736721,0.01384512
2024,44,Rhode Island,Total,White,Max emp.,Fixed (7%),82515.00003,688.2745576,0.00901907
2024,45,South Carolina,Total,White,Universal,Sliding scale,449641.1075,14584.81794,0.03676563
2024,45,South Carolina,Total,White,Universal,Fixed (7%),449641.1075,9917.360759,0.02529748
2024,45,South Carolina,Total,White,Partial emp.,Sliding scale,449641.1075,13682.15927,0.03456885
2024,45,South Carolina,Total,White,Partial emp.,Fixed (7%),449641.1075,9129.935398,0.02333576
2024,45,South Carolina,Total,White,Max emp.,Sliding scale,449641.1075,8511.949356,0.02179063
2024,45,South Carolina,Total,White,Max emp.,Fixed (7%),449641.1075,5371.369191,0.01386218
2024,46,South Dakota,Total,White,Universal,Sliding scale,107877.4745,2332.073747,0.02314157
2024,46,South Dakota,Total,White,Universal,Fixed (7%),107877.4745,1437.765744,0.01439494
2024,46,South Dakota,Total,White,Partial emp.,Sliding scale,107877.4745,2225.745105,0.02210978
2024,46,South Dakota,Total,White,Partial emp.,Fixed (7%),107877.4745,1347.036096,0.01349882
2024,46,South Dakota,Total,White,Max emp.,Sliding scale,107877.4745,1710.144124,0.01707543
2024,46,South Dakota,Total,White,Max emp.,Fixed (7%),107877.4745,995.8241782,0.01001452
2024,47,Tennessee,Total,White,Universal,Sliding scale,701625.8038,16587.85683,0.02767887
2024,47,Tennessee,Total,White,Universal,Fixed (7%),701625.8038,9730.467109,0.01642441
2024,47,Tennessee,Total,White,Partial emp.,Sliding scale,701625.8038,15596.19529,0.02606729
2024,47,Tennessee,Total,White,Partial emp.,Fixed (7%),701625.8038,8923.582709,0.01508298
2024,47,Tennessee,Total,White,Max emp.,Sliding scale,701625.8038,8651.046794,0.01462907
2024,47,Tennessee,Total,White,Max emp.,Fixed (7%),701625.8038,4494.744601,0.00765449
2024,48,Texas,Total,White,Universal,Sliding scale,1684694.014,46912.48136,0.03191224
2024,48,Texas,Total,White,Universal,Fixed (7%),1684694.014,31260.1493,0.02149359
2024,48,Texas,Total,White,Partial emp.,Sliding scale,1684694.014,44600.12505,0.03038706
2024,48,Texas,Total,White,Partial emp.,Fixed (7%),1684694.014,29238.07709,0.02013126
2024,48,Texas,Total,White,Max emp.,Sliding scale,1684694.014,26825.21301,0.01850067
2024,48,Texas,Total,White,Max emp.,Fixed (7%),1684694.014,17030.68297,0.01182551
2024,49,Utah,Total,White,Universal,Sliding scale,418571.0404,16790.30611,0.04793125
2024,49,Utah,Total,White,Universal,Fixed (7%),418571.0404,11522.1709,0.03339454
2024,49,Utah,Total,White,Partial emp.,Sliding scale,418571.0404,16109.78473,0.04607809
2024,49,Utah,Total,White,Partial emp.,Fixed (7%),418571.0404,10897.03528,0.03164004
2024,49,Utah,Total,White,Max emp.,Sliding scale,418571.0404,8789.514715,0.02567789
2024,49,Utah,Total,White,Max emp.,Fixed (7%),418571.0404,5604.462766,0.01652679
2024,50,Vermont,Total,White,Universal,Sliding scale,76170.67945,2984.355356,0.04171867
2024,50,Vermont,Total,White,Universal,Fixed (7%),76170.67945,2382.553974,0.03358858
2024,50,Vermont,Total,White,Partial emp.,Sliding scale,76170.67945,2944.578199,0.04118552
2024,50,Vermont,Total,White,Partial emp.,Fixed (7%),76170.67945,2348.269218,0.03312126
2024,50,Vermont,Total,White,Max emp.,Sliding scale,76170.67945,2142.16332,0.03030232
2024,50,Vermont,Total,White,Max emp.,Fixed (7%),76170.67945,1667.147478,0.02374244
2024,51,Virginia,Total,White,Universal,Sliding scale,701832.7627,20857.73109,0.03362506
2024,51,Virginia,Total,White,Universal,Fixed (7%),701832.7627,14782.72713,0.02406716
2024,51,Virginia,Total,White,Partial emp.,Sliding scale,701832.7627,20052.52817,0.032369
2024,51,Virginia,Total,White,Partial emp.,Fixed (7%),701832.7627,14045.99375,0.02289518
2024,51,Virginia,Total,White,Max emp.,Sliding scale,701832.7627,12008.39177,0.01963908
2024,51,Virginia,Total,White,Max emp.,Fixed (7%),701832.7627,7977.682713,0.01313365
2024,53,Washington,Total,White,Universal,Sliding scale,651859.663,27307.3966,0.04768466
2024,53,Washington,Total,White,Universal,Fixed (7%),651859.663,20916.98629,0.0369378
2024,53,Washington,Total,White,Partial emp.,Sliding scale,651859.663,25926.05107,0.045382
2024,53,Washington,Total,White,Partial emp.,Fixed (7%),651859.663,19668.89817,0.0348105
2024,53,Washington,Total,White,Max emp.,Sliding scale,651859.663,15081.88694,0.02691076
2024,53,Washington,Total,White,Max emp.,Fixed (7%),651859.663,11031.74698,0.01982734
2024,54,West Virginia,Total,White,Universal,Sliding scale,202262.0046,9329.571111,0.05279366
2024,54,West Virginia,Total,White,Universal,Fixed (7%),202262.0046,6850.126604,0.03931472
2024,54,West Virginia,Total,White,Partial emp.,Sliding scale,202262.0046,8655.657648,0.04916765
2024,54,West Virginia,Total,White,Partial emp.,Fixed (7%),202262.0046,6224.736793,0.03585413
2024,54,West Virginia,Total,White,Max emp.,Sliding scale,202262.0046,5303.92504,0.03071321
2024,54,West Virginia,Total,White,Max emp.,Fixed (7%),202262.0046,3776.949786,0.02206613
2024,55,Wisconsin,Total,White,Universal,Sliding scale,598865.139,19533.81069,0.03511383
2024,55,Wisconsin,Total,White,Universal,Fixed (7%),598865.139,14582.99644,0.02644968
2024,55,Wisconsin,Total,White,Partial emp.,Sliding scale,598865.139,18922.04291,0.03405157
2024,55,Wisconsin,Total,White,Partial emp.,Fixed (7%),598865.139,14029.33692,0.02547106
2024,55,Wisconsin,Total,White,Max emp.,Sliding scale,598865.139,13444.0025,0.02443432
2024,55,Wisconsin,Total,White,Max emp.,Fixed (7%),598865.139,9604.523732,0.01757878
2024,56,Wyoming,Total,White,Universal,Sliding scale,72798.59282,2149.770337,0.03283123
2024,56,Wyoming,Total,White,Universal,Fixed (7%),72798.59282,1495.39733,0.0230682
2024,56,Wyoming,Total,White,Partial emp.,Sliding scale,72798.59282,2025.293523,0.03098913
2024,56,Wyoming,Total,White,Partial emp.,Fixed (7%),72798.59282,1378.334757,0.02130084
2024,56,Wyoming,Total,White,Max emp.,Sliding scale,72798.59282,1062.044676,0.0164935
2024,56,Wyoming,Total,White,Max emp.,Fixed (7%),72798.59282,691.4732404,0.0108007
2024,99999,United States,Total,White,Universal,Sliding scale,24985588.9,784137.8739,0.03522013
2024,99999,United States,Total,White,Universal,Fixed (7%),24985588.9,554837.4448,0.02518027
2024,99999,United States,Total,White,Partial emp.,Sliding scale,24985588.9,745428.4471,0.03353979
2024,99999,United States,Total,White,Partial emp.,Fixed (7%),24985588.9,520258.4229,0.02364808
2024,99999,United States,Total,White,Max emp.,Sliding scale,24985588.9,469303.3865,0.02138147
2024,99999,United States,Total,White,Max emp.,Fixed (7%),24985588.9,314406.5992,0.01442617
2024,1,Alabama,Total,Black,Universal,Sliding scale,137393.5997,3729.539407,0.03149863
2024,1,Alabama,Total,Black,Universal,Fixed (7%),137393.5997,2840.934089,0.02417515
2024,1,Alabama,Total,Black,Partial emp.,Sliding scale,137393.5997,2929.455598,0.02490967
2024,1,Alabama,Total,Black,Partial emp.,Fixed (7%),137393.5997,2107.388444,0.01804563
2024,1,Alabama,Total,Black,Max emp.,Sliding scale,137393.5997,2252.920706,0.01926782
2024,1,Alabama,Total,Black,Max emp.,Fixed (7%),137393.5997,1588.277345,0.0136612
2024,2,Alaska,Total,Black,Universal,Sliding scale,4076.999993,0,0
2024,2,Alaska,Total,Black,Universal,Fixed (7%),4076.999993,0,0
2024,2,Alaska,Total,Black,Partial emp.,Sliding scale,4076.999993,0,0
2024,2,Alaska,Total,Black,Partial emp.,Fixed (7%),4076.999993,0,0
2024,2,Alaska,Total,Black,Max emp.,Sliding scale,4076.999993,0,0
2024,2,Alaska,Total,Black,Max emp.,Fixed (7%),4076.999993,0,0
2024,4,Arizona,Total,Black,Universal,Sliding scale,47784.99941,1294.233516,0.0303638
2024,4,Arizona,Total,Black,Universal,Fixed (7%),47784.99941,1012.907864,0.02392155
2024,4,Arizona,Total,Black,Partial emp.,Sliding scale,47784.99941,1104.368673,0.02602534
2024,4,Arizona,Total,Black,Partial emp.,Fixed (7%),47784.99941,851.1950022,0.02017949
2024,4,Arizona,Total,Black,Max emp.,Sliding scale,47784.99941,929.2267364,0.02198873
2024,4,Arizona,Total,Black,Max emp.,Fixed (7%),47784.99941,700.2534267,0.0166607
2024,5,Arkansas,Total,Black,Universal,Sliding scale,53029.58999,1422.660483,0.03006767
2024,5,Arkansas,Total,Black,Universal,Fixed (7%),53029.58999,1097.304689,0.02335191
2024,5,Arkansas,Total,Black,Partial emp.,Sliding scale,53029.58999,1136.569713,0.02416732
2024,5,Arkansas,Total,Black,Partial emp.,Fixed (7%),53029.58999,828.8567264,0.01774038
2024,5,Arkansas,Total,Black,Max emp.,Sliding scale,53029.58999,928.8932629,0.01983902
2024,5,Arkansas,Total,Black,Max emp.,Fixed (7%),53029.58999,660.9501467,0.01419762
2024,6,California,Total,Black,Universal,Sliding scale,212064.0059,5907.215189,0.03297868
2024,6,California,Total,Black,Universal,Fixed (7%),212064.0059,4945.586676,0.02775915
2024,6,California,Total,Black,Partial emp.,Sliding scale,212064.0059,4785.712126,0.02688591
2024,6,California,Total,Black,Partial emp.,Fixed (7%),212064.0059,3880.735135,0.0219132
2024,6,California,Total,Black,Max emp.,Sliding scale,212064.0059,3408.919486,0.01930044
2024,6,California,Total,Black,Max emp.,Fixed (7%),212064.0059,2766.045825,0.01571786
2024,8,Colorado,Total,Black,Universal,Sliding scale,34612.00737,1489.189515,0.04759285
2024,8,Colorado,Total,Black,Universal,Fixed (7%),34612.00737,1327.941094,0.04265936
2024,8,Colorado,Total,Black,Partial emp.,Sliding scale,34612.00737,1389.038121,0.04453466
2024,8,Colorado,Total,Black,Partial emp.,Fixed (7%),34612.00737,1239.033579,0.03991727
2024,8,Colorado,Total,Black,Max emp.,Sliding scale,34612.00737,800.8790624,0.0261709
2024,8,Colorado,Total,Black,Max emp.,Fixed (7%),34612.00737,672.6108107,0.02207191
2024,9,Connecticut,Total,Black,Universal,Sliding scale,48878.00001,1049.004481,0.02381719
2024,9,Connecticut,Total,Black,Universal,Fixed (7%),48878.00001,824.5899471,0.01881784
2024,9,Connecticut,Total,Black,Partial emp.,Sliding scale,48878.00001,987.5833636,0.02245396
2024,9,Connecticut,Total,Black,Partial emp.,Fixed (7%),48878.00001,768.1818161,0.01755315
2024,9,Connecticut,Total,Black,Max emp.,Sliding scale,48878.00001,738.3304825,0.01688256
2024,9,Connecticut,Total,Black,Max emp.,Fixed (7%),48878.00001,560.3627425,0.01286553
2024,10,Delaware,Total,Black,Universal,Sliding scale,28523,538.4416911,0.01930629
2024,10,Delaware,Total,Black,Universal,Fixed (7%),28523,378.7374535,0.01365817
2024,10,Delaware,Total,Black,Partial emp.,Sliding scale,28523,531.9326147,0.01907736
2024,10,Delaware,Total,Black,Partial emp.,Fixed (7%),28523,372.2493295,0.01342733
2024,10,Delaware,Total,Black,Max emp.,Sliding scale,28523,447.2566751,0.01608938
2024,10,Delaware,Total,Black,Max emp.,Fixed (7%),28523,299.4899034,0.01083127
2024,11,District of Columbia,Total,Black,Universal,Sliding scale,30534,1307.305474,0.05248051
2024,11,District of Columbia,Total,Black,Universal,Fixed (7%),30534,1198.952815,0.04834107
2024,11,District of Columbia,Total,Black,Partial emp.,Sliding scale,30534,754.3984655,0.03097205
2024,11,District of Columbia,Total,Black,Partial emp.,Fixed (7%),30534,655.1513577,0.02700747
2024,11,District of Columbia,Total,Black,Max emp.,Sliding scale,30534,623.03859,0.02571772
2024,11,District of Columbia,Total,Black,Max emp.,Fixed (7%),30534,535.9122481,0.02220118
2024,12,Florida,Total,Black,Universal,Sliding scale,412061.7822,11030.38745,0.03022436
2024,12,Florida,Total,Black,Universal,Fixed (7%),412061.7822,8400.052747,0.02318407
2024,12,Florida,Total,Black,Partial emp.,Sliding scale,412061.7822,9335.817558,0.0257004
2024,12,Florida,Total,Black,Partial emp.,Fixed (7%),412061.7822,6819.219353,0.01890346
2024,12,Florida,Total,Black,Max emp.,Sliding scale,412061.7822,6699.457603,0.01857764
2024,12,Florida,Total,Black,Max emp.,Fixed (7%),412061.7822,4687.699286,0.01307195
2024,13,Georgia,Total,Black,Universal,Sliding scale,417635.9649,7681.016852,0.02084485
2024,13,Georgia,Total,Black,Universal,Fixed (7%),417635.9649,5232.244522,0.01429433
2024,13,Georgia,Total,Black,Partial emp.,Sliding scale,417635.9649,6474.575734,0.01762851
2024,13,Georgia,Total,Black,Partial emp.,Fixed (7%),417635.9649,4150.779675,0.01137341
2024,13,Georgia,Total,Black,Max emp.,Sliding scale,417635.9649,4980.000584,0.01361459
2024,13,Georgia,Total,Black,Max emp.,Fixed (7%),417635.9649,3079.16406,0.00846196
2024,15,Hawaii,Total,Black,Universal,Sliding scale,3558.999999,60.98905642,0.02173532
2024,15,Hawaii,Total,Black,Universal,Fixed (7%),3558.999999,46.91819533,0.016805
2024,15,Hawaii,Total,Black,Partial emp.,Sliding scale,3558.999999,60.3726336,0.02152036
2024,15,Hawaii,Total,Black,Partial emp.,Fixed (7%),3558.999999,46.35430381,0.01660638
2024,15,Hawaii,Total,Black,Max emp.,Sliding scale,3558.999999,13.5661441,0.00491782
2024,15,Hawaii,Total,Black,Max emp.,Fixed (7%),3558.999999,10.63166605,0.00385816
2024,16,Idaho,Total,Black,Universal,Sliding scale,1750.008508,55.43561739,0.03589357
2024,16,Idaho,Total,Black,Universal,Fixed (7%),1750.008508,42.04254053,0.02745992
2024,16,Idaho,Total,Black,Partial emp.,Sliding scale,1750.008508,55.43561739,0.03589357
2024,16,Idaho,Total,Black,Partial emp.,Fixed (7%),1750.008508,42.04254053,0.02745992
2024,16,Idaho,Total,Black,Max emp.,Sliding scale,1750.008508,54.71536772,0.03544375
2024,16,Idaho,Total,Black,Max emp.,Fixed (7%),1750.008508,41.42810972,0.02706947
2024,17,Illinois,Total,Black,Universal,Sliding scale,185151.0151,3441.63947,0.02051444
2024,17,Illinois,Total,Black,Universal,Fixed (7%),185151.0151,2579.853276,0.01545703
2024,17,Illinois,Total,Black,Partial emp.,Sliding scale,185151.0151,2981.188397,0.01781876
2024,17,Illinois,Total,Black,Partial emp.,Fixed (7%),185151.0151,2144.948511,0.0128849
2024,17,Illinois,Total,Black,Max emp.,Sliding scale,185151.0151,2200.158467,0.01321217
2024,17,Illinois,Total,Black,Max emp.,Fixed (7%),185151.0151,1519.660316,0.00916315
2024,18,Indiana,Total,Black,Universal,Sliding scale,82700.0451,2415.583861,0.03373268
2024,18,Indiana,Total,Black,Universal,Fixed (7%),82700.0451,1921.113491,0.02701413
2024,18,Indiana,Total,Black,Partial emp.,Sliding scale,82700.0451,1989.536215,0.02794938
2024,18,Indiana,Total,Black,Partial emp.,Fixed (7%),82700.0451,1514.594266,0.02142022
2024,18,Indiana,Total,Black,Max emp.,Sliding scale,82700.0451,1606.97596,0.02269708
2024,18,Indiana,Total,Black,Max emp.,Fixed (7%),82700.0451,1225.36726,0.01740099
2024,19,Iowa,Total,Black,Universal,Sliding scale,25257.95341,453.2400135,0.02003874
2024,19,Iowa,Total,Black,Universal,Fixed (7%),25257.95341,353.2929822,0.01568919
2024,19,Iowa,Total,Black,Partial emp.,Sliding scale,25257.95341,429.0946167,0.01899149
2024,19,Iowa,Total,Black,Partial emp.,Fixed (7%),25257.95341,330.5677247,0.01469482
2024,19,Iowa,Total,Black,Max emp.,Sliding scale,25257.95341,291.2051668,0.01296772
2024,19,Iowa,Total,Black,Max emp.,Fixed (7%),25257.95341,213.7609533,0.00955198
2024,20,Kansas,Total,Black,Universal,Sliding scale,18515.0415,292.3898985,0.01858517
2024,20,Kansas,Total,Black,Universal,Fixed (7%),18515.0415,221.1865507,0.01412319
2024,20,Kansas,Total,Black,Partial emp.,Sliding scale,18515.0415,219.1361888,0.01399411
2024,20,Kansas,Total,Black,Partial emp.,Fixed (7%),18515.0415,151.9294462,0.00974408
2024,20,Kansas,Total,Black,Max emp.,Sliding scale,18515.0415,199.2134671,0.01273804
2024,20,Kansas,Total,Black,Max emp.,Fixed (7%),18515.0415,140.3686069,0.0090093
2024,21,Kentucky,Total,Black,Universal,Sliding scale,44009.36268,1050.139687,0.02814308
2024,21,Kentucky,Total,Black,Universal,Fixed (7%),44009.36268,821.5105985,0.02215169
2024,21,Kentucky,Total,Black,Partial emp.,Sliding scale,44009.36268,838.9145113,0.02261037
2024,21,Kentucky,Total,Black,Partial emp.,Fixed (7%),44009.36268,626.8088756,0.01699084
2024,21,Kentucky,Total,Black,Max emp.,Sliding scale,44009.36268,476.8883017,0.01297971
2024,21,Kentucky,Total,Black,Max emp.,Fixed (7%),44009.36268,353.5861899,0.00965614
2024,22,Louisiana,Total,Black,Universal,Sliding scale,155602.6504,4450.084468,0.03310413
2024,22,Louisiana,Total,Black,Universal,Fixed (7%),155602.6504,3557.515729,0.02664121
2024,22,Louisiana,Total,Black,Partial emp.,Sliding scale,155602.6504,3633.326243,0.0271935
2024,22,Louisiana,Total,Black,Partial emp.,Fixed (7%),155602.6504,2789.047927,0.02100727
2024,22,Louisiana,Total,Black,Max emp.,Sliding scale,155602.6504,2697.935544,0.02033496
2024,22,Louisiana,Total,Black,Max emp.,Fixed (7%),155602.6504,2053.394199,0.01555246
2024,23,Maine,Total,Black,Universal,Sliding scale,3392.998897,84.72185438,0.03006751
2024,23,Maine,Total,Black,Universal,Fixed (7%),3392.998897,73.03373292,0.0260274
2024,23,Maine,Total,Black,Partial emp.,Sliding scale,3392.998897,68.26586102,0.02436966
2024,23,Maine,Total,Black,Partial emp.,Fixed (7%),3392.998897,56.7995002,0.02035971
2024,23,Maine,Total,Black,Max emp.,Sliding scale,3392.998897,52.17371977,0.01873267
2024,23,Maine,Total,Black,Max emp.,Fixed (7%),3392.998897,42.77252554,0.01540924
2024,24,Maryland,Total,Black,Universal,Sliding scale,233481.4746,5133.787969,0.02369184
2024,24,Maryland,Total,Black,Universal,Fixed (7%),233481.4746,4031.69718,0.01870093
2024,24,Maryland,Total,Black,Partial emp.,Sliding scale,233481.4746,4465.460198,0.02067134
2024,24,Maryland,Total,Black,Partial emp.,Fixed (7%),233481.4746,3416.320747,0.01589188
2024,24,Maryland,Total,Black,Max emp.,Sliding scale,233481.4746,3592.052826,0.0166957
2024,24,Maryland,Total,Black,Max emp.,Fixed (7%),233481.4746,2691.439238,0.01256227
2024,25,Massachusetts,Total,Black,Universal,Sliding scale,59330.0119,1667.419053,0.03156411
2024,25,Massachusetts,Total,Black,Universal,Fixed (7%),59330.0119,1407.087029,0.02676796
2024,25,Massachusetts,Total,Black,Partial emp.,Sliding scale,59330.0119,1396.215503,0.02656663
2024,25,Massachusetts,Total,Black,Partial emp.,Fixed (7%),59330.0119,1148.336476,0.02195364
2024,25,Massachusetts,Total,Black,Max emp.,Sliding scale,59330.0119,907.2472441,0.01742486
2024,25,Massachusetts,Total,Black,Max emp.,Fixed (7%),59330.0119,712.2378338,0.01373088
2024,26,Michigan,Total,Black,Universal,Sliding scale,151432.9937,4107.74209,0.03244489
2024,26,Michigan,Total,Black,Universal,Fixed (7%),151432.9937,3275.650822,0.02604381
2024,26,Michigan,Total,Black,Partial emp.,Sliding scale,151432.9937,3312.783929,0.02633127
2024,26,Michigan,Total,Black,Partial emp.,Fixed (7%),151432.9937,2523.796238,0.02018669
2024,26,Michigan,Total,Black,Max emp.,Sliding scale,151432.9937,2351.86971,0.01883743
2024,26,Michigan,Total,Black,Max emp.,Fixed (7%),151432.9937,1751.968407,0.01410024
2024,27,Minnesota,Total,Black,Universal,Sliding scale,66740.52344,1929.57938,0.03415778
2024,27,Minnesota,Total,Black,Universal,Fixed (7%),66740.52344,1683.988247,0.02994045
2024,27,Minnesota,Total,Black,Partial emp.,Sliding scale,66740.52344,1568.302223,0.02794108
2024,27,Minnesota,Total,Black,Partial emp.,Fixed (7%),66740.52344,1331.892243,0.02382954
2024,27,Minnesota,Total,Black,Max emp.,Sliding scale,66740.52344,1192.128627,0.02138243
2024,27,Minnesota,Total,Black,Max emp.,Fixed (7%),66740.52344,1003.568251,0.01806143
2024,28,Mississippi,Total,Black,Universal,Sliding scale,116133.5728,2670.323224,0.02678147
2024,28,Mississippi,Total,Black,Universal,Fixed (7%),116133.5728,2006.725359,0.0202609
2024,28,Mississippi,Total,Black,Partial emp.,Sliding scale,116133.5728,2073.772242,0.02092367
2024,28,Mississippi,Total,Black,Partial emp.,Fixed (7%),116133.5728,1442.603264,0.01464867
2024,28,Mississippi,Total,Black,Max emp.,Sliding scale,116133.5728,1730.71552,0.017523
2024,28,Mississippi,Total,Black,Max emp.,Fixed (7%),116133.5728,1187.370306,0.01208828
2024,29,Missouri,Total,Black,Universal,Sliding scale,77684.05754,2140.810662,0.03083459
2024,29,Missouri,Total,Black,Universal,Fixed (7%),77684.05754,1698.745333,0.02462421
2024,29,Missouri,Total,Black,Partial emp.,Sliding scale,77684.05754,1869.385974,0.02703088
2024,29,Missouri,Total,Black,Partial emp.,Fixed (7%),77684.05754,1448.459083,0.02107263
2024,29,Missouri,Total,Black,Max emp.,Sliding scale,77684.05754,1396.91836,0.02033805
2024,29,Missouri,Total,Black,Max emp.,Fixed (7%),77684.05754,1056.734681,0.01546182
2024,30,Montana,Total,Black,Universal,Sliding scale,475.9440005,27.19935342,0.11004357
2024,30,Montana,Total,Black,Universal,Fixed (7%),475.9440005,24.5084838,0.10024818
2024,30,Montana,Total,Black,Partial emp.,Sliding scale,475.9440005,27.19935342,0.11004357
2024,30,Montana,Total,Black,Partial emp.,Fixed (7%),475.9440005,24.5084838,0.10024818
2024,30,Montana,Total,Black,Max emp.,Sliding scale,475.9440005,3.01547074,0.0135232
2024,30,Montana,Total,Black,Max emp.,Fixed (7%),475.9440005,2.326042458,0.01046373
2024,31,Nebraska,Total,Black,Universal,Sliding scale,11975.0096,208,0.01736951
2024,31,Nebraska,Total,Black,Universal,Fixed (7%),11975.0096,208,0.01736951
2024,31,Nebraska,Total,Black,Partial emp.,Sliding scale,11975.0096,208,0.01736951
2024,31,Nebraska,Total,Black,Partial emp.,Fixed (7%),11975.0096,208,0.01736951
2024,31,Nebraska,Total,Black,Max emp.,Sliding scale,11975.0096,208,0.01736951
2024,31,Nebraska,Total,Black,Max emp.,Fixed (7%),11975.0096,208,0.01736951
2024,32,Nevada,Total,Black,Universal,Sliding scale,32295.9524,1199.202229,0.04076539
2024,32,Nevada,Total,Black,Universal,Fixed (7%),32295.9524,1040.588937,0.03556529
2024,32,Nevada,Total,Black,Partial emp.,Sliding scale,32295.9524,1017.582138,0.03480633
2024,32,Nevada,Total,Black,Partial emp.,Fixed (7%),32295.9524,870.4116902,0.02992301
2024,32,Nevada,Total,Black,Max emp.,Sliding scale,32295.9524,729.014184,0.02518447
2024,32,Nevada,Total,Black,Max emp.,Fixed (7%),32295.9524,617.6002372,0.021418
2024,33,New Hampshire,Total,Black,Universal,Sliding scale,3481.999998,41.84297366,0.01538433
2024,33,New Hampshire,Total,Black,Universal,Fixed (7%),3481.999998,30.62315507,0.0113058
2024,33,New Hampshire,Total,Black,Partial emp.,Sliding scale,3481.999998,41.84297366,0.01538433
2024,33,New Hampshire,Total,Black,Partial emp.,Fixed (7%),3481.999998,30.62315507,0.0113058
2024,33,New Hampshire,Total,Black,Max emp.,Sliding scale,3481.999998,19.69050744,0.00729902
2024,33,New Hampshire,Total,Black,Max emp.,Fixed (7%),3481.999998,13.90292616,0.00516472
2024,34,New Jersey,Total,Black,Universal,Sliding scale,149641,3640.210799,0.02639953
2024,34,New Jersey,Total,Black,Universal,Fixed (7%),149641,2824.976319,0.02060914
2024,34,New Jersey,Total,Black,Partial emp.,Sliding scale,149641,3088.835442,0.02249078
2024,34,New Jersey,Total,Black,Partial emp.,Fixed (7%),149641,2305.372112,0.01688245
2024,34,New Jersey,Total,Black,Max emp.,Sliding scale,149641,2234.936925,0.01637509
2024,34,New Jersey,Total,Black,Max emp.,Fixed (7%),149641,1617.442543,0.01190465
2024,35,New Mexico,Total,Black,Universal,Sliding scale,7569.26723,128.9655492,0.01775354
2024,35,New Mexico,Total,Black,Universal,Fixed (7%),7569.26723,100.7083907,0.01391777
2024,35,New Mexico,Total,Black,Partial emp.,Sliding scale,7569.26723,128.634069,0.01770872
2024,35,New Mexico,Total,Black,Partial emp.,Fixed (7%),7569.26723,100.3835751,0.0138735
2024,35,New Mexico,Total,Black,Max emp.,Sliding scale,7569.26723,79.96872302,0.01108334
2024,35,New Mexico,Total,Black,Max emp.,Fixed (7%),7569.26723,55.55719515,0.00772614
2024,36,New York,Total,Black,Universal,Sliding scale,267435.0127,9206.208421,0.03862406
2024,36,New York,Total,Black,Universal,Fixed (7%),267435.0127,7870.377489,0.03320577
2024,36,New York,Total,Black,Partial emp.,Sliding scale,267435.0127,7640.12104,0.03226564
2024,36,New York,Total,Black,Partial emp.,Fixed (7%),267435.0127,6367.484325,0.02703637
2024,36,New York,Total,Black,Max emp.,Sliding scale,267435.0127,5405.004588,0.02304385
2024,36,New York,Total,Black,Max emp.,Fixed (7%),267435.0127,4440.661396,0.0190106
2024,37,North Carolina,Total,Black,Universal,Sliding scale,264626.6174,5894.000021,0.02485844
2024,37,North Carolina,Total,Black,Universal,Fixed (7%),264626.6174,4307.128613,0.01828807
2024,37,North Carolina,Total,Black,Partial emp.,Sliding scale,264626.6174,5024.466563,0.02126911
2024,37,North Carolina,Total,Black,Partial emp.,Fixed (7%),264626.6174,3522.270233,0.01500557
2024,37,North Carolina,Total,Black,Max emp.,Sliding scale,264626.6174,3835.285304,0.01631732
2024,37,North Carolina,Total,Black,Max emp.,Fixed (7%),264626.6174,2598.1882,0.01111254
2024,38,North Dakota,Total,Black,Universal,Sliding scale,7286.999997,200.9749511,0.03420865
2024,38,North Dakota,Total,Black,Universal,Fixed (7%),7286.999997,173.0674912,0.02959902
2024,38,North Dakota,Total,Black,Partial emp.,Sliding scale,7286.999997,200.9749511,0.03420865
2024,38,North Dakota,Total,Black,Partial emp.,Fixed (7%),7286.999997,173.0674912,0.02959902
2024,38,North Dakota,Total,Black,Max emp.,Sliding scale,7286.999997,134.7696931,0.02320107
2024,38,North Dakota,Total,Black,Max emp.,Fixed (7%),7286.999997,114.4009245,0.01976382
2024,39,Ohio,Total,Black,Universal,Sliding scale,182648.0094,6053.081856,0.03735984
2024,39,Ohio,Total,Black,Universal,Fixed (7%),182648.0094,5073.987121,0.03150723
2024,39,Ohio,Total,Black,Partial emp.,Sliding scale,182648.0094,5060.045757,0.03142338
2024,39,Ohio,Total,Black,Partial emp.,Fixed (7%),182648.0094,4124.611907,0.02576391
2024,39,Ohio,Total,Black,Max emp.,Sliding scale,182648.0094,3895.896616,0.02437008
2024,39,Ohio,Total,Black,Max emp.,Fixed (7%),182648.0094,3120.312905,0.01961372
2024,40,Oklahoma,Total,Black,Universal,Sliding scale,30766.97289,679.270019,0.02475721
2024,40,Oklahoma,Total,Black,Universal,Fixed (7%),30766.97289,519.7922667,0.01905552
2024,40,Oklahoma,Total,Black,Partial emp.,Sliding scale,30766.97289,492.4285769,0.0180705
2024,40,Oklahoma,Total,Black,Partial emp.,Fixed (7%),30766.97289,344.8964514,0.01272545
2024,40,Oklahoma,Total,Black,Max emp.,Sliding scale,30766.97289,388.169994,0.01429926
2024,40,Oklahoma,Total,Black,Max emp.,Fixed (7%),30766.97289,261.1951402,0.00966703
2024,41,Oregon,Total,Black,Universal,Sliding scale,10631.0068,233.1088552,0.02620933
2024,41,Oregon,Total,Black,Universal,Fixed (7%),10631.0068,196.8674168,0.02222513
2024,41,Oregon,Total,Black,Partial emp.,Sliding scale,10631.0068,227.0283873,0.02554315
2024,41,Oregon,Total,Black,Partial emp.,Fixed (7%),10631.0068,191.0137006,0.02157854
2024,41,Oregon,Total,Black,Max emp.,Sliding scale,10631.0068,79.28294241,0.00907097
2024,41,Oregon,Total,Black,Max emp.,Fixed (7%),10631.0068,66.55718904,0.00762609
2024,42,Pennsylvania,Total,Black,Universal,Sliding scale,144641,3804.94727,0.02941569
2024,42,Pennsylvania,Total,Black,Universal,Fixed (7%),144641,3095.063101,0.02405968
2024,42,Pennsylvania,Total,Black,Partial emp.,Sliding scale,144641,3264.344576,0.02534225
2024,42,Pennsylvania,Total,Black,Partial emp.,Fixed (7%),144641,2574.523023,0.02009454
2024,42,Pennsylvania,Total,Black,Max emp.,Sliding scale,144641,2343.849088,0.01832709
2024,42,Pennsylvania,Total,Black,Max emp.,Fixed (7%),144641,1809.016143,0.01420451
2024,44,Rhode Island,Total,Black,Universal,Sliding scale,6373.000002,120.6524502,0.02350684
2024,44,Rhode Island,Total,Black,Universal,Fixed (7%),6373.000002,89.65959885,0.01757459
2024,44,Rhode Island,Total,Black,Partial emp.,Sliding scale,6373.000002,86.70853433,0.01700598
2024,44,Rhode Island,Total,Black,Partial emp.,Fixed (7%),6373.000002,56.10913901,0.01107102
2024,44,Rhode Island,Total,Black,Max emp.,Sliding scale,6373.000002,54.95484808,0.01084573
2024,44,Rhode Island,Total,Black,Max emp.,Fixed (7%),6373.000002,32.91303736,0.006524
2024,45,South Carolina,Total,Black,Universal,Sliding scale,155781.432,4053.091797,0.02957195
2024,45,South Carolina,Total,Black,Universal,Fixed (7%),155781.432,3095.417853,0.02274354
2024,45,South Carolina,Total,Black,Partial emp.,Sliding scale,155781.432,3429.028918,0.02513314
2024,45,South Carolina,Total,Black,Partial emp.,Fixed (7%),155781.432,2509.174294,0.01851588
2024,45,South Carolina,Total,Black,Max emp.,Sliding scale,155781.432,2503.663989,0.01847597
2024,45,South Carolina,Total,Black,Max emp.,Fixed (7%),155781.432,1777.68991,0.01318925
2024,46,South Dakota,Total,Black,Universal,Sliding scale,2384.057889,0,0
2024,46,South Dakota,Total,Black,Universal,Fixed (7%),2384.057889,0,0
2024,46,South Dakota,Total,Black,Partial emp.,Sliding scale,2384.057889,0,0
2024,46,South Dakota,Total,Black,Partial emp.,Fixed (7%),2384.057889,0,0
2024,46,South Dakota,Total,Black,Max emp.,Sliding scale,2384.057889,0,0
2024,46,South Dakota,Total,Black,Max emp.,Fixed (7%),2384.057889,0,0
2024,47,Tennessee,Total,Black,Universal,Sliding scale,126978.4592,2809.086761,0.02547381
2024,47,Tennessee,Total,Black,Universal,Fixed (7%),126978.4592,2079.658104,0.01898467
2024,47,Tennessee,Total,Black,Partial emp.,Sliding scale,126978.4592,2212.808657,0.02017564
2024,47,Tennessee,Total,Black,Partial emp.,Fixed (7%),126978.4592,1538.726164,0.01411635
2024,47,Tennessee,Total,Black,Max emp.,Sliding scale,126978.4592,1635.858996,0.01499409
2024,47,Tennessee,Total,Black,Max emp.,Fixed (7%),126978.4592,1103.13488,0.01016082
2024,48,Texas,Total,Black,Universal,Sliding scale,496146.9539,13135.06019,0.02925246
2024,48,Texas,Total,Black,Universal,Fixed (7%),496146.9539,10122.22746,0.02269501
2024,48,Texas,Total,Black,Partial emp.,Sliding scale,496146.9539,11068.19269,0.02476343
2024,48,Texas,Total,Black,Partial emp.,Fixed (7%),496146.9539,8183.493779,0.01842828
2024,48,Texas,Total,Black,Max emp.,Sliding scale,496146.9539,8441.030153,0.01899721
2024,48,Texas,Total,Black,Max emp.,Fixed (7%),496146.9539,6174.187225,0.01396675
2024,49,Utah,Total,Black,Universal,Sliding scale,5836.992,369.7916504,0.06923921
2024,49,Utah,Total,Black,Universal,Fixed (7%),5836.992,324.9837653,0.06136428
2024,49,Utah,Total,Black,Partial emp.,Sliding scale,5836.992,302.3417997,0.05733409
2024,49,Utah,Total,Black,Partial emp.,Fixed (7%),5836.992,257.644036,0.04927557
2024,49,Utah,Total,Black,Max emp.,Sliding scale,5836.992,180.8232478,0.03509894
2024,49,Utah,Total,Black,Max emp.,Fixed (7%),5836.992,144.9245814,0.02832818
2024,50,Vermont,Total,Black,Universal,Sliding scale,1233.999997,0,0
2024,50,Vermont,Total,Black,Universal,Fixed (7%),1233.999997,0,0
2024,50,Vermont,Total,Black,Partial emp.,Sliding scale,1233.999997,0,0
2024,50,Vermont,Total,Black,Partial emp.,Fixed (7%),1233.999997,0,0
2024,50,Vermont,Total,Black,Max emp.,Sliding scale,1233.999997,0,0
2024,50,Vermont,Total,Black,Max emp.,Fixed (7%),1233.999997,0,0
2024,51,Virginia,Total,Black,Universal,Sliding scale,206386.6947,4822.921309,0.02584497
2024,51,Virginia,Total,Black,Universal,Fixed (7%),206386.6947,3776.540213,0.02035176
2024,51,Virginia,Total,Black,Partial emp.,Sliding scale,206386.6947,4278.145082,0.02299276
2024,51,Virginia,Total,Black,Partial emp.,Fixed (7%),206386.6947,3287.964139,0.0177656
2024,51,Virginia,Total,Black,Max emp.,Sliding scale,206386.6947,3127.250411,0.01691192
2024,51,Virginia,Total,Black,Max emp.,Fixed (7%),206386.6947,2331.697266,0.01266411
2024,53,Washington,Total,Black,Universal,Sliding scale,49407.01142,2305.470466,0.05411336
2024,53,Washington,Total,Black,Universal,Fixed (7%),49407.01142,1948.049244,0.0461109
2024,53,Washington,Total,Black,Partial emp.,Sliding scale,49407.01142,2248.37973,0.05284415
2024,53,Washington,Total,Black,Partial emp.,Fixed (7%),49407.01142,1897.928964,0.0449779
2024,53,Washington,Total,Black,Max emp.,Sliding scale,49407.01142,1307.75773,0.03143138
2024,53,Washington,Total,Black,Max emp.,Fixed (7%),49407.01142,1086.486776,0.02625285
2024,54,West Virginia,Total,Black,Universal,Sliding scale,7878.935989,255.5585058,0.03467321
2024,54,West Virginia,Total,Black,Universal,Fixed (7%),7878.935989,185.231314,0.02537359
2024,54,West Virginia,Total,Black,Partial emp.,Sliding scale,7878.935989,250.5628092,0.03401847
2024,54,West Virginia,Total,Black,Partial emp.,Fixed (7%),7878.935989,180.2356174,0.02470617
2024,54,West Virginia,Total,Black,Max emp.,Sliding scale,7878.935989,190.1630498,0.02603157
2024,54,West Virginia,Total,Black,Max emp.,Fixed (7%),7878.935989,134.7025398,0.0185806
2024,55,Wisconsin,Total,Black,Universal,Sliding scale,41557.00902,1226.268493,0.03455224
2024,55,Wisconsin,Total,Black,Universal,Fixed (7%),41557.00902,1100.8207,0.03112756
2024,55,Wisconsin,Total,Black,Partial emp.,Sliding scale,41557.00902,970.0922478,0.02753277
2024,55,Wisconsin,Total,Black,Partial emp.,Fixed (7%),41557.00902,859.2494826,0.02446383
2024,55,Wisconsin,Total,Black,Max emp.,Sliding scale,41557.00902,701.1981563,0.02005417
2024,55,Wisconsin,Total,Black,Max emp.,Fixed (7%),41557.00902,614.848661,0.01762812
2024,56,Wyoming,Total,Black,Universal,Sliding scale,748.989802,20.31480605,0.03053445
2024,56,Wyoming,Total,Black,Universal,Fixed (7%),748.989802,14.88367094,0.02255523
2024,56,Wyoming,Total,Black,Partial emp.,Sliding scale,748.989802,20.31480605,0.03053445
2024,56,Wyoming,Total,Black,Partial emp.,Fixed (7%),748.989802,14.88367094,0.02255523
2024,56,Wyoming,Total,Black,Max emp.,Sliding scale,748.989802,13.89367799,0.0210866
2024,56,Wyoming,Total,Black,Max emp.,Fixed (7%),748.989802,9.595518963,0.01465886
2024,99999,United States,Total,Black,Universal,Sliding scale,4865522.987,126471.1878,0.02931736
2024,99999,United States,Total,Black,Universal,Fixed (7%),4865522.987,99767.5204,0.02327122
2024,99999,United States,Total,Black,Partial emp.,Sliding scale,4865522.987,106121.461,0.02471668
2024,99999,United States,Total,Black,Partial emp.,Fixed (7%),4865522.987,80706.43272,0.01890921
2024,99999,United States,Total,Black,Max emp.,Sliding scale,4865522.987,78372.00708,0.01837231
2024,99999,United States,Total,Black,Max emp.,Fixed (7%),4865522.987,58144.7795,0.0136955
2024,1,Alabama,Total,Hispanic,Universal,Sliding scale,45044.09054,1072.921082,0.03210128
2024,1,Alabama,Total,Hispanic,Universal,Fixed (7%),45044.09054,685.3431258,0.02074571
2024,1,Alabama,Total,Hispanic,Partial emp.,Sliding scale,45044.09054,1030.343557,0.03086671
2024,1,Alabama,Total,Hispanic,Partial emp.,Fixed (7%),45044.09054,651.3836587,0.01973803
2024,1,Alabama,Total,Hispanic,Max emp.,Sliding scale,45044.09054,388.3463211,0.0118621
2024,1,Alabama,Total,Hispanic,Max emp.,Fixed (7%),45044.09054,216.1745231,0.00663799
2024,2,Alaska,Total,Hispanic,Universal,Sliding scale,8114.000012,264.1997536,0.03547639
2024,2,Alaska,Total,Hispanic,Universal,Fixed (7%),8114.000012,181.4837375,0.0246431
2024,2,Alaska,Total,Hispanic,Partial emp.,Sliding scale,8114.000012,237.3079481,0.03198088
2024,2,Alaska,Total,Hispanic,Partial emp.,Fixed (7%),8114.000012,155.7628412,0.02122467
2024,2,Alaska,Total,Hispanic,Max emp.,Sliding scale,8114.000012,172.2467764,0.02341822
2024,2,Alaska,Total,Hispanic,Max emp.,Fixed (7%),8114.000012,110.2575898,0.01511774
2024,4,Arizona,Total,Hispanic,Universal,Sliding scale,368130.5669,11608.46859,0.03740539
2024,4,Arizona,Total,Hispanic,Universal,Fixed (7%),368130.5669,8460.196863,0.02754025
2024,4,Arizona,Total,Hispanic,Partial emp.,Sliding scale,368130.5669,10867.50804,0.03510163
2024,4,Arizona,Total,Hispanic,Partial emp.,Fixed (7%),368130.5669,7806.731874,0.02546722
2024,4,Arizona,Total,Hispanic,Max emp.,Sliding scale,368130.5669,6281.157155,0.02059296
2024,4,Arizona,Total,Hispanic,Max emp.,Fixed (7%),368130.5669,4284.956247,0.0141409
2024,5,Arkansas,Total,Hispanic,Universal,Sliding scale,52850.29131,1650.555719,0.03865561
2024,5,Arkansas,Total,Hispanic,Universal,Fixed (7%),52850.29131,1100.928911,0.0261197
2024,5,Arkansas,Total,Hispanic,Partial emp.,Sliding scale,52850.29131,1598.340888,0.03747858
2024,5,Arkansas,Total,Hispanic,Partial emp.,Fixed (7%),52850.29131,1054.752721,0.02505161
2024,5,Arkansas,Total,Hispanic,Max emp.,Sliding scale,52850.29131,676.2315315,0.01620699
2024,5,Arkansas,Total,Hispanic,Max emp.,Fixed (7%),52850.29131,379.7698038,0.00916694
2024,6,California,Total,Hispanic,Universal,Sliding scale,2273963.585,78803.1064,0.04087343
2024,6,California,Total,Hispanic,Universal,Fixed (7%),2273963.585,60419.98568,0.0316402
2024,6,California,Total,Hispanic,Partial emp.,Sliding scale,2273963.585,73908.3177,0.03843219
2024,6,California,Total,Hispanic,Partial emp.,Fixed (7%),2273963.585,55913.97473,0.02934979
2024,6,California,Total,Hispanic,Max emp.,Sliding scale,2273963.585,41574.19821,0.02198821
2024,6,California,Total,Hispanic,Max emp.,Fixed (7%),2273963.585,30148.82096,0.01604237
2024,8,Colorado,Total,Hispanic,Universal,Sliding scale,194337.124,6232.755245,0.03746843
2024,8,Colorado,Total,Hispanic,Universal,Fixed (7%),194337.124,4776.208618,0.02896598
2024,8,Colorado,Total,Hispanic,Partial emp.,Sliding scale,194337.124,5859.449436,0.03530351
2024,8,Colorado,Total,Hispanic,Partial emp.,Fixed (7%),194337.124,4426.84576,0.02690422
2024,8,Colorado,Total,Hispanic,Max emp.,Sliding scale,194337.124,3085.519922,0.01890642
2024,8,Colorado,Total,Hispanic,Max emp.,Fixed (7%),194337.124,2170.651424,0.01337557
2024,9,Connecticut,Total,Hispanic,Universal,Sliding scale,105882,2820.46616,0.03108175
2024,9,Connecticut,Total,Hispanic,Universal,Fixed (7%),105882,2115.057097,0.0234907
2024,9,Connecticut,Total,Hispanic,Partial emp.,Sliding scale,105882,2659.655689,0.02936164
2024,9,Connecticut,Total,Hispanic,Partial emp.,Fixed (7%),105882,1965.747683,0.02186867
2024,9,Connecticut,Total,Hispanic,Max emp.,Sliding scale,105882,1540.334591,0.0172175
2024,9,Connecticut,Total,Hispanic,Max emp.,Fixed (7%),105882,1057.456806,0.01188415
2024,10,Delaware,Total,Hispanic,Universal,Sliding scale,18758,329.4329888,0.02058386
2024,10,Delaware,Total,Hispanic,Universal,Fixed (7%),18758,180.7940021,0.01140239
2024,10,Delaware,Total,Hispanic,Partial emp.,Sliding scale,18758,306.1759664,0.01915854
2024,10,Delaware,Total,Hispanic,Partial emp.,Fixed (7%),18758,160.9741359,0.01016509
2024,10,Delaware,Total,Hispanic,Max emp.,Sliding scale,18758,171.3999795,0.01081634
2024,10,Delaware,Total,Hispanic,Max emp.,Fixed (7%),18758,82.08872405,0.00520964
2024,11,District of Columbia,Total,Hispanic,Universal,Sliding scale,11953,525.212827,0.04481257
2024,11,District of Columbia,Total,Hispanic,Universal,Fixed (7%),11953,459.1221003,0.03939568
2024,11,District of Columbia,Total,Hispanic,Partial emp.,Sliding scale,11953,514.5811886,0.04394531
2024,11,District of Columbia,Total,Hispanic,Partial emp.,Fixed (7%),11953,449.1049975,0.0385693
2024,11,District of Columbia,Total,Hispanic,Max emp.,Sliding scale,11953,370.8904306,0.03206761
2024,11,District of Columbia,Total,Hispanic,Max emp.,Fixed (7%),11953,316.3959027,0.02748545
2024,12,Florida,Total,Hispanic,Universal,Sliding scale,983111.8551,23324.35089,0.02726711
2024,12,Florida,Total,Hispanic,Universal,Fixed (7%),983111.8551,15440.88653,0.01821893
2024,12,Florida,Total,Hispanic,Partial emp.,Sliding scale,983111.8551,22108.72034,0.02588277
2024,12,Florida,Total,Hispanic,Partial emp.,Fixed (7%),983111.8551,14351.26342,0.01695507
2024,12,Florida,Total,Hispanic,Max emp.,Sliding scale,983111.8551,13592.09639,0.01607258
2024,12,Florida,Total,Hispanic,Max emp.,Fixed (7%),983111.8551,8307.634485,0.0098855
2024,13,Georgia,Total,Hispanic,Universal,Sliding scale,204010.3806,4316.763006,0.02595799
2024,13,Georgia,Total,Hispanic,Universal,Fixed (7%),204010.3806,2714.328973,0.01648088
2024,13,Georgia,Total,Hispanic,Partial emp.,Sliding scale,204010.3806,4152.708534,0.02499614
2024,13,Georgia,Total,Hispanic,Partial emp.,Fixed (7%),204010.3806,2574.507472,0.01564519
2024,13,Georgia,Total,Hispanic,Max emp.,Sliding scale,204010.3806,1937.414563,0.01181936
2024,13,Georgia,Total,Hispanic,Max emp.,Fixed (7%),204010.3806,1055.928391,0.00647661
2024,15,Hawaii,Total,Hispanic,Universal,Sliding scale,21520.00001,490.3905065,0.02581765
2024,15,Hawaii,Total,Hispanic,Universal,Fixed (7%),21520.00001,302.7867725,0.01609987
2024,15,Hawaii,Total,Hispanic,Partial emp.,Sliding scale,21520.00001,461.4047545,0.02432876
2024,15,Hawaii,Total,Hispanic,Partial emp.,Fixed (7%),21520.00001,287.0901409,0.01527799
2024,15,Hawaii,Total,Hispanic,Max emp.,Sliding scale,21520.00001,312.8450914,0.0166258
2024,15,Hawaii,Total,Hispanic,Max emp.,Fixed (7%),21520.00001,189.0828177,0.01011512
2024,16,Idaho,Total,Hispanic,Universal,Sliding scale,53612.8811,1512.530653,0.03346635
2024,16,Idaho,Total,Hispanic,Universal,Fixed (7%),53612.8811,971.6162418,0.02175845
2024,16,Idaho,Total,Hispanic,Partial emp.,Sliding scale,53612.8811,1427.728391,0.03164939
2024,16,Idaho,Total,Hispanic,Partial emp.,Fixed (7%),53612.8811,904.6585003,0.02028942
2024,16,Idaho,Total,Hispanic,Max emp.,Sliding scale,53612.8811,864.4330905,0.01940476
2024,16,Idaho,Total,Hispanic,Max emp.,Fixed (7%),53612.8811,519.9915558,0.01176371
2024,17,Illinois,Total,Hispanic,Universal,Sliding scale,361428.4657,7158.32648,0.02355017
2024,17,Illinois,Total,Hispanic,Universal,Fixed (7%),361428.4657,4725.803706,0.01567284
2024,17,Illinois,Total,Hispanic,Partial emp.,Sliding scale,361428.4657,6762.094822,0.02227564
2024,17,Illinois,Total,Hispanic,Partial emp.,Fixed (7%),361428.4657,4401.283847,0.01461232
2024,17,Illinois,Total,Hispanic,Max emp.,Sliding scale,361428.4657,3517.75243,0.01171334
2024,17,Illinois,Total,Hispanic,Max emp.,Fixed (7%),361428.4657,2079.656872,0.00695812
2024,18,Indiana,Total,Hispanic,Universal,Sliding scale,111691.8521,3488.758635,0.03773978
2024,18,Indiana,Total,Hispanic,Universal,Fixed (7%),111691.8521,2520.41756,0.02755333
2024,18,Indiana,Total,Hispanic,Partial emp.,Sliding scale,111691.8521,3319.734392,0.03597713
2024,18,Indiana,Total,Hispanic,Partial emp.,Fixed (7%),111691.8521,2373.882491,0.02599304
2024,18,Indiana,Total,Hispanic,Max emp.,Sliding scale,111691.8521,1780.69475,0.01962535
2024,18,Indiana,Total,Hispanic,Max emp.,Fixed (7%),111691.8521,1187.573165,0.01317457
2024,19,Iowa,Total,Hispanic,Universal,Sliding scale,43900.23685,868.2965257,0.02370599
2024,19,Iowa,Total,Hispanic,Universal,Fixed (7%),43900.23685,620.0916096,0.01704507
2024,19,Iowa,Total,Hispanic,Partial emp.,Sliding scale,43900.23685,850.1171579,0.02322119
2024,19,Iowa,Total,Hispanic,Partial emp.,Fixed (7%),43900.23685,605.1079921,0.01664006
2024,19,Iowa,Total,Hispanic,Max emp.,Sliding scale,43900.23685,339.5709476,0.00940666
2024,19,Iowa,Total,Hispanic,Max emp.,Fixed (7%),43900.23685,225.2152125,0.00625865
2024,20,Kansas,Total,Hispanic,Universal,Sliding scale,74065.29602,1607.97579,0.0255708
2024,20,Kansas,Total,Hispanic,Universal,Fixed (7%),74065.29602,1016.801917,0.01632312
2024,20,Kansas,Total,Hispanic,Partial emp.,Sliding scale,74065.29602,1534.018501,0.02442342
2024,20,Kansas,Total,Hispanic,Partial emp.,Fixed (7%),74065.29602,952.6163759,0.0153085
2024,20,Kansas,Total,Hispanic,Max emp.,Sliding scale,74065.29602,869.3580648,0.01398926
2024,20,Kansas,Total,Hispanic,Max emp.,Fixed (7%),74065.29602,473.8007902,0.007673
2024,21,Kentucky,Total,Hispanic,Universal,Sliding scale,42430.15309,1210.771113,0.03508986
2024,21,Kentucky,Total,Hispanic,Universal,Fixed (7%),42430.15309,849.1054905,0.02486894
2024,21,Kentucky,Total,Hispanic,Partial emp.,Sliding scale,42430.15309,1114.466218,0.03238921
2024,21,Kentucky,Total,Hispanic,Partial emp.,Fixed (7%),42430.15309,767.0163519,0.02251882
2024,21,Kentucky,Total,Hispanic,Max emp.,Sliding scale,42430.15309,470.0084112,0.01392036
2024,21,Kentucky,Total,Hispanic,Max emp.,Fixed (7%),42430.15309,281.874402,0.00839512
2024,22,Louisiana,Total,Hispanic,Universal,Sliding scale,61512.12197,1894.333882,0.03729048
2024,22,Louisiana,Total,Hispanic,Universal,Fixed (7%),61512.12197,1381.402541,0.02747067
2024,22,Louisiana,Total,Hispanic,Partial emp.,Sliding scale,61512.12197,1831.69715,0.03610198
2024,22,Louisiana,Total,Hispanic,Partial emp.,Fixed (7%),61512.12197,1323.982433,0.0263589
2024,22,Louisiana,Total,Hispanic,Max emp.,Sliding scale,61512.12197,851.3617581,0.01711059
2024,22,Louisiana,Total,Hispanic,Max emp.,Fixed (7%),61512.12197,598.2301096,0.01208465
2024,23,Maine,Total,Hispanic,Universal,Sliding scale,6789.97336,194.7786748,0.03687765
2024,23,Maine,Total,Hispanic,Universal,Fixed (7%),6789.97336,145.9348774,0.0278879
2024,23,Maine,Total,Hispanic,Partial emp.,Sliding scale,6789.97336,193.1481462,0.03658023
2024,23,Maine,Total,Hispanic,Partial emp.,Fixed (7%),6789.97336,144.1692366,0.02755979
2024,23,Maine,Total,Hispanic,Max emp.,Sliding scale,6789.97336,158.6935234,0.0302523
2024,23,Maine,Total,Hispanic,Max emp.,Fixed (7%),6789.97336,117.2614454,0.02253192
2024,24,Maryland,Total,Hispanic,Universal,Sliding scale,134436.082,4180.251192,0.03614405
2024,24,Maryland,Total,Hispanic,Universal,Fixed (7%),134436.082,3212.938632,0.02801461
2024,24,Maryland,Total,Hispanic,Partial emp.,Sliding scale,134436.082,4002.120955,0.03465725
2024,24,Maryland,Total,Hispanic,Partial emp.,Fixed (7%),134436.082,3045.171236,0.02659069
2024,24,Maryland,Total,Hispanic,Max emp.,Sliding scale,134436.082,2458.207333,0.02157585
2024,24,Maryland,Total,Hispanic,Max emp.,Fixed (7%),134436.082,1847.427365,0.01630239
2024,25,Massachusetts,Total,Hispanic,Universal,Sliding scale,146669.0795,4606.090717,0.03594769
2024,25,Massachusetts,Total,Hispanic,Universal,Fixed (7%),146669.0795,3727.590592,0.02929237
2024,25,Massachusetts,Total,Hispanic,Partial emp.,Sliding scale,146669.0795,4260.976127,0.03334409
2024,25,Massachusetts,Total,Hispanic,Partial emp.,Fixed (7%),146669.0795,3406.901619,0.02683995
2024,25,Massachusetts,Total,Hispanic,Max emp.,Sliding scale,146669.0795,2900.356276,0.02294088
2024,25,Massachusetts,Total,Hispanic,Max emp.,Fixed (7%),146669.0795,2238.100301,0.01779587
2024,26,Michigan,Total,Hispanic,Universal,Sliding scale,91154.74133,2657.924795,0.03623289
2024,26,Michigan,Total,Hispanic,Universal,Fixed (7%),91154.74133,1972.949867,0.0271488
2024,26,Michigan,Total,Hispanic,Partial emp.,Sliding scale,91154.74133,2304.795847,0.03157101
2024,26,Michigan,Total,Hispanic,Partial emp.,Fixed (7%),91154.74133,1641.795972,0.02269537
2024,26,Michigan,Total,Hispanic,Max emp.,Sliding scale,91154.74133,1398.34024,0.01939524
2024,26,Michigan,Total,Hispanic,Max emp.,Fixed (7%),91154.74133,963.0001621,0.01343813
2024,27,Minnesota,Total,Hispanic,Universal,Sliding scale,67055.90821,1924.615722,0.03464368
2024,27,Minnesota,Total,Hispanic,Universal,Fixed (7%),67055.90821,1504.18812,0.02728232
2024,27,Minnesota,Total,Hispanic,Partial emp.,Sliding scale,67055.90821,1634.466891,0.02957538
2024,27,Minnesota,Total,Hispanic,Partial emp.,Fixed (7%),67055.90821,1234.63156,0.02250324
2024,27,Minnesota,Total,Hispanic,Max emp.,Sliding scale,67055.90821,850.9863045,0.01561988
2024,27,Minnesota,Total,Hispanic,Max emp.,Fixed (7%),67055.90821,600.6051083,0.01107502
2024,28,Mississippi,Total,Hispanic,Universal,Sliding scale,19262.92745,411.9578139,0.02603551
2024,28,Mississippi,Total,Hispanic,Universal,Fixed (7%),19262.92745,262.4785418,0.01674671
2024,28,Mississippi,Total,Hispanic,Partial emp.,Sliding scale,19262.92745,371.1830509,0.02351917
2024,28,Mississippi,Total,Hispanic,Partial emp.,Fixed (7%),19262.92745,226.0024765,0.01445309
2024,28,Mississippi,Total,Hispanic,Max emp.,Sliding scale,19262.92745,217.8441966,0.01393863
2024,28,Mississippi,Total,Hispanic,Max emp.,Fixed (7%),19262.92745,127.4153042,0.00820004
2024,29,Missouri,Total,Hispanic,Universal,Sliding scale,53630.90817,1405.024962,0.03022732
2024,29,Missouri,Total,Hispanic,Universal,Fixed (7%),53630.90817,1006.788934,0.02184695
2024,29,Missouri,Total,Hispanic,Partial emp.,Sliding scale,53630.90817,1349.851906,0.02907485
2024,29,Missouri,Total,Hispanic,Partial emp.,Fixed (7%),53630.90817,955.7197538,0.02076178
2024,29,Missouri,Total,Hispanic,Max emp.,Sliding scale,53630.90817,774.0342366,0.01688153
2024,29,Missouri,Total,Hispanic,Max emp.,Fixed (7%),53630.90817,503.4654977,0.01104566
2024,30,Montana,Total,Hispanic,Universal,Sliding scale,8803.505682,353.4688715,0.04258628
2024,30,Montana,Total,Hispanic,Universal,Fixed (7%),8803.505682,269.8276078,0.03284003
2024,30,Montana,Total,Hispanic,Partial emp.,Sliding scale,8803.505682,354.7608679,0.04273528
2024,30,Montana,Total,Hispanic,Partial emp.,Fixed (7%),8803.505682,270.5884203,0.03292958
2024,30,Montana,Total,Hispanic,Max emp.,Sliding scale,8803.505682,247.8007242,0.03024026
2024,30,Montana,Total,Hispanic,Max emp.,Fixed (7%),8803.505682,183.8866141,0.02261694
2024,31,Nebraska,Total,Hispanic,Universal,Sliding scale,51759.28603,1717.443802,0.04000022
2024,31,Nebraska,Total,Hispanic,Universal,Fixed (7%),51759.28603,1338.633256,0.03145503
2024,31,Nebraska,Total,Hispanic,Partial emp.,Sliding scale,51759.28603,1621.294618,0.0378456
2024,31,Nebraska,Total,Hispanic,Partial emp.,Fixed (7%),51759.28603,1264.624512,0.02976775
2024,31,Nebraska,Total,Hispanic,Max emp.,Sliding scale,51759.28603,853.2311371,0.02028043
2024,31,Nebraska,Total,Hispanic,Max emp.,Fixed (7%),51759.28603,644.8779311,0.01540438
2024,32,Nevada,Total,Hispanic,Universal,Sliding scale,149069.7194,6386.085842,0.04877368
2024,32,Nevada,Total,Hispanic,Universal,Fixed (7%),149069.7194,5071.981916,0.03912995
2024,32,Nevada,Total,Hispanic,Partial emp.,Sliding scale,149069.7194,6129.900687,0.04690885
2024,32,Nevada,Total,Hispanic,Partial emp.,Fixed (7%),149069.7194,4839.600998,0.03740421
2024,32,Nevada,Total,Hispanic,Max emp.,Sliding scale,149069.7194,3614.835167,0.02820525
2024,32,Nevada,Total,Hispanic,Max emp.,Fixed (7%),149069.7194,2788.805184,0.0219012
2024,33,New Hampshire,Total,Hispanic,Universal,Sliding scale,12617.80199,304.0119731,0.02689226
2024,33,New Hampshire,Total,Hispanic,Universal,Fixed (7%),12617.80199,188.1927201,0.01681945
2024,33,New Hampshire,Total,Hispanic,Partial emp.,Sliding scale,12617.80199,287.9825849,0.0255105
2024,33,New Hampshire,Total,Hispanic,Partial emp.,Fixed (7%),12617.80199,173.7032729,0.01554461
2024,33,New Hampshire,Total,Hispanic,Max emp.,Sliding scale,12617.80199,212.9938511,0.01899391
2024,33,New Hampshire,Total,Hispanic,Max emp.,Fixed (7%),12617.80199,137.2308444,0.01232092
2024,34,New Jersey,Total,Hispanic,Universal,Sliding scale,341440,8647.307561,0.02928528
2024,34,New Jersey,Total,Hispanic,Universal,Fixed (7%),341440,6113.397971,0.02088306
2024,34,New Jersey,Total,Hispanic,Partial emp.,Sliding scale,341440,8064.590928,0.02736584
2024,34,New Jersey,Total,Hispanic,Partial emp.,Fixed (7%),341440,5599.726514,0.019162
2024,34,New Jersey,Total,Hispanic,Max emp.,Sliding scale,341440,4906.225766,0.01682881
2024,34,New Jersey,Total,Hispanic,Max emp.,Fixed (7%),341440,3275.439984,0.01129827
2024,35,New Mexico,Total,Hispanic,Universal,Sliding scale,134946.6858,3706.085815,0.03340255
2024,35,New Mexico,Total,Hispanic,Universal,Fixed (7%),134946.6858,2688.074111,0.02445167
2024,35,New Mexico,Total,Hispanic,Partial emp.,Sliding scale,134946.6858,3366.311594,0.0304334
2024,35,New Mexico,Total,Hispanic,Partial emp.,Fixed (7%),134946.6858,2382.282949,0.02173053
2024,35,New Mexico,Total,Hispanic,Max emp.,Sliding scale,134946.6858,1663.444026,0.01527363
2024,35,New Mexico,Total,Hispanic,Max emp.,Fixed (7%),134946.6858,1142.750126,0.01054306
2024,36,New York,Total,Hispanic,Universal,Sliding scale,509987.04,17265.11944,0.03964781
2024,36,New York,Total,Hispanic,Universal,Fixed (7%),509987.04,13872.00264,0.03210599
2024,36,New York,Total,Hispanic,Partial emp.,Sliding scale,509987.04,15438.15864,0.03560172
2024,36,New York,Total,Hispanic,Partial emp.,Fixed (7%),509987.04,12138.72416,0.02820757
2024,36,New York,Total,Hispanic,Max emp.,Sliding scale,509987.04,8588.999271,0.02012484
2024,36,New York,Total,Hispanic,Max emp.,Fixed (7%),509987.04,6508.83093,0.0153255
2024,37,North Carolina,Total,Hispanic,Universal,Sliding scale,212845.0885,5246.364101,0.03010041
2024,37,North Carolina,Total,Hispanic,Universal,Fixed (7%),212845.0885,3572.730481,0.02069687
2024,37,North Carolina,Total,Hispanic,Partial emp.,Sliding scale,212845.0885,4977.327092,0.02860099
2024,37,North Carolina,Total,Hispanic,Partial emp.,Fixed (7%),212845.0885,3339.119062,0.01936977
2024,37,North Carolina,Total,Hispanic,Max emp.,Sliding scale,212845.0885,2449.543799,0.01428317
2024,37,North Carolina,Total,Hispanic,Max emp.,Fixed (7%),212845.0885,1542.730045,0.0090434
2024,38,North Dakota,Total,Hispanic,Universal,Sliding scale,9350.999977,202.296442,0.02645333
2024,38,North Dakota,Total,Hispanic,Universal,Fixed (7%),9350.999977,157.0901723,0.02066408
2024,38,North Dakota,Total,Hispanic,Partial emp.,Sliding scale,9350.999977,197.6496957,0.02586141
2024,38,North Dakota,Total,Hispanic,Partial emp.,Fixed (7%),9350.999977,152.443426,0.0200651
2024,38,North Dakota,Total,Hispanic,Max emp.,Sliding scale,9350.999977,56.49054854,0.00753058
2024,38,North Dakota,Total,Hispanic,Max emp.,Fixed (7%),9350.999977,37.94880109,0.00507137
2024,39,Ohio,Total,Hispanic,Universal,Sliding scale,95783.86306,2690.108594,0.0330103
2024,39,Ohio,Total,Hispanic,Universal,Fixed (7%),95783.86306,2039.429433,0.02522725
2024,39,Ohio,Total,Hispanic,Partial emp.,Sliding scale,95783.86306,2538.271052,0.03120524
2024,39,Ohio,Total,Hispanic,Partial emp.,Fixed (7%),95783.86306,1898.755897,0.02352809
2024,39,Ohio,Total,Hispanic,Max emp.,Sliding scale,95783.86306,1377.389299,0.01717865
2024,39,Ohio,Total,Hispanic,Max emp.,Fixed (7%),95783.86306,989.7777336,0.01240437
2024,40,Oklahoma,Total,Hispanic,Universal,Sliding scale,91562.69229,3146.512397,0.04176513
2024,40,Oklahoma,Total,Hispanic,Universal,Fixed (7%),91562.69229,2366.104894,0.03173515
2024,40,Oklahoma,Total,Hispanic,Partial emp.,Sliding scale,91562.69229,2797.156032,0.03730093
2024,40,Oklahoma,Total,Hispanic,Partial emp.,Fixed (7%),91562.69229,2051.370131,0.02763044
2024,40,Oklahoma,Total,Hispanic,Max emp.,Sliding scale,91562.69229,1285.524968,0.01749555
2024,40,Oklahoma,Total,Hispanic,Max emp.,Fixed (7%),91562.69229,899.2186461,0.01230273
2024,41,Oregon,Total,Hispanic,Universal,Sliding scale,111473.7766,2746.125346,0.02898927
2024,41,Oregon,Total,Hispanic,Universal,Fixed (7%),111473.7766,1934.585631,0.02059878
2024,41,Oregon,Total,Hispanic,Partial emp.,Sliding scale,111473.7766,2657.717773,0.02808221
2024,41,Oregon,Total,Hispanic,Partial emp.,Fixed (7%),111473.7766,1860.550463,0.01982611
2024,41,Oregon,Total,Hispanic,Max emp.,Sliding scale,111473.7766,1512.933423,0.01618183
2024,41,Oregon,Total,Hispanic,Max emp.,Fixed (7%),111473.7766,978.8737936,0.01052985
2024,42,Pennsylvania,Total,Hispanic,Universal,Sliding scale,191644,5398.850748,0.03441655
2024,42,Pennsylvania,Total,Hispanic,Universal,Fixed (7%),191644,4066.991192,0.02614823
2024,42,Pennsylvania,Total,Hispanic,Partial emp.,Sliding scale,191644,4892.709046,0.03129097
2024,42,Pennsylvania,Total,Hispanic,Partial emp.,Fixed (7%),191644,3616.899153,0.02332191
2024,42,Pennsylvania,Total,Hispanic,Max emp.,Sliding scale,191644,2509.937991,0.01630053
2024,42,Pennsylvania,Total,Hispanic,Max emp.,Fixed (7%),191644,1768.367692,0.01154006
2024,44,Rhode Island,Total,Hispanic,Universal,Sliding scale,35375,891.321725,0.03039738
2024,44,Rhode Island,Total,Hispanic,Universal,Fixed (7%),35375,684.8369325,0.02352111
2024,44,Rhode Island,Total,Hispanic,Partial emp.,Sliding scale,35375,786.3675233,0.02691439
2024,44,Rhode Island,Total,Hispanic,Partial emp.,Fixed (7%),35375,589.8150261,0.02032386
2024,44,Rhode Island,Total,Hispanic,Max emp.,Sliding scale,35375,363.5908907,0.01262706
2024,44,Rhode Island,Total,Hispanic,Max emp.,Fixed (7%),35375,247.1372182,0.00861762
2024,45,South Carolina,Total,Hispanic,Universal,Sliding scale,69725.95642,1951.720408,0.0362816
2024,45,South Carolina,Total,Hispanic,Universal,Fixed (7%),69725.95642,1415.461345,0.02657773
2024,45,South Carolina,Total,Hispanic,Partial emp.,Sliding scale,69725.95642,1886.209931,0.03510654
2024,45,South Carolina,Total,Hispanic,Partial emp.,Fixed (7%),69725.95642,1356.961598,0.02550732
2024,45,South Carolina,Total,Hispanic,Max emp.,Sliding scale,69725.95642,746.4930581,0.014195
2024,45,South Carolina,Total,Hispanic,Max emp.,Fixed (7%),69725.95642,480.2921084,0.0091795
2024,46,South Dakota,Total,Hispanic,Universal,Sliding scale,6265.279013,139.0560727,0.02569751
2024,46,South Dakota,Total,Hispanic,Universal,Fixed (7%),6265.279013,94.98834387,0.01769794
2024,46,South Dakota,Total,Hispanic,Partial emp.,Sliding scale,6265.279013,136.5423313,0.0252447
2024,46,South Dakota,Total,Hispanic,Partial emp.,Fixed (7%),6265.279013,92.480113,0.01723867
2024,46,South Dakota,Total,Hispanic,Max emp.,Sliding scale,6265.279013,95.68106908,0.0178247
2024,46,South Dakota,Total,Hispanic,Max emp.,Fixed (7%),6265.279013,65.73366772,0.01231442
2024,47,Tennessee,Total,Hispanic,Universal,Sliding scale,93626.55606,2438.445679,0.03216017
2024,47,Tennessee,Total,Hispanic,Universal,Fixed (7%),93626.55606,1582.569277,0.02111048
2024,47,Tennessee,Total,Hispanic,Partial emp.,Sliding scale,93626.55606,2314.770641,0.03057892
2024,47,Tennessee,Total,Hispanic,Partial emp.,Fixed (7%),93626.55606,1481.448784,0.01978829
2024,47,Tennessee,Total,Hispanic,Max emp.,Sliding scale,93626.55606,1106.642363,0.01485623
2024,47,Tennessee,Total,Hispanic,Max emp.,Fixed (7%),93626.55606,600.7111834,0.00811945
2024,48,Texas,Total,Hispanic,Universal,Sliding scale,1968201.306,56484.62419,0.03446873
2024,48,Texas,Total,Hispanic,Universal,Fixed (7%),1968201.306,39919.66362,0.02460902
2024,48,Texas,Total,Hispanic,Partial emp.,Sliding scale,1968201.306,52862.17347,0.03232966
2024,48,Texas,Total,Hispanic,Partial emp.,Fixed (7%),1968201.306,36629.20531,0.02262647
2024,48,Texas,Total,Hispanic,Max emp.,Sliding scale,1968201.306,28538.18644,0.01771706
2024,48,Texas,Total,Hispanic,Max emp.,Fixed (7%),1968201.306,18506.2909,0.01156107
2024,49,Utah,Total,Hispanic,Universal,Sliding scale,89831.66038,2594.570011,0.03350761
2024,49,Utah,Total,Hispanic,Universal,Fixed (7%),89831.66038,1692.542995,0.022116
2024,49,Utah,Total,Hispanic,Partial emp.,Sliding scale,89831.66038,2519.652973,0.0325716
2024,49,Utah,Total,Hispanic,Partial emp.,Fixed (7%),89831.66038,1621.973528,0.02121345
2024,49,Utah,Total,Hispanic,Max emp.,Sliding scale,89831.66038,1457.220015,0.01909983
2024,49,Utah,Total,Hispanic,Max emp.,Fixed (7%),89831.66038,871.1123042,0.01150609
2024,50,Vermont,Total,Hispanic,Universal,Sliding scale,2466.931513,15.9733856,0.0064777
2024,50,Vermont,Total,Hispanic,Universal,Fixed (7%),2466.931513,14.09837363,0.00572167
2024,50,Vermont,Total,Hispanic,Partial emp.,Sliding scale,2466.931513,16.14177314,0.00654554
2024,50,Vermont,Total,Hispanic,Partial emp.,Fixed (7%),2466.931513,14.24392149,0.0057804
2024,50,Vermont,Total,Hispanic,Max emp.,Sliding scale,2466.931513,12.56327947,0.00510185
2024,50,Vermont,Total,Hispanic,Max emp.,Fixed (7%),2466.931513,10.69408022,0.00434608
2024,51,Virginia,Total,Hispanic,Universal,Sliding scale,178869.2238,6266.387495,0.03978795
2024,51,Virginia,Total,Hispanic,Universal,Fixed (7%),178869.2238,4774.688141,0.0306064
2024,51,Virginia,Total,Hispanic,Partial emp.,Sliding scale,178869.2238,6086.801261,0.0386918
2024,51,Virginia,Total,Hispanic,Partial emp.,Fixed (7%),178869.2238,4612.263012,0.02959605
2024,51,Virginia,Total,Hispanic,Max emp.,Sliding scale,178869.2238,3469.520836,0.02242774
2024,51,Virginia,Total,Hispanic,Max emp.,Fixed (7%),178869.2238,2467.626102,0.01605525
2024,53,Washington,Total,Hispanic,Universal,Sliding scale,182893.0111,6158.024051,0.0394644
2024,53,Washington,Total,Hispanic,Universal,Fixed (7%),182893.0111,4723.525831,0.03055212
2024,53,Washington,Total,Hispanic,Partial emp.,Sliding scale,182893.0111,5684.069953,0.03653799
2024,53,Washington,Total,Hispanic,Partial emp.,Fixed (7%),182893.0111,4303.338749,0.02791017
2024,53,Washington,Total,Hispanic,Max emp.,Sliding scale,182893.0111,3122.929306,0.02041065
2024,53,Washington,Total,Hispanic,Max emp.,Fixed (7%),182893.0111,2213.371593,0.01455253
2024,54,West Virginia,Total,Hispanic,Universal,Sliding scale,6329.042746,162.7165356,0.03315506
2024,54,West Virginia,Total,Hispanic,Universal,Fixed (7%),6329.042746,119.3741111,0.02454035
2024,54,West Virginia,Total,Hispanic,Partial emp.,Sliding scale,6329.042746,162.7165356,0.03315506
2024,54,West Virginia,Total,Hispanic,Partial emp.,Fixed (7%),6329.042746,119.3741111,0.02454035
2024,54,West Virginia,Total,Hispanic,Max emp.,Sliding scale,6329.042746,32.33395452,0.00676816
2024,54,West Virginia,Total,Hispanic,Max emp.,Fixed (7%),6329.042746,24.2719203,0.0050892
2024,55,Wisconsin,Total,Hispanic,Universal,Sliding scale,81597.26284,2655.631829,0.03738174
2024,55,Wisconsin,Total,Hispanic,Universal,Fixed (7%),81597.26284,2051.981761,0.02913206
2024,55,Wisconsin,Total,Hispanic,Partial emp.,Sliding scale,81597.26284,2553.473383,0.03599548
2024,55,Wisconsin,Total,Hispanic,Partial emp.,Fixed (7%),81597.26284,1956.647036,0.02781624
2024,55,Wisconsin,Total,Hispanic,Max emp.,Sliding scale,81597.26284,1415.317351,0.02027659
2024,55,Wisconsin,Total,Hispanic,Max emp.,Fixed (7%),81597.26284,1008.89152,0.01453857
2024,56,Wyoming,Total,Hispanic,Universal,Sliding scale,8959.927287,222.5322634,0.02720293
2024,56,Wyoming,Total,Hispanic,Universal,Fixed (7%),8959.927287,146.3250066,0.01805535
2024,56,Wyoming,Total,Hispanic,Partial emp.,Sliding scale,8959.927287,222.550691,0.02720512
2024,56,Wyoming,Total,Hispanic,Partial emp.,Fixed (7%),8959.927287,146.3355564,0.01805663
2024,56,Wyoming,Total,Hispanic,Max emp.,Sliding scale,8959.927287,154.2940012,0.01901996
2024,56,Wyoming,Total,Hispanic,Max emp.,Fixed (7%),8959.927287,101.0829398,0.01254286
2024,99999,United States,Total,Hispanic,Universal,Sliding scale,10200741.14,302289.4615,0.03506754
2024,99999,United States,Total,Hispanic,Universal,Fixed (7%),10200741.14,221640.5459,0.02595457
2024,99999,United States,Total,Hispanic,Partial emp.,Sliding scale,10200741.14,283109.7459,0.0329158
2024,99999,United States,Total,Hispanic,Partial emp.,Fixed (7%),10200741.14,204239.5853,0.02396571
2024,99999,United States,Total,Hispanic,Max emp.,Sliding scale,10200741.14,157135.8451,0.01854098
2024,99999,United States,Total,Hispanic,Max emp.,Fixed (7%),10200741.14,107440.7071,0.01275206
2024,1,Alabama,Total,Asian,Universal,Sliding scale,16891.02917,282.0047622,0.02221909
2024,1,Alabama,Total,Asian,Universal,Fixed (7%),16891.02917,157.8968981,0.01256351
2024,1,Alabama,Total,Asian,Partial emp.,Sliding scale,16891.02917,277.2730878,0.02185443
2024,1,Alabama,Total,Asian,Partial emp.,Fixed (7%),16891.02917,153.5392676,0.01222102
2024,1,Alabama,Total,Asian,Max emp.,Sliding scale,16891.02917,147.5326656,0.01174854
2024,1,Alabama,Total,Asian,Max emp.,Fixed (7%),16891.02917,78.0238763,0.0062479
2024,2,Alaska,Total,Asian,Universal,Sliding scale,7581.999999,264.3742611,0.04040335
2024,2,Alaska,Total,Asian,Universal,Fixed (7%),7581.999999,202.6715733,0.03126841
2024,2,Alaska,Total,Asian,Partial emp.,Sliding scale,7581.999999,254.5195294,0.03895596
2024,2,Alaska,Total,Asian,Partial emp.,Fixed (7%),7581.999999,194.729845,0.03008001
2024,2,Alaska,Total,Asian,Max emp.,Sliding scale,7581.999999,128.1558609,0.02000199
2024,2,Alaska,Total,Asian,Max emp.,Fixed (7%),7581.999999,98.26258858,0.01540827
2024,4,Arizona,Total,Asian,Universal,Sliding scale,52088.00001,968.9434593,0.02302954
2024,4,Arizona,Total,Asian,Universal,Fixed (7%),52088.00001,633.2234346,0.01517131
2024,4,Arizona,Total,Asian,Partial emp.,Sliding scale,52088.00001,961.595956,0.0228589
2024,4,Arizona,Total,Asian,Partial emp.,Fixed (7%),52088.00001,628.4923827,0.01505966
2024,4,Arizona,Total,Asian,Max emp.,Sliding scale,52088.00001,418.017802,0.01006713
2024,4,Arizona,Total,Asian,Max emp.,Fixed (7%),52088.00001,263.3542997,0.00636608
2024,5,Arkansas,Total,Asian,Universal,Sliding scale,13573.86269,153.6871214,0.01344407
2024,5,Arkansas,Total,Asian,Universal,Fixed (7%),13573.86269,83.3424377,0.00733568
2024,5,Arkansas,Total,Asian,Partial emp.,Sliding scale,13573.86269,143.7916018,0.01258934
2024,5,Arkansas,Total,Asian,Partial emp.,Fixed (7%),13573.86269,73.45682783,0.00647119
2024,5,Arkansas,Total,Asian,Max emp.,Sliding scale,13573.86269,56.7795938,0.00500937
2024,5,Arkansas,Total,Asian,Max emp.,Fixed (7%),13573.86269,28.03506978,0.00247968
2024,6,California,Total,Asian,Universal,Sliding scale,926309.0545,22217.13338,0.02745557
2024,6,California,Total,Asian,Universal,Fixed (7%),926309.0545,17573.06895,0.02184186
2024,6,California,Total,Asian,Partial emp.,Sliding scale,926309.0545,21517.84306,0.0266144
2024,6,California,Total,Asian,Partial emp.,Fixed (7%),926309.0545,16983.81221,0.02112494
2024,6,California,Total,Asian,Max emp.,Sliding scale,926309.0545,12773.09699,0.01597118
2024,6,California,Total,Asian,Max emp.,Fixed (7%),926309.0545,9925.21687,0.01245461
2024,8,Colorado,Total,Asian,Universal,Sliding scale,39014.05387,1041.422737,0.02950417
2024,8,Colorado,Total,Asian,Universal,Fixed (7%),39014.05387,821.6615143,0.02342403
2024,8,Colorado,Total,Asian,Partial emp.,Sliding scale,39014.05387,1021.307602,2.90E-02
2024,8,Colorado,Total,Asian,Partial emp.,Fixed (7%),39014.05387,803.1503718,0.0229084
2024,8,Colorado,Total,Asian,Max emp.,Sliding scale,39014.05387,566.8707363,0.01627867
2024,8,Colorado,Total,Asian,Max emp.,Fixed (7%),39014.05387,444.457004,1.28E-02
2024,9,Connecticut,Total,Asian,Universal,Sliding scale,33982.99999,471.2416435,0.01656371
2024,9,Connecticut,Total,Asian,Universal,Fixed (7%),33982.99999,300.8679306,0.01063894
2024,9,Connecticut,Total,Asian,Partial emp.,Sliding scale,33982.99999,462.2396677,0.01625244
2024,9,Connecticut,Total,Asian,Partial emp.,Fixed (7%),33982.99999,293.3617256,0.01037627
2024,9,Connecticut,Total,Asian,Max emp.,Sliding scale,33982.99999,251.2378933,0.0088996
2024,9,Connecticut,Total,Asian,Max emp.,Fixed (7%),33982.99999,150.1959262,0.0053395
2024,10,Delaware,Total,Asian,Universal,Sliding scale,10525,104.0360821,0.01079768
2024,10,Delaware,Total,Asian,Universal,Fixed (7%),10525,59.90021908,0.00624553
2024,10,Delaware,Total,Asian,Partial emp.,Sliding scale,10525,91.00664678,0.00945818
2024,10,Delaware,Total,Asian,Partial emp.,Fixed (7%),10525,48.74047369,0.00508787
2024,10,Delaware,Total,Asian,Max emp.,Sliding scale,10525,41.61857287,0.00434767
2024,10,Delaware,Total,Asian,Max emp.,Fixed (7%),10525,12.98305137,0.00136034
2024,11,District of Columbia,Total,Asian,Universal,Sliding scale,5138,106.0853321,0.02287759
2024,11,District of Columbia,Total,Asian,Universal,Fixed (7%),5138,90.53568305,0.01958996
2024,11,District of Columbia,Total,Asian,Partial emp.,Sliding scale,5138,106.0853321,0.02287759
2024,11,District of Columbia,Total,Asian,Partial emp.,Fixed (7%),5138,90.53568305,0.01958996
2024,11,District of Columbia,Total,Asian,Max emp.,Sliding scale,5138,64.86984459,0.01411481
2024,11,District of Columbia,Total,Asian,Max emp.,Fixed (7%),5138,54.74114029,0.01193725
2024,12,Florida,Total,Asian,Universal,Sliding scale,117998.9933,1981.432495,0.02023141
2024,12,Florida,Total,Asian,Universal,Fixed (7%),117998.9933,1267.662155,0.01303848
2024,12,Florida,Total,Asian,Partial emp.,Sliding scale,117998.9933,1872.762554,0.01914308
2024,12,Florida,Total,Asian,Partial emp.,Fixed (7%),117998.9933,1180.108127,0.01214889
2024,12,Florida,Total,Asian,Max emp.,Sliding scale,117998.9933,861.2046952,0.00889507
2024,12,Florida,Total,Asian,Max emp.,Fixed (7%),117998.9933,481.3120698,0.00499088
2024,13,Georgia,Total,Asian,Universal,Sliding scale,108916.0568,1165.883814,0.01271454
2024,13,Georgia,Total,Asian,Universal,Fixed (7%),108916.0568,681.5781915,0.00747241
2024,13,Georgia,Total,Asian,Partial emp.,Sliding scale,108916.0568,1147.78036,0.01251958
2024,13,Georgia,Total,Asian,Partial emp.,Fixed (7%),108916.0568,667.9239227,0.00732381
2024,13,Georgia,Total,Asian,Max emp.,Sliding scale,108916.0568,455.7899034,0.00500941
2024,13,Georgia,Total,Asian,Max emp.,Fixed (7%),108916.0568,229.40306,0.00252757
2024,15,Hawaii,Total,Asian,Universal,Sliding scale,79304.99994,1306.696641,0.01888517
2024,15,Hawaii,Total,Asian,Universal,Fixed (7%),79304.99994,930.2261005,0.01351774
2024,15,Hawaii,Total,Asian,Partial emp.,Sliding scale,79304.99994,1281.074577,0.01852172
2024,15,Hawaii,Total,Asian,Partial emp.,Fixed (7%),79304.99994,910.0640857,0.01322862
2024,15,Hawaii,Total,Asian,Max emp.,Sliding scale,79304.99994,703.3730575,0.01025499
2024,15,Hawaii,Total,Asian,Max emp.,Fixed (7%),79304.99994,464.1877538,0.00679142
2024,16,Idaho,Total,Asian,Universal,Sliding scale,7089.971296,106.0494646,0.02042544
2024,16,Idaho,Total,Asian,Universal,Fixed (7%),7089.971296,63.90269632,0.01240857
2024,16,Idaho,Total,Asian,Partial emp.,Sliding scale,7089.971296,88.59663515,0.01712153
2024,16,Idaho,Total,Asian,Partial emp.,Fixed (7%),7089.971296,47.05730522,0.00916754
2024,16,Idaho,Total,Asian,Max emp.,Sliding scale,7089.971296,26.74267325,0.00523061
2024,16,Idaho,Total,Asian,Max emp.,Fixed (7%),7089.971296,13.75327611,0.00269686
2024,17,Illinois,Total,Asian,Universal,Sliding scale,139224.9783,1586.664715,0.01332899
2024,17,Illinois,Total,Asian,Universal,Fixed (7%),139224.9783,966.5051766,0.00816178
2024,17,Illinois,Total,Asian,Partial emp.,Sliding scale,139224.9783,1561.669615,0.01312177
2024,17,Illinois,Total,Asian,Partial emp.,Fixed (7%),139224.9783,945.4545642,7.99E-03
2024,17,Illinois,Total,Asian,Max emp.,Sliding scale,139224.9783,803.8814516,6.80E-03
2024,17,Illinois,Total,Asian,Max emp.,Fixed (7%),139224.9783,461.7071838,0.00391564
2024,18,Indiana,Total,Asian,Universal,Sliding scale,37227.0268,860.7639655,0.02853539
2024,18,Indiana,Total,Asian,Universal,Fixed (7%),37227.0268,622.6602566,0.02080619
2024,18,Indiana,Total,Asian,Partial emp.,Sliding scale,37227.0268,815.931926,0.02708941
2024,18,Indiana,Total,Asian,Partial emp.,Fixed (7%),37227.0268,585.0390651,0.01957368
2024,18,Indiana,Total,Asian,Max emp.,Sliding scale,37227.0268,362.0857778,0.01220537
2024,18,Indiana,Total,Asian,Max emp.,Fixed (7%),37227.0268,233.3470532,0.00790006
2024,19,Iowa,Total,Asian,Universal,Sliding scale,13528.93856,404.2990271,0.03566736
2024,19,Iowa,Total,Asian,Universal,Fixed (7%),13528.93856,310.8086764,0.02764765
2024,19,Iowa,Total,Asian,Partial emp.,Sliding scale,13528.93856,404.2990271,0.03566736
2024,19,Iowa,Total,Asian,Partial emp.,Fixed (7%),13528.93856,310.8086764,0.02764765
2024,19,Iowa,Total,Asian,Max emp.,Sliding scale,13528.93856,168.5216991,0.01518283
2024,19,Iowa,Total,Asian,Max emp.,Fixed (7%),13528.93856,109.0802808,0.00988042
2024,20,Kansas,Total,Asian,Universal,Sliding scale,22098.02552,328.1049025,0.017719
2024,20,Kansas,Total,Asian,Universal,Fixed (7%),22098.02552,223.2309803,0.01212404
2024,20,Kansas,Total,Asian,Partial emp.,Sliding scale,22098.02552,324.6989267,0.01753829
2024,20,Kansas,Total,Asian,Partial emp.,Fixed (7%),22098.02552,221.3399812,0.01202258
2024,20,Kansas,Total,Asian,Max emp.,Sliding scale,22098.02552,201.7767127,0.01097161
2024,20,Kansas,Total,Asian,Max emp.,Fixed (7%),22098.02552,139.9098304,0.00763328
2024,21,Kentucky,Total,Asian,Universal,Sliding scale,17850.04092,504.3493298,0.03395522
2024,21,Kentucky,Total,Asian,Universal,Fixed (7%),17850.04092,351.5806914,0.02391608
2024,21,Kentucky,Total,Asian,Partial emp.,Sliding scale,17850.04092,473.3728572,0.03193633
2024,21,Kentucky,Total,Asian,Partial emp.,Fixed (7%),17850.04092,325.4627299,0.02217882
2024,21,Kentucky,Total,Asian,Max emp.,Sliding scale,17850.04092,303.577288,0.02071833
2024,21,Kentucky,Total,Asian,Max emp.,Fixed (7%),17850.04092,203.3035275,0.01397052
2024,22,Louisiana,Total,Asian,Universal,Sliding scale,12952.99339,175.6454378,0.01669532
2024,22,Louisiana,Total,Asian,Universal,Fixed (7%),12952.99339,95.51102986,0.00914812
2024,22,Louisiana,Total,Asian,Partial emp.,Sliding scale,12952.99339,160.81753,0.01530748
2024,22,Louisiana,Total,Asian,Partial emp.,Fixed (7%),12952.99339,83.18104735,0.00797657
2024,22,Louisiana,Total,Asian,Max emp.,Sliding scale,12952.99339,87.01933048,0.00834156
2024,22,Louisiana,Total,Asian,Max emp.,Fixed (7%),12952.99339,37.55620289,0.00361724
2024,23,Maine,Total,Asian,Universal,Sliding scale,3253.995123,105.5659716,0.03696849
2024,23,Maine,Total,Asian,Universal,Fixed (7%),3253.995123,80.34552344,0.02838718
2024,23,Maine,Total,Asian,Partial emp.,Sliding scale,3253.995123,105.5659716,0.03696849
2024,23,Maine,Total,Asian,Partial emp.,Fixed (7%),3253.995123,80.34552344,0.02838718
2024,23,Maine,Total,Asian,Max emp.,Sliding scale,3253.995123,72.39490464,0.02565017
2024,23,Maine,Total,Asian,Max emp.,Fixed (7%),3253.995123,56.04719743,0.01997372
2024,24,Maryland,Total,Asian,Universal,Sliding scale,82814.12808,1791.423511,0.0248269
2024,24,Maryland,Total,Asian,Universal,Fixed (7%),82814.12808,1325.038473,0.01848285
2024,24,Maryland,Total,Asian,Partial emp.,Sliding scale,82814.12808,1754.829309,2.43E-02
2024,24,Maryland,Total,Asian,Partial emp.,Fixed (7%),82814.12808,1291.806575,0.01802766
2024,24,Maryland,Total,Asian,Max emp.,Sliding scale,82814.12808,862.9371935,0.01211513
2024,24,Maryland,Total,Asian,Max emp.,Fixed (7%),82814.12808,603.3516635,0.00850169
2024,25,Massachusetts,Total,Asian,Universal,Sliding scale,93426.014,1573.399483,0.01900415
2024,25,Massachusetts,Total,Asian,Universal,Fixed (7%),93426.014,1150.266528,0.01396475
2024,25,Massachusetts,Total,Asian,Partial emp.,Sliding scale,93426.014,1514.959724,0.01831122
2024,25,Massachusetts,Total,Asian,Partial emp.,Fixed (7%),93426.014,1094.269397,0.01329396
2024,25,Massachusetts,Total,Asian,Max emp.,Sliding scale,93426.014,878.6176842,0.01070211
2024,25,Massachusetts,Total,Asian,Max emp.,Fixed (7%),93426.014,604.6423602,0.00738958
2024,26,Michigan,Total,Asian,Universal,Sliding scale,73785.9902,1533.85158,0.02565534
2024,26,Michigan,Total,Asian,Universal,Fixed (7%),73785.9902,1022.181837,0.01724469
2024,26,Michigan,Total,Asian,Partial emp.,Sliding scale,73785.9902,1498.129122,0.02507282
2024,26,Michigan,Total,Asian,Partial emp.,Fixed (7%),73785.9902,993.6799702,0.01677191
2024,26,Michigan,Total,Asian,Max emp.,Sliding scale,73785.9902,701.1243399,0.01189271
2024,26,Michigan,Total,Asian,Max emp.,Fixed (7%),73785.9902,456.2743306,0.00777176
2024,27,Minnesota,Total,Asian,Universal,Sliding scale,62227.0298,1877.551357,0.03247259
2024,27,Minnesota,Total,Asian,Universal,Fixed (7%),62227.0298,1487.452936,0.02590051
2024,27,Minnesota,Total,Asian,Partial emp.,Sliding scale,62227.0298,1866.76809,0.03229211
2024,27,Minnesota,Total,Asian,Partial emp.,Fixed (7%),62227.0298,1477.053445,0.02572409
2024,27,Minnesota,Total,Asian,Max emp.,Sliding scale,62227.0298,1418.323993,0.02472656
2024,27,Minnesota,Total,Asian,Max emp.,Fixed (7%),62227.0298,1130.87731,0.01981461
2024,28,Mississippi,Total,Asian,Universal,Sliding scale,6576.949009,152.0851183,0.02960541
2024,28,Mississippi,Total,Asian,Universal,Fixed (7%),6576.949009,85.20686343,0.01680545
2024,28,Mississippi,Total,Asian,Partial emp.,Sliding scale,6576.949009,138.3848382,0.02701051
2024,28,Mississippi,Total,Asian,Partial emp.,Fixed (7%),6576.949009,75.80417933,0.01497872
2024,28,Mississippi,Total,Asian,Max emp.,Sliding scale,6576.949009,81.93834453,0.01617122
2024,28,Mississippi,Total,Asian,Max emp.,Fixed (7%),6576.949009,44.81847962,0.00891058
2024,29,Missouri,Total,Asian,Universal,Sliding scale,28808.9197,630.3611529,0.02649769
2024,29,Missouri,Total,Asian,Universal,Fixed (7%),28808.9197,453.2951411,0.01919748
2024,29,Missouri,Total,Asian,Partial emp.,Sliding scale,28808.9197,598.6466096,0.02519814
2024,29,Missouri,Total,Asian,Partial emp.,Fixed (7%),28808.9197,421.9088393,0.01789202
2024,29,Missouri,Total,Asian,Max emp.,Sliding scale,28808.9197,295.6245824,0.01260415
2024,29,Missouri,Total,Asian,Max emp.,Fixed (7%),28808.9197,191.4766127,0.00820014
2024,30,Montana,Total,Asian,Universal,Sliding scale,865.9726029,28.18465734,0.05568256
2024,30,Montana,Total,Asian,Universal,Fixed (7%),865.9726029,19.50967361,0.03921608
2024,30,Montana,Total,Asian,Partial emp.,Sliding scale,865.9726029,28.49087394,0.0562535
2024,30,Montana,Total,Asian,Partial emp.,Fixed (7%),865.9726029,19.8158902,0.0398071
2024,30,Montana,Total,Asian,Max emp.,Sliding scale,865.9726029,5.969992441,0.01233592
2024,30,Montana,Total,Asian,Max emp.,Fixed (7%),865.9726029,4.746796634,0.00983326
2024,31,Nebraska,Total,Asian,Universal,Sliding scale,12654.86681,313.4737615,0.02912962
2024,31,Nebraska,Total,Asian,Universal,Fixed (7%),12654.86681,248.8619858,0.02326524
2024,31,Nebraska,Total,Asian,Partial emp.,Sliding scale,12654.86681,270.7811786,0.02526262
2024,31,Nebraska,Total,Asian,Partial emp.,Fixed (7%),12654.86681,206.8648105,0.0194153
2024,31,Nebraska,Total,Asian,Max emp.,Sliding scale,12654.86681,190.630171,0.0179189
2024,31,Nebraska,Total,Asian,Max emp.,Fixed (7%),12654.86681,144.7014559,0.01366066
2024,32,Nevada,Total,Asian,Universal,Sliding scale,42775.9458,1426.976564,0.03914895
2024,32,Nevada,Total,Asian,Universal,Fixed (7%),42775.9458,1081.919219,0.02996602
2024,32,Nevada,Total,Asian,Partial emp.,Sliding scale,42775.9458,1376.725581,0.03782246
2024,32,Nevada,Total,Asian,Partial emp.,Fixed (7%),42775.9458,1039.314796,0.02882001
2024,32,Nevada,Total,Asian,Max emp.,Sliding scale,42775.9458,802.1687018,0.02239123
2024,32,Nevada,Total,Asian,Max emp.,Fixed (7%),42775.9458,605.4068687,0.01699227
2024,33,New Hampshire,Total,Asian,Universal,Sliding scale,4444.993396,122.6872151,0.03061297
2024,33,New Hampshire,Total,Asian,Universal,Fixed (7%),4444.993396,80.52504075,0.02030627
2024,33,New Hampshire,Total,Asian,Partial emp.,Sliding scale,4444.993396,121.4903854,0.03032339
2024,33,New Hampshire,Total,Asian,Partial emp.,Fixed (7%),4444.993396,79.62195473,0.02008311
2024,33,New Hampshire,Total,Asian,Max emp.,Sliding scale,4444.993396,97.19346747,0.02440702
2024,33,New Hampshire,Total,Asian,Max emp.,Fixed (7%),4444.993396,63.13438467,0.01599094
2024,34,New Jersey,Total,Asian,Universal,Sliding scale,191566,2534.635495,0.01495328
2024,34,New Jersey,Total,Asian,Universal,Fixed (7%),191566,1606.878778,0.00953208
2024,34,New Jersey,Total,Asian,Partial emp.,Sliding scale,191566,2494.957768,0.01472265
2024,34,New Jersey,Total,Asian,Partial emp.,Fixed (7%),191566,1573.295009,0.00933472
2024,34,New Jersey,Total,Asian,Max emp.,Sliding scale,191566,1398.333547,0.00830525
2024,34,New Jersey,Total,Asian,Max emp.,Fixed (7%),191566,833.1252299,0.00496493
2024,35,New Mexico,Total,Asian,Universal,Sliding scale,7484.123806,144.0441286,0.02359767
2024,35,New Mexico,Total,Asian,Universal,Fixed (7%),7484.123806,94.2969523,0.01557489
2024,35,New Mexico,Total,Asian,Partial emp.,Sliding scale,7484.123806,148.5929606,0.02432474
2024,35,New Mexico,Total,Asian,Partial emp.,Fixed (7%),7484.123806,98.79561104,0.01630581
2024,35,New Mexico,Total,Asian,Max emp.,Sliding scale,7484.123806,50.59096325,0.0084168
2024,35,New Mexico,Total,Asian,Max emp.,Fixed (7%),7484.123806,23.75316695,0.00396953
2024,36,New York,Total,Asian,Universal,Sliding scale,270086.0162,7321.873097,0.03197675
2024,36,New York,Total,Asian,Universal,Fixed (7%),270086.0162,5810.717021,0.02554569
2024,36,New York,Total,Asian,Partial emp.,Sliding scale,270086.0162,6998.844518,0.03060917
2024,36,New York,Total,Asian,Partial emp.,Fixed (7%),270086.0162,5508.000469,0.02424712
2024,36,New York,Total,Asian,Max emp.,Sliding scale,270086.0162,3661.894516,0.01625234
2024,36,New York,Total,Asian,Max emp.,Fixed (7%),270086.0162,2790.747986,0.01243406
2024,37,North Carolina,Total,Asian,Universal,Sliding scale,97057.00803,1216.983787,0.01567571
2024,37,North Carolina,Total,Asian,Universal,Fixed (7%),97057.00803,781.7607511,0.01012646
2024,37,North Carolina,Total,Asian,Partial emp.,Sliding scale,97057.00803,1123.035805,0.01448311
2024,37,North Carolina,Total,Asian,Partial emp.,Fixed (7%),97057.00803,711.4332708,0.00922389
2024,37,North Carolina,Total,Asian,Max emp.,Sliding scale,97057.00803,476.2342827,0.00619337
2024,37,North Carolina,Total,Asian,Max emp.,Fixed (7%),97057.00803,283.8755843,0.00370102
2024,38,North Dakota,Total,Asian,Universal,Sliding scale,3283.99997,109.6491749,0.03701052
2024,38,North Dakota,Total,Asian,Universal,Fixed (7%),3283.99997,75.98755183,0.02594328
2024,38,North Dakota,Total,Asian,Partial emp.,Sliding scale,3283.99997,109.6491749,0.03701052
2024,38,North Dakota,Total,Asian,Partial emp.,Fixed (7%),3283.99997,75.98755183,0.02594328
2024,38,North Dakota,Total,Asian,Max emp.,Sliding scale,3283.99997,60.32672014,0.02070716
2024,38,North Dakota,Total,Asian,Max emp.,Fixed (7%),3283.99997,39.4604883,0.01364253
2024,39,Ohio,Total,Asian,Universal,Sliding scale,69157.0832,1546.421057,0.02713853
2024,39,Ohio,Total,Asian,Universal,Fixed (7%),69157.0832,1126.886878,0.0199227
2024,39,Ohio,Total,Asian,Partial emp.,Sliding scale,69157.0832,1429.391146,0.02513636
2024,39,Ohio,Total,Asian,Partial emp.,Fixed (7%),69157.0832,1018.392014,0.01803917
2024,39,Ohio,Total,Asian,Max emp.,Sliding scale,69157.0832,778.9601697,0.01385679
2024,39,Ohio,Total,Asian,Max emp.,Fixed (7%),69157.0832,534.7448565,0.00955399
2024,40,Oklahoma,Total,Asian,Universal,Sliding scale,23263.06981,550.9193539,0.02896537
2024,40,Oklahoma,Total,Asian,Universal,Fixed (7%),23263.06981,384.9898297,0.02041953
2024,40,Oklahoma,Total,Asian,Partial emp.,Sliding scale,23263.06981,541.6933932,0.02849413
2024,40,Oklahoma,Total,Asian,Partial emp.,Fixed (7%),23263.06981,378.056157,0.02005915
2024,40,Oklahoma,Total,Asian,Max emp.,Sliding scale,23263.06981,217.706891,0.01165036
2024,40,Oklahoma,Total,Asian,Max emp.,Fixed (7%),23263.06981,136.0178004,0.00731081
2024,41,Oregon,Total,Asian,Universal,Sliding scale,40016.0202,768.7899752,0.02367197
2024,41,Oregon,Total,Asian,Universal,Fixed (7%),40016.0202,582.9526631,0.01805312
2024,41,Oregon,Total,Asian,Partial emp.,Sliding scale,40016.0202,759.0803883,0.02337999
2024,41,Oregon,Total,Asian,Partial emp.,Fixed (7%),40016.0202,574.6487632,0.01780053
2024,41,Oregon,Total,Asian,Max emp.,Sliding scale,40016.0202,348.8348301,0.01088175
2024,41,Oregon,Total,Asian,Max emp.,Fixed (7%),40016.0202,261.5738659,0.00818196
2024,42,Pennsylvania,Total,Asian,Universal,Sliding scale,101190,1824.1031,0.02180113
2024,42,Pennsylvania,Total,Asian,Universal,Fixed (7%),101190,1357.999898,0.01632133
2024,42,Pennsylvania,Total,Asian,Partial emp.,Sliding scale,101190,1722.285172,0.02060932
2024,42,Pennsylvania,Total,Asian,Partial emp.,Fixed (7%),101190,1275.898373,0.01534973
2024,42,Pennsylvania,Total,Asian,Max emp.,Sliding scale,101190,803.4826199,0.00972157
2024,42,Pennsylvania,Total,Asian,Max emp.,Fixed (7%),101190,575.3668428,0.0069808
2024,44,Rhode Island,Total,Asian,Universal,Sliding scale,7914.999998,132.0448302,0.01903474
2024,44,Rhode Island,Total,Asian,Universal,Fixed (7%),7914.999998,100.3626299,0.01453401
2024,44,Rhode Island,Total,Asian,Partial emp.,Sliding scale,7914.999998,131.8950273,0.01901355
2024,44,Rhode Island,Total,Asian,Partial emp.,Fixed (7%),7914.999998,100.2598105,0.01451934
2024,44,Rhode Island,Total,Asian,Max emp.,Sliding scale,7914.999998,48.33040527,0.0070521
2024,44,Rhode Island,Total,Asian,Max emp.,Fixed (7%),7914.999998,30.87155105,0.00451611
2024,45,South Carolina,Total,Asian,Universal,Sliding scale,23880.99349,391.4785615,0.01897574
2024,45,South Carolina,Total,Asian,Universal,Fixed (7%),23880.99349,245.4410494,0.01198183
2024,45,South Carolina,Total,Asian,Partial emp.,Sliding scale,23880.99349,387.2031115,0.0187724
2024,45,South Carolina,Total,Asian,Partial emp.,Fixed (7%),23880.99349,241.1655993,0.01177557
2024,45,South Carolina,Total,Asian,Max emp.,Sliding scale,23880.99349,195.5944227,0.00957173
2024,45,South Carolina,Total,Asian,Max emp.,Fixed (7%),23880.99349,105.9190501,0.00520617
2024,46,South Dakota,Total,Asian,Universal,Sliding scale,3180.992301,51.89108789,0.02145228
2024,46,South Dakota,Total,Asian,Universal,Fixed (7%),3180.992301,34.81077495,0.01449345
2024,46,South Dakota,Total,Asian,Partial emp.,Sliding scale,3180.992301,51.62575027,0.02134492
2024,46,South Dakota,Total,Asian,Partial emp.,Fixed (7%),3180.992301,34.68800051,0.01444307
2024,46,South Dakota,Total,Asian,Max emp.,Sliding scale,3180.992301,39.58896647,0.01645012
2024,46,South Dakota,Total,Asian,Max emp.,Fixed (7%),3180.992301,28.28836822,0.01180992
2024,47,Tennessee,Total,Asian,Universal,Sliding scale,26842.06649,358.3413792,0.01659189
2024,47,Tennessee,Total,Asian,Universal,Fixed (7%),26842.06649,195.1083674,0.00910269
2024,47,Tennessee,Total,Asian,Partial emp.,Sliding scale,26842.06649,352.1990877,0.01631213
2024,47,Tennessee,Total,Asian,Partial emp.,Fixed (7%),26842.06649,189.9954707,0.00886626
2024,47,Tennessee,Total,Asian,Max emp.,Sliding scale,26842.06649,146.8234155,0.00686544
2024,47,Tennessee,Total,Asian,Max emp.,Fixed (7%),26842.06649,64.70005206,0.00303703
2024,48,Texas,Total,Asian,Universal,Sliding scale,393241.9892,6054.312474,0.01854056
2024,48,Texas,Total,Asian,Universal,Fixed (7%),393241.9892,4066.549784,0.01252956
2024,48,Texas,Total,Asian,Partial emp.,Sliding scale,393241.9892,5727.319453,0.01755676
2024,48,Texas,Total,Asian,Partial emp.,Fixed (7%),393241.9892,3806.935753,0.01173904
2024,48,Texas,Total,Asian,Max emp.,Sliding scale,393241.9892,2540.004225,0.00786306
2024,48,Texas,Total,Asian,Max emp.,Fixed (7%),393241.9892,1613.340868,0.00500877
2024,49,Utah,Total,Asian,Universal,Sliding scale,19461.96041,470.3421589,0.03075878
2024,49,Utah,Total,Asian,Universal,Fixed (7%),19461.96041,300.527755,0.01987421
2024,49,Utah,Total,Asian,Partial emp.,Sliding scale,19461.96041,457.5521675,0.02994741
2024,49,Utah,Total,Asian,Partial emp.,Fixed (7%),19461.96041,288.7101385,0.01910763
2024,49,Utah,Total,Asian,Max emp.,Sliding scale,19461.96041,219.8996127,0.01462014
2024,49,Utah,Total,Asian,Max emp.,Fixed (7%),19461.96041,123.5506237,0.00826729
2024,50,Vermont,Total,Asian,Universal,Sliding scale,2588.967506,67.16542996,0.02742417
2024,50,Vermont,Total,Asian,Universal,Fixed (7%),2588.967506,52.8265378,0.02169651
2024,50,Vermont,Total,Asian,Partial emp.,Sliding scale,2588.967506,55.32945714,0.02270116
2024,50,Vermont,Total,Asian,Partial emp.,Fixed (7%),2588.967506,42.70962278,0.01761456
2024,50,Vermont,Total,Asian,Max emp.,Sliding scale,2588.967506,51.22184808,0.02105132
2024,50,Vermont,Total,Asian,Max emp.,Fixed (7%),2588.967506,38.91507304,0.01607475
2024,51,Virginia,Total,Asian,Universal,Sliding scale,120544.9285,2686.713264,0.02535218
2024,51,Virginia,Total,Asian,Universal,Fixed (7%),120544.9285,2032.653264,0.0192995
2024,51,Virginia,Total,Asian,Partial emp.,Sliding scale,120544.9285,2656.725575,0.02507631
2024,51,Virginia,Total,Asian,Partial emp.,Fixed (7%),120544.9285,2005.816745,0.01904954
2024,51,Virginia,Total,Asian,Max emp.,Sliding scale,120544.9285,1497.827299,0.01429405
2024,51,Virginia,Total,Asian,Max emp.,Fixed (7%),120544.9285,1096.814154,0.01050732
2024,53,Washington,Total,Asian,Universal,Sliding scale,165444.9969,4335.794805,0.03032516
2024,53,Washington,Total,Asian,Universal,Fixed (7%),165444.9969,3373.66295,0.02375574
2024,53,Washington,Total,Asian,Partial emp.,Sliding scale,165444.9969,4218.903069,0.02953175
2024,53,Washington,Total,Asian,Partial emp.,Fixed (7%),165444.9969,3261.174715,0.02298185
2024,53,Washington,Total,Asian,Max emp.,Sliding scale,165444.9969,2404.802122,0.01704979
2024,53,Washington,Total,Asian,Max emp.,Fixed (7%),165444.9969,1849.645231,0.01316561
2024,54,West Virginia,Total,Asian,Universal,Sliding scale,3324.999991,69.22680688,0.02172689
2024,54,West Virginia,Total,Asian,Universal,Fixed (7%),3324.999991,55.04338654,0.01735266
2024,54,West Virginia,Total,Asian,Partial emp.,Sliding scale,3324.999991,69.22680688,0.02172689
2024,54,West Virginia,Total,Asian,Partial emp.,Fixed (7%),3324.999991,55.04338654,0.01735266
2024,54,West Virginia,Total,Asian,Max emp.,Sliding scale,3324.999991,38.01713993,0.01204974
2024,54,West Virginia,Total,Asian,Max emp.,Fixed (7%),3324.999991,28.54571168,0.00907496
2024,55,Wisconsin,Total,Asian,Universal,Sliding scale,37309.01641,1080.946172,0.03227961
2024,55,Wisconsin,Total,Asian,Universal,Fixed (7%),37309.01641,832.6730708,0.02505132
2024,55,Wisconsin,Total,Asian,Partial emp.,Sliding scale,37309.01641,947.4882659,0.02840746
2024,55,Wisconsin,Total,Asian,Partial emp.,Fixed (7%),37309.01641,703.2501413,0.02124028
2024,55,Wisconsin,Total,Asian,Max emp.,Sliding scale,37309.01641,666.7127202,0.02015899
2024,55,Wisconsin,Total,Asian,Max emp.,Fixed (7%),37309.01641,491.8816505,0.01495177
2024,56,Wyoming,Total,Asian,Universal,Sliding scale,1217.961603,50.05365438,0.0441777
2024,56,Wyoming,Total,Asian,Universal,Fixed (7%),1217.961603,36.40776607,0.03252548
2024,56,Wyoming,Total,Asian,Partial emp.,Sliding scale,1217.961603,50.05365438,0.0441777
2024,56,Wyoming,Total,Asian,Partial emp.,Fixed (7%),1217.961603,36.40776607,0.03252548
2024,56,Wyoming,Total,Asian,Max emp.,Sliding scale,1217.961603,5.454163743,0.00501114
2024,56,Wyoming,Total,Asian,Max emp.,Fixed (7%),1217.961603,1.545490358,0.00142507
2024,99999,United States,Total,Asian,Universal,Sliding scale,3680988.023,75154.11221,0.02390218
2024,99999,United States,Total,Asian,Universal,Fixed (7%),3680988.023,55415.8237,0.01773591
2024,99999,United States,Total,Asian,Partial emp.,Sliding scale,3680988.023,72472.18858,0.0230689
2024,99999,United States,Total,Asian,Partial emp.,Fixed (7%),3680988.023,53098.35219,0.01700682
2024,99999,United States,Total,Asian,Max emp.,Sliding scale,3680988.023,39286.41443,0.01263892
2024,99999,United States,Total,Asian,Max emp.,Fixed (7%),3680988.023,28112.52333,0.00907677
2024,1,Alabama,Total,Other,Universal,Sliding scale,25924.0796,480.6872285,0.02157701
2024,1,Alabama,Total,Other,Universal,Fixed (7%),25924.0796,309.783526,0.01401301
2024,1,Alabama,Total,Other,Partial emp.,Sliding scale,25924.0796,422.8722625,0.01903121
2024,1,Alabama,Total,Other,Partial emp.,Fixed (7%),25924.0796,258.1932602,0.01170666
2024,1,Alabama,Total,Other,Max emp.,Sliding scale,25924.0796,256.6010018,0.0116353
2024,1,Alabama,Total,Other,Max emp.,Fixed (7%),25924.0796,141.7758484,0.00646232
2024,2,Alaska,Total,Other,Universal,Sliding scale,32168,1060.791814,0.03919163
2024,2,Alaska,Total,Other,Universal,Fixed (7%),32168,800.4380682,0.02985992
2024,2,Alaska,Total,Other,Partial emp.,Sliding scale,32168,1012.32034,0.03746792
2024,2,Alaska,Total,Other,Partial emp.,Fixed (7%),32168,750.8520871,0.02806205
2024,2,Alaska,Total,Other,Max emp.,Sliding scale,32168,566.8573363,0.02133219
2024,2,Alaska,Total,Other,Max emp.,Fixed (7%),32168,403.4092572,0.01527521
2024,4,Arizona,Total,Other,Universal,Sliding scale,77551.77994,2138.51486,0.03397037
2024,4,Arizona,Total,Other,Universal,Fixed (7%),77551.77994,1596.523353,0.02558106
2024,4,Arizona,Total,Other,Partial emp.,Sliding scale,77551.77994,1871.684188,0.02985831
2024,4,Arizona,Total,Other,Partial emp.,Fixed (7%),77551.77994,1355.733749,0.02180703
2024,4,Arizona,Total,Other,Max emp.,Sliding scale,77551.77994,1159.255378,0.01870578
2024,4,Arizona,Total,Other,Max emp.,Fixed (7%),77551.77994,821.0199553,0.01332071
2024,5,Arkansas,Total,Other,Universal,Sliding scale,31810.42597,982.1282143,0.0360829
2024,5,Arkansas,Total,Other,Universal,Fixed (7%),31810.42597,708.5674843,0.02629671
2024,5,Arkansas,Total,Other,Partial emp.,Sliding scale,31810.42597,926.595488,0.03411225
2024,5,Arkansas,Total,Other,Partial emp.,Fixed (7%),31810.42597,655.4696189,0.02437414
2024,5,Arkansas,Total,Other,Max emp.,Sliding scale,31810.42597,542.8773098,0.02027219
2024,5,Arkansas,Total,Other,Max emp.,Fixed (7%),31810.42597,361.7385489,0.01360008
2024,6,California,Total,Other,Universal,Sliding scale,260409.1491,7503.174166,0.03272532
2024,6,California,Total,Other,Universal,Fixed (7%),260409.1491,6081.852463,0.02669165
2024,6,California,Total,Other,Partial emp.,Sliding scale,260409.1491,6957.431711,0.03041745
2024,6,California,Total,Other,Partial emp.,Fixed (7%),260409.1491,5563.850819,0.02447392
2024,6,California,Total,Other,Max emp.,Sliding scale,260409.1491,4194.341176,0.01856162
2024,6,California,Total,Other,Max emp.,Fixed (7%),260409.1491,3310.255533,0.01470673
2024,8,Colorado,Total,Other,Universal,Sliding scale,39858.09415,947.0371374,0.02785146
2024,8,Colorado,Total,Other,Universal,Fixed (7%),39858.09415,736.5525683,0.02179623
2024,8,Colorado,Total,Other,Partial emp.,Sliding scale,39858.09415,915.6266051,0.02695261
2024,8,Colorado,Total,Other,Partial emp.,Fixed (7%),39858.09415,706.6639871,0.02093028
2024,8,Colorado,Total,Other,Max emp.,Sliding scale,39858.09415,488.5380453,0.01456382
2024,8,Colorado,Total,Other,Max emp.,Fixed (7%),39858.09415,348.3252098,0.01042752
2024,9,Connecticut,Total,Other,Universal,Sliding scale,28646.00002,847.8020218,0.03366057
2024,9,Connecticut,Total,Other,Universal,Fixed (7%),28646.00002,655.2633267,0.02621655
2024,9,Connecticut,Total,Other,Partial emp.,Sliding scale,28646.00002,697.8343887,0.02787231
2024,9,Connecticut,Total,Other,Partial emp.,Fixed (7%),28646.00002,512.2144504,0.02061124
2024,9,Connecticut,Total,Other,Max emp.,Sliding scale,28646.00002,430.7649474,0.01739076
2024,9,Connecticut,Total,Other,Max emp.,Fixed (7%),28646.00002,314.0008845,0.01273682
2024,10,Delaware,Total,Other,Universal,Sliding scale,4578,34.53312502,0.00838074
2024,10,Delaware,Total,Other,Universal,Fixed (7%),4578,23.14077814,0.00563154
2024,10,Delaware,Total,Other,Partial emp.,Sliding scale,4578,31.86793749,0.00773894
2024,10,Delaware,Total,Other,Partial emp.,Fixed (7%),4578,20.65539573,0.00502974
2024,10,Delaware,Total,Other,Max emp.,Sliding scale,4578,31.02810061,0.00753653
2024,10,Delaware,Total,Other,Max emp.,Fixed (7%),4578,20.12028757,0.00490007
2024,11,District of Columbia,Total,Other,Universal,Sliding scale,4137,167.5915202,0.05097699
2024,11,District of Columbia,Total,Other,Universal,Fixed (7%),4137,155.5252609,0.04748101
2024,11,District of Columbia,Total,Other,Partial emp.,Sliding scale,4137,94.14891329,0.02929202
2024,11,District of Columbia,Total,Other,Partial emp.,Fixed (7%),4137,82.84512032,0.0258661
2024,11,District of Columbia,Total,Other,Max emp.,Sliding scale,4137,94.23975737,0.02931945
2024,11,District of Columbia,Total,Other,Max emp.,Fixed (7%),4137,82.91309786,0.02588678
2024,12,Florida,Total,Other,Universal,Sliding scale,137560.9587,3074.488094,0.02703929
2024,12,Florida,Total,Other,Universal,Fixed (7%),137560.9587,2178.95439,0.01931544
2024,12,Florida,Total,Other,Partial emp.,Sliding scale,137560.9587,2821.284776,0.02486782
2024,12,Florida,Total,Other,Partial emp.,Fixed (7%),137560.9587,1937.225669,0.01720951
2024,12,Florida,Total,Other,Max emp.,Sliding scale,137560.9587,1640.30378,0.01461031
2024,12,Florida,Total,Other,Max emp.,Fixed (7%),137560.9587,1095.846828,0.00980836
2024,13,Georgia,Total,Other,Universal,Sliding scale,66341.19416,1050.225572,0.01871613
2024,13,Georgia,Total,Other,Universal,Fixed (7%),66341.19416,615.8035056,0.01105989
2024,13,Georgia,Total,Other,Partial emp.,Sliding scale,66341.19416,939.3917405,0.01677408
2024,13,Georgia,Total,Other,Partial emp.,Fixed (7%),66341.19416,525.2526395,0.00944896
2024,13,Georgia,Total,Other,Max emp.,Sliding scale,66341.19416,513.1232321,0.00923277
2024,13,Georgia,Total,Other,Max emp.,Fixed (7%),66341.19416,251.4212286,0.0045453
2024,15,Hawaii,Total,Other,Universal,Sliding scale,46175.99998,1007.10086,0.02403117
2024,15,Hawaii,Total,Other,Universal,Fixed (7%),46175.99998,766.5523477,0.01839687
2024,15,Hawaii,Total,Other,Partial emp.,Sliding scale,46175.99998,959.6494981,0.02292486
2024,15,Hawaii,Total,Other,Partial emp.,Fixed (7%),46175.99998,726.636326,0.01745562
2024,15,Hawaii,Total,Other,Max emp.,Sliding scale,46175.99998,592.421873,0.01427749
2024,15,Hawaii,Total,Other,Max emp.,Fixed (7%),46175.99998,413.8674239,0.0100174
2024,16,Idaho,Total,Other,Universal,Sliding scale,13218.63437,341.9163849,0.03113547
2024,16,Idaho,Total,Other,Universal,Fixed (7%),13218.63437,244.3530424,0.02245065
2024,16,Idaho,Total,Other,Partial emp.,Sliding scale,13218.63437,318.0214312,0.02902271
2024,16,Idaho,Total,Other,Partial emp.,Fixed (7%),13218.63437,220.9608602,0.02034515
2024,16,Idaho,Total,Other,Max emp.,Sliding scale,13218.63437,189.5357231,0.0175023
2024,16,Idaho,Total,Other,Max emp.,Fixed (7%),13218.63437,127.2941863,0.01182268
2024,17,Illinois,Total,Other,Universal,Sliding scale,59529.21008,812.5655767,0.01638641
2024,17,Illinois,Total,Other,Universal,Fixed (7%),59529.21008,533.6805018,0.01082321
2024,17,Illinois,Total,Other,Partial emp.,Sliding scale,59529.21008,769.6805843,0.01553502
2024,17,Illinois,Total,Other,Partial emp.,Fixed (7%),59529.21008,495.6806234,0.01006032
2024,17,Illinois,Total,Other,Max emp.,Sliding scale,59529.21008,469.6203713,0.00953644
2024,17,Illinois,Total,Other,Max emp.,Fixed (7%),59529.21008,292.2733232,0.00595656
2024,18,Indiana,Total,Other,Universal,Sliding scale,37702.2184,1184.686249,0.03537444
2024,18,Indiana,Total,Other,Universal,Fixed (7%),37702.2184,910.540139,0.02741291
2024,18,Indiana,Total,Other,Partial emp.,Sliding scale,37702.2184,1144.075152,0.03420328
2024,18,Indiana,Total,Other,Partial emp.,Fixed (7%),37702.2184,875.0882452,0.02637374
2024,18,Indiana,Total,Other,Max emp.,Sliding scale,37702.2184,592.6862503,0.01801593
2024,18,Indiana,Total,Other,Max emp.,Fixed (7%),37702.2184,411.2220433,0.01256928
2024,19,Iowa,Total,Other,Universal,Sliding scale,17603.9317,300.1720528,0.02085239
2024,19,Iowa,Total,Other,Universal,Fixed (7%),17603.9317,200.4250412,0.0140203
2024,19,Iowa,Total,Other,Partial emp.,Sliding scale,17603.9317,289.0240604,0.02009352
2024,19,Iowa,Total,Other,Partial emp.,Fixed (7%),17603.9317,189.3943566,0.0132589
2024,19,Iowa,Total,Other,Max emp.,Sliding scale,17603.9317,162.5046595,0.0113979
2024,19,Iowa,Total,Other,Max emp.,Fixed (7%),17603.9317,100.3065057,0.00706621
2024,20,Kansas,Total,Other,Universal,Sliding scale,20378.22367,357.738115,0.02074575
2024,20,Kansas,Total,Other,Universal,Fixed (7%),20378.22367,213.5005809,0.01248564
2024,20,Kansas,Total,Other,Partial emp.,Sliding scale,20378.22367,321.9133776,0.01870708
2024,20,Kansas,Total,Other,Partial emp.,Fixed (7%),20378.22367,180.7375745,0.01058993
2024,20,Kansas,Total,Other,Max emp.,Sliding scale,20378.22367,147.5307371,0.0086611
2024,20,Kansas,Total,Other,Max emp.,Fixed (7%),20378.22367,62.28156078,0.00367476
2024,21,Kentucky,Total,Other,Universal,Sliding scale,27077.80064,846.4450651,0.03823103
2024,21,Kentucky,Total,Other,Universal,Fixed (7%),27077.80064,641.4333148,0.02924212
2024,21,Kentucky,Total,Other,Partial emp.,Sliding scale,27077.80064,770.3346278,0.0349134
2024,21,Kentucky,Total,Other,Partial emp.,Fixed (7%),27077.80064,575.1509156,0.02629986
2024,21,Kentucky,Total,Other,Max emp.,Sliding scale,27077.80064,408.9083023,0.01884133
2024,21,Kentucky,Total,Other,Max emp.,Fixed (7%),27077.80064,283.167654,0.0131236
2024,22,Louisiana,Total,Other,Universal,Sliding scale,29677.87749,948.9106443,0.03661655
2024,22,Louisiana,Total,Other,Universal,Fixed (7%),29677.87749,711.9705644,0.02772702
2024,22,Louisiana,Total,Other,Partial emp.,Sliding scale,29677.87749,870.6729472,0.03369926
2024,22,Louisiana,Total,Other,Partial emp.,Fixed (7%),29677.87749,641.2817831,0.02504305
2024,22,Louisiana,Total,Other,Max emp.,Sliding scale,29677.87749,638.6422346,0.02494255
2024,22,Louisiana,Total,Other,Max emp.,Fixed (7%),29677.87749,471.2393719,0.01852565
2024,23,Maine,Total,Other,Universal,Sliding scale,7906.855121,183.4643239,0.02869621
2024,23,Maine,Total,Other,Universal,Fixed (7%),7906.855121,137.0228981,0.02158899
2024,23,Maine,Total,Other,Partial emp.,Sliding scale,7906.855121,153.2628495,0.02408609
2024,23,Maine,Total,Other,Partial emp.,Fixed (7%),7906.855121,108.6479122,0.01719517
2024,23,Maine,Total,Other,Max emp.,Sliding scale,7906.855121,102.6918405,0.01626787
2024,23,Maine,Total,Other,Max emp.,Fixed (7%),7906.855121,73.76470265,0.01173919
2024,24,Maryland,Total,Other,Universal,Sliding scale,44252.15872,877.3991345,0.02259617
2024,24,Maryland,Total,Other,Universal,Fixed (7%),44252.15872,656.1346251,0.01699465
2024,24,Maryland,Total,Other,Partial emp.,Sliding scale,44252.15872,835.270613,0.02153457
2024,24,Maryland,Total,Other,Partial emp.,Fixed (7%),44252.15872,614.5772672,0.01593542
2024,24,Maryland,Total,Other,Max emp.,Sliding scale,44252.15872,583.5210548,0.01514236
2024,24,Maryland,Total,Other,Max emp.,Fixed (7%),44252.15872,423.8439189,0.0110445
2024,25,Massachusetts,Total,Other,Universal,Sliding scale,77973.082,2051.482713,0.03021616
2024,25,Massachusetts,Total,Other,Universal,Fixed (7%),77973.082,1593.94919,0.02363647
2024,25,Massachusetts,Total,Other,Partial emp.,Sliding scale,77973.082,1784.879643,0.02639302
2024,25,Massachusetts,Total,Other,Partial emp.,Fixed (7%),77973.082,1337.953406,0.01991594
2024,25,Massachusetts,Total,Other,Max emp.,Sliding scale,77973.082,1214.195604,0.01810712
2024,25,Massachusetts,Total,Other,Max emp.,Fixed (7%),77973.082,890.5891287,0.01334563
2024,26,Michigan,Total,Other,Universal,Sliding scale,77955.65411,2018.194594,0.03013674
2024,26,Michigan,Total,Other,Universal,Fixed (7%),77955.65411,1479.521884,0.02227215
2024,26,Michigan,Total,Other,Partial emp.,Sliding scale,77955.65411,1847.821995,0.02766302
2024,26,Michigan,Total,Other,Partial emp.,Fixed (7%),77955.65411,1319.321513,0.01990856
2024,26,Michigan,Total,Other,Max emp.,Sliding scale,77955.65411,1012.685513,0.01535246
2024,26,Michigan,Total,Other,Max emp.,Fixed (7%),77955.65411,669.3148404,0.01020001
2024,27,Minnesota,Total,Other,Universal,Sliding scale,37343.36499,799.0815345,0.02368535
2024,27,Minnesota,Total,Other,Universal,Fixed (7%),37343.36499,611.1691872,0.01821696
2024,27,Minnesota,Total,Other,Partial emp.,Sliding scale,37343.36499,721.6338548,0.02143896
2024,27,Minnesota,Total,Other,Partial emp.,Fixed (7%),37343.36499,544.0529711,0.01624895
2024,27,Minnesota,Total,Other,Max emp.,Sliding scale,37343.36499,544.8621011,0.01627272
2024,27,Minnesota,Total,Other,Max emp.,Fixed (7%),37343.36499,396.8742912,0.01190557
2024,28,Mississippi,Total,Other,Universal,Sliding scale,11698.95069,209.7558489,0.02149432
2024,28,Mississippi,Total,Other,Universal,Fixed (7%),11698.95069,143.4908868,0.01480448
2024,28,Mississippi,Total,Other,Partial emp.,Sliding scale,11698.95069,186.1776401,0.0191244
2024,28,Mississippi,Total,Other,Partial emp.,Fixed (7%),11698.95069,124.8673378,0.01290782
2024,28,Mississippi,Total,Other,Max emp.,Sliding scale,11698.95069,96.37975751,0.00999242
2024,28,Mississippi,Total,Other,Max emp.,Fixed (7%),11698.95069,52.24417697,0.00544145
2024,29,Missouri,Total,Other,Universal,Sliding scale,37982.92261,1135.094001,0.03460124
2024,29,Missouri,Total,Other,Universal,Fixed (7%),37982.92261,817.0865533,0.02515118
2024,29,Missouri,Total,Other,Partial emp.,Sliding scale,37982.92261,1085.955013,0.03315299
2024,29,Missouri,Total,Other,Partial emp.,Fixed (7%),37982.92261,771.7230389,0.02378804
2024,29,Missouri,Total,Other,Max emp.,Sliding scale,37982.92261,651.7729578,0.02016519
2024,29,Missouri,Total,Other,Max emp.,Fixed (7%),37982.92261,434.6968137,0.01354001
2024,30,Montana,Total,Other,Universal,Sliding scale,17151.80133,499.2661426,0.03612791
2024,30,Montana,Total,Other,Universal,Fixed (7%),17151.80133,401.6385175,0.02927016
2024,30,Montana,Total,Other,Partial emp.,Sliding scale,17151.80133,440.5301805,0.03201372
2024,30,Montana,Total,Other,Partial emp.,Fixed (7%),17151.80133,349.0034555,0.02553222
2024,30,Montana,Total,Other,Max emp.,Sliding scale,17151.80133,267.8317907,0.01971095
2024,30,Montana,Total,Other,Max emp.,Fixed (7%),17151.80133,205.6491234,0.01520423
2024,31,Nebraska,Total,Other,Universal,Sliding scale,15398.05751,451.3104611,0.03044794
2024,31,Nebraska,Total,Other,Universal,Fixed (7%),15398.05751,372.176241,0.02524388
2024,31,Nebraska,Total,Other,Partial emp.,Sliding scale,15398.05751,434.1532448,0.02932436
2024,31,Nebraska,Total,Other,Partial emp.,Fixed (7%),15398.05751,356.4827252,0.02420519
2024,31,Nebraska,Total,Other,Max emp.,Sliding scale,15398.05751,298.6893796,0.02036092
2024,31,Nebraska,Total,Other,Max emp.,Fixed (7%),15398.05751,234.7917145,0.01607519
2024,32,Nevada,Total,Other,Universal,Sliding scale,30633.61801,1152.020495,0.04191195
2024,32,Nevada,Total,Other,Universal,Fixed (7%),30633.61801,936.0854167,0.03432562
2024,32,Nevada,Total,Other,Partial emp.,Sliding scale,30633.61801,1111.635261,0.04050219
2024,32,Nevada,Total,Other,Partial emp.,Fixed (7%),30633.61801,897.7461278,0.03296609
2024,32,Nevada,Total,Other,Max emp.,Sliding scale,30633.61801,839.7089198,0.03090076
2024,32,Nevada,Total,Other,Max emp.,Fixed (7%),30633.61801,689.9052493,0.02552881
2024,33,New Hampshire,Total,Other,Universal,Sliding scale,9103.841168,214.9150383,0.03083518
2024,33,New Hampshire,Total,Other,Universal,Fixed (7%),9103.841168,157.8209185,0.02283056
2024,33,New Hampshire,Total,Other,Partial emp.,Sliding scale,9103.841168,212.758993,0.03053529
2024,33,New Hampshire,Total,Other,Partial emp.,Fixed (7%),9103.841168,155.9278725,0.02256289
2024,33,New Hampshire,Total,Other,Max emp.,Sliding scale,9103.841168,78.76815781,0.01152651
2024,33,New Hampshire,Total,Other,Max emp.,Fixed (7%),9103.841168,51.05397969,0.00750139
2024,34,New Jersey,Total,Other,Universal,Sliding scale,48125,1145.660656,0.02690503
2024,34,New Jersey,Total,Other,Universal,Fixed (7%),48125,806.3237047,0.01908805
2024,34,New Jersey,Total,Other,Partial emp.,Sliding scale,48125,1107.664288,0.02603594
2024,34,New Jersey,Total,Other,Partial emp.,Fixed (7%),48125,770.9853696,0.01826677
2024,34,New Jersey,Total,Other,Max emp.,Sliding scale,48125,639.6681587,0.0152028
2024,34,New Jersey,Total,Other,Max emp.,Fixed (7%),48125,416.9739526,0.00996283
2024,35,New Mexico,Total,Other,Universal,Sliding scale,27124.12161,719.3761112,0.03325442
2024,35,New Mexico,Total,Other,Universal,Fixed (7%),27124.12161,554.0534032,0.02580933
2024,35,New Mexico,Total,Other,Partial emp.,Sliding scale,27124.12161,570.1837079,0.02654078
2024,35,New Mexico,Total,Other,Partial emp.,Fixed (7%),27124.12161,414.8299741,0.01945006
2024,35,New Mexico,Total,Other,Max emp.,Sliding scale,27124.12161,323.2405172,0.01522109
2024,35,New Mexico,Total,Other,Max emp.,Fixed (7%),27124.12161,227.2165537,0.01074801
2024,36,New York,Total,Other,Universal,Sliding scale,118334.0577,3427.753797,0.03355089
2024,36,New York,Total,Other,Universal,Fixed (7%),118334.0577,2698.102863,0.02659902
2024,36,New York,Total,Other,Partial emp.,Sliding scale,118334.0577,3097.797623,0.03041952
2024,36,New York,Total,Other,Partial emp.,Fixed (7%),118334.0577,2391.312721,0.02364608
2024,36,New York,Total,Other,Max emp.,Sliding scale,118334.0577,1744.605953,0.01736226
2024,36,New York,Total,Other,Max emp.,Fixed (7%),118334.0577,1279.456746,0.01279233
2024,37,North Carolina,Total,Other,Universal,Sliding scale,81455.9598,1723.638482,0.02559927
2024,37,North Carolina,Total,Other,Universal,Fixed (7%),81455.9598,1170.9355,0.01753453
2024,37,North Carolina,Total,Other,Partial emp.,Sliding scale,81455.9598,1591.429495,0.02368222
2024,37,North Carolina,Total,Other,Partial emp.,Fixed (7%),81455.9598,1063.92649,0.01595766
2024,37,North Carolina,Total,Other,Max emp.,Sliding scale,81455.9598,935.3902675,0.01405686
2024,37,North Carolina,Total,Other,Max emp.,Fixed (7%),81455.9598,589.3352783,0.00890272
2024,38,North Dakota,Total,Other,Universal,Sliding scale,9128.000009,149.4878212,0.02087968
2024,38,North Dakota,Total,Other,Universal,Fixed (7%),9128.000009,102.8215352,0.0144558
2024,38,North Dakota,Total,Other,Partial emp.,Sliding scale,9128.000009,124.1878758,0.01740743
2024,38,North Dakota,Total,Other,Partial emp.,Fixed (7%),9128.000009,80.26668509,0.01132069
2024,38,North Dakota,Total,Other,Max emp.,Sliding scale,9128.000009,90.86548121,0.0127964
2024,38,North Dakota,Total,Other,Max emp.,Fixed (7%),9128.000009,55.88138666,0.00790862
2024,39,Ohio,Total,Other,Universal,Sliding scale,76586.006,2266.014007,0.03454657
2024,39,Ohio,Total,Other,Universal,Fixed (7%),76586.006,1788.552634,0.02746736
2024,39,Ohio,Total,Other,Partial emp.,Sliding scale,76586.006,1963.195589,0.03006876
2024,39,Ohio,Total,Other,Partial emp.,Fixed (7%),76586.006,1500.456676,0.02314539
2024,39,Ohio,Total,Other,Max emp.,Sliding scale,76586.006,1316.348568,0.02036325
2024,39,Ohio,Total,Other,Max emp.,Fixed (7%),76586.006,988.7657511,0.01537361
2024,40,Oklahoma,Total,Other,Universal,Sliding scale,88941.78437,2787.30497,0.03718579
2024,40,Oklahoma,Total,Other,Universal,Fixed (7%),88941.78437,2070.611436,0.02789097
2024,40,Oklahoma,Total,Other,Partial emp.,Sliding scale,88941.78437,2590.356876,0.03464933
2024,40,Oklahoma,Total,Other,Partial emp.,Fixed (7%),88941.78437,1896.235599,0.02560228
2024,40,Oklahoma,Total,Other,Max emp.,Sliding scale,88941.78437,1548.73414,0.02100901
2024,40,Oklahoma,Total,Other,Max emp.,Fixed (7%),88941.78437,1074.121512,0.01466518
2024,41,Oregon,Total,Other,Universal,Sliding scale,38010.97688,1040.130609,0.03046118
2024,41,Oregon,Total,Other,Universal,Fixed (7%),38010.97688,763.799563,0.02255107
2024,41,Oregon,Total,Other,Partial emp.,Sliding scale,38010.97688,989.5989921,0.02902427
2024,41,Oregon,Total,Other,Partial emp.,Fixed (7%),38010.97688,718.7156593,0.02124826
2024,41,Oregon,Total,Other,Max emp.,Sliding scale,38010.97688,722.1550594,0.02134777
2024,41,Oregon,Total,Other,Max emp.,Fixed (7%),38010.97688,522.0442096,0.01552408
2024,42,Pennsylvania,Total,Other,Universal,Sliding scale,69121,1874.26245,0.03068122
2024,42,Pennsylvania,Total,Other,Universal,Fixed (7%),69121,1424.671802,0.02349444
2024,42,Pennsylvania,Total,Other,Partial emp.,Sliding scale,69121,1742.6228,0.02858792
2024,42,Pennsylvania,Total,Other,Partial emp.,Fixed (7%),69121,1310.89679,0.0216588
2024,42,Pennsylvania,Total,Other,Max emp.,Sliding scale,69121,1165.290322,0.0192995
2024,42,Pennsylvania,Total,Other,Max emp.,Fixed (7%),69121,857.9854761,0.01428262
2024,44,Rhode Island,Total,Other,Universal,Sliding scale,7399.999999,123.3066935,0.01969974
2024,44,Rhode Island,Total,Other,Universal,Fixed (7%),7399.999999,67.39306256,0.0108639
2024,44,Rhode Island,Total,Other,Partial emp.,Sliding scale,7399.999999,119.7926108,0.01914907
2024,44,Rhode Island,Total,Other,Partial emp.,Fixed (7%),7399.999999,67.0752607,0.01081323
2024,44,Rhode Island,Total,Other,Max emp.,Sliding scale,7399.999999,81.57879031,0.01312067
2024,44,Rhode Island,Total,Other,Max emp.,Fixed (7%),7399.999999,39.67370013,0.00642419
2024,45,South Carolina,Total,Other,Universal,Sliding scale,34095.98072,850.6051388,0.0298368
2024,45,South Carolina,Total,Other,Universal,Fixed (7%),34095.98072,578.5860637,0.02049066
2024,45,South Carolina,Total,Other,Partial emp.,Sliding scale,34095.98072,779.2738746,0.02740327
2024,45,South Carolina,Total,Other,Partial emp.,Fixed (7%),34095.98072,508.6615864,0.018059
2024,45,South Carolina,Total,Other,Max emp.,Sliding scale,34095.98072,401.7437146,0.01431745
2024,45,South Carolina,Total,Other,Max emp.,Fixed (7%),34095.98072,243.9566742,0.00874336
2024,46,South Dakota,Total,Other,Universal,Sliding scale,15699.66602,483.158113,0.03645619
2024,46,South Dakota,Total,Other,Universal,Fixed (7%),15699.66602,407.5489256,0.03092762
2024,46,South Dakota,Total,Other,Partial emp.,Sliding scale,15699.66602,382.1654752,0.02905732
2024,46,South Dakota,Total,Other,Partial emp.,Fixed (7%),15699.66602,310.9158067,0.02376873
2024,46,South Dakota,Total,Other,Max emp.,Sliding scale,15699.66602,115.9114214,0.00899523
2024,46,South Dakota,Total,Other,Max emp.,Fixed (7%),15699.66602,58.28847626,0.00454376
2024,47,Tennessee,Total,Other,Universal,Sliding scale,39923.54037,797.0439473,0.02264167
2024,47,Tennessee,Total,Other,Universal,Fixed (7%),39923.54037,459.1103412,0.01316839
2024,47,Tennessee,Total,Other,Partial emp.,Sliding scale,39923.54037,751.2450013,0.02136846
2024,47,Tennessee,Total,Other,Partial emp.,Fixed (7%),39923.54037,419.070595,0.01203377
2024,47,Tennessee,Total,Other,Max emp.,Sliding scale,39923.54037,468.9373531,0.01344646
2024,47,Tennessee,Total,Other,Max emp.,Fixed (7%),39923.54037,247.7220074,0.0071486
2024,48,Texas,Total,Other,Universal,Sliding scale,155006.6748,3375.375623,0.02586233
2024,48,Texas,Total,Other,Universal,Fixed (7%),155006.6748,2376.11535,0.01834641
2024,48,Texas,Total,Other,Partial emp.,Sliding scale,155006.6748,3113.333121,0.02390254
2024,48,Texas,Total,Other,Partial emp.,Fixed (7%),155006.6748,2136.532017,0.01652711
2024,48,Texas,Total,Other,Max emp.,Sliding scale,155006.6748,1780.769422,0.01381313
2024,48,Texas,Total,Other,Max emp.,Fixed (7%),155006.6748,1156.261406,0.00901259
2024,49,Utah,Total,Other,Universal,Sliding scale,28233.82782,737.1461119,0.03168203
2024,49,Utah,Total,Other,Universal,Fixed (7%),28233.82782,477.8188515,0.0207678
2024,49,Utah,Total,Other,Partial emp.,Sliding scale,28233.82782,704.8717139,0.03033698
2024,49,Utah,Total,Other,Partial emp.,Fixed (7%),28233.82782,449.1546667,0.0195463
2024,49,Utah,Total,Other,Max emp.,Sliding scale,28233.82782,410.0569327,0.01787526
2024,49,Utah,Total,Other,Max emp.,Fixed (7%),28233.82782,264.0352335,0.01158359
2024,50,Vermont,Total,Other,Universal,Sliding scale,2449.894596,0,0
2024,50,Vermont,Total,Other,Universal,Fixed (7%),2449.894596,0,0
2024,50,Vermont,Total,Other,Partial emp.,Sliding scale,2449.894596,0,0
2024,50,Vermont,Total,Other,Partial emp.,Fixed (7%),2449.894596,0,0
2024,50,Vermont,Total,Other,Max emp.,Sliding scale,2449.894596,0,0
2024,50,Vermont,Total,Other,Max emp.,Fixed (7%),2449.894596,0,0
2024,51,Virginia,Total,Other,Universal,Sliding scale,71373.91469,1978.972294,0.03273088
2024,51,Virginia,Total,Other,Universal,Fixed (7%),71373.91469,1461.155168,0.02437529
2024,51,Virginia,Total,Other,Partial emp.,Sliding scale,71373.91469,1848.309213,0.03063601
2024,51,Virginia,Total,Other,Partial emp.,Fixed (7%),71373.91469,1350.150424,0.02256527
2024,51,Virginia,Total,Other,Max emp.,Sliding scale,71373.91469,1074.486587,0.01804118
2024,51,Virginia,Total,Other,Max emp.,Fixed (7%),71373.91469,753.7383615,0.01272418
2024,53,Washington,Total,Other,Universal,Sliding scale,82358.99497,2616.212418,0.03812151
2024,53,Washington,Total,Other,Universal,Fixed (7%),82358.99497,2040.312118,0.02998151
2024,53,Washington,Total,Other,Partial emp.,Sliding scale,82358.99497,2475.925317,0.03615125
2024,53,Washington,Total,Other,Partial emp.,Fixed (7%),82358.99497,1916.578094,0.02821459
2024,53,Washington,Total,Other,Max emp.,Sliding scale,82358.99497,1451.753461,0.021519
2024,53,Washington,Total,Other,Max emp.,Fixed (7%),82358.99497,1103.441684,0.01644094
2024,54,West Virginia,Total,Other,Universal,Sliding scale,9546.897892,260.928948,0.03615554
2024,54,West Virginia,Total,Other,Universal,Fixed (7%),9546.897892,194.5858795,0.02721289
2024,54,West Virginia,Total,Other,Partial emp.,Sliding scale,9546.897892,217.9239822,0.03037759
2024,54,West Virginia,Total,Other,Partial emp.,Fixed (7%),9546.897892,160.2364872,0.02251729
2024,54,West Virginia,Total,Other,Max emp.,Sliding scale,9546.897892,120.9221406,0.01708703
2024,54,West Virginia,Total,Other,Max emp.,Fixed (7%),9546.897892,88.65826036,0.01258532
2024,55,Wisconsin,Total,Other,Universal,Sliding scale,32307.19701,730.9276347,0.02535559
2024,55,Wisconsin,Total,Other,Universal,Fixed (7%),32307.19701,559.26718,0.01951698
2024,55,Wisconsin,Total,Other,Partial emp.,Sliding scale,32307.19701,641.6868183,0.02232898
2024,55,Wisconsin,Total,Other,Partial emp.,Fixed (7%),32307.19701,476.1001411,0.01666302
2024,55,Wisconsin,Total,Other,Max emp.,Sliding scale,32307.19701,440.0169792,0.01541962
2024,55,Wisconsin,Total,Other,Max emp.,Fixed (7%),32307.19701,317.4829029,0.01117361
2024,56,Wyoming,Total,Other,Universal,Sliding scale,4835.135305,120.4840823,0.02739762
2024,56,Wyoming,Total,Other,Universal,Fixed (7%),4835.135305,80.99506216,0.01858485
2024,56,Wyoming,Total,Other,Partial emp.,Sliding scale,4835.135305,119.3659605,0.02715026
2024,56,Wyoming,Total,Other,Partial emp.,Fixed (7%),4835.135305,80.50423381,0.01847431
2024,56,Wyoming,Total,Other,Max emp.,Sliding scale,4835.135305,104.8985785,0.02393837
2024,56,Wyoming,Total,Other,Max emp.,Fixed (7%),4835.135305,73.62188869,0.01692166
2024,99999,United States,Total,Other,Universal,Sliding scale,2367807.515,60928.81561,0.03007291
2024,99999,United States,Total,Other,Universal,Fixed (7%),2367807.515,45509.91928,0.0226348
2024,99999,United States,Total,Other,Partial emp.,Sliding scale,2367807.515,55886.73024,0.02765309
2024,99999,United States,Total,Other,Partial emp.,Fixed (7%),2367807.515,40881.15382,0.02037955
2024,99999,United States,Total,Other,Max emp.,Sliding scale,2367807.515,33741.15591,0.0168803
2024,99999,United States,Total,Other,Max emp.,Fixed (7%),2367807.515,23790.53871,0.01196167
2024,1,Alabama,Total,People of Color,Universal,Sliding scale,225252.799,5573.053011,0.02983371
2024,1,Alabama,Total,People of Color,Universal,Fixed (7%),225252.799,3990.530957,0.02154466
2024,1,Alabama,Total,People of Color,Partial emp.,Sliding scale,225252.799,4680.276901,0.02517481
2024,1,Alabama,Total,People of Color,Partial emp.,Fixed (7%),225252.799,3178.786316,0.01723764
2024,1,Alabama,Total,People of Color,Max emp.,Sliding scale,225252.799,3031.399452,0.01645155
2024,1,Alabama,Total,People of Color,Max emp.,Fixed (7%),225252.799,2010.930241,0.01097419
2024,2,Alaska,Total,People of Color,Universal,Sliding scale,51941.00001,1709.663726,0.03777873
2024,2,Alaska,Total,People of Color,Universal,Fixed (7%),51941.00001,1295.176616,0.02888429
2024,2,Alaska,Total,People of Color,Partial emp.,Sliding scale,51941.00001,1551.271042,0.0343991
2024,2,Alaska,Total,People of Color,Partial emp.,Fixed (7%),51941.00001,1140.413436,0.02552093
2024,2,Alaska,Total,People of Color,Max emp.,Sliding scale,51941.00001,908.129799,0.02042893
2024,2,Alaska,Total,People of Color,Max emp.,Fixed (7%),51941.00001,646.0096074,0.01461858
2024,4,Arizona,Total,People of Color,Universal,Sliding scale,545555.3463,15987.60074,0.0349097
2024,4,Arizona,Total,People of Color,Universal,Fixed (7%),545555.3463,11684.45504,0.02575558
2024,4,Arizona,Total,People of Color,Partial emp.,Sliding scale,545555.3463,14783.77204,0.03236616
2024,4,Arizona,Total,People of Color,Partial emp.,Fixed (7%),545555.3463,10624.70404,0.02347445
2024,4,Arizona,Total,People of Color,Max emp.,Sliding scale,545555.3463,8770.777733,0.01945804
2024,4,Arizona,Total,People of Color,Max emp.,Fixed (7%),545555.3463,6057.594167,0.0135202
2024,5,Arkansas,Total,People of Color,Universal,Sliding scale,151264.17,4211.954744,0.03273519
2024,5,Arkansas,Total,People of Color,Universal,Fixed (7%),151264.17,2989.640345,0.02345825
2024,5,Arkansas,Total,People of Color,Partial emp.,Sliding scale,151264.17,3810.883206,0.02971069
2024,5,Arkansas,Total,People of Color,Partial emp.,Fixed (7%),151264.17,2614.593374,0.02057599
2024,5,Arkansas,Total,People of Color,Max emp.,Sliding scale,151264.17,2200.333925,0.01737254
2024,5,Arkansas,Total,People of Color,Max emp.,Fixed (7%),151264.17,1425.707673,0.01132582
2024,6,California,Total,People of Color,Universal,Sliding scale,3672745.794,114469.0143,0.03638997
2024,6,California,Total,People of Color,Universal,Fixed (7%),3672745.794,89074.42846,0.02854744
2024,6,California,Total,People of Color,Partial emp.,Sliding scale,3672745.794,107137.7354,0.03413891
2024,6,California,Total,People of Color,Partial emp.,Fixed (7%),3672745.794,82328.7131,0.02644267
2024,6,California,Total,People of Color,Max emp.,Sliding scale,3672745.794,61979.21369,0.0200377
2024,6,California,Total,People of Color,Max emp.,Fixed (7%),3672745.794,46184.63104,0.01500799
2024,8,Colorado,Total,People of Color,Universal,Sliding scale,307821.2794,9712.666222,0.03638521
2024,8,Colorado,Total,People of Color,Universal,Fixed (7%),307821.2794,7663.216688,0.02892976
2024,8,Colorado,Total,People of Color,Partial emp.,Sliding scale,307821.2794,9186.427126,0.03448181
2024,8,Colorado,Total,People of Color,Partial emp.,Fixed (7%),307821.2794,7175.337014,0.02713792
2024,8,Colorado,Total,People of Color,Max emp.,Sliding scale,307821.2794,4941.153555,0.01884725
2024,8,Colorado,Total,People of Color,Max emp.,Fixed (7%),307821.2794,3633.551462,0.01392908
2024,9,Connecticut,Total,People of Color,Universal,Sliding scale,217389,5174.208251,0.02746246
2024,9,Connecticut,Total,People of Color,Universal,Fixed (7%),217389,3883.183021,0.02075246
2024,9,Connecticut,Total,People of Color,Partial emp.,Sliding scale,217389,4796.367944,0.0255082
2024,9,Connecticut,Total,People of Color,Partial emp.,Fixed (7%),217389,3530.132631,0.01890135
2024,9,Connecticut,Total,People of Color,Max emp.,Sliding scale,217389,2953.56907,0.01586324
2024,9,Connecticut,Total,People of Color,Max emp.,Fixed (7%),217389,2076.208015,0.01120384
2024,10,Delaware,Total,People of Color,Universal,Sliding scale,62384,1008.12706,0.01748668
2024,10,Delaware,Total,People of Color,Universal,Fixed (7%),62384,641.3417927,0.01119576
2024,10,Delaware,Total,People of Color,Partial emp.,Sliding scale,62384,961.8246812,0.01669695
2024,10,Delaware,Total,People of Color,Partial emp.,Fixed (7%),62384,600.6923366,0.0104936
2024,10,Delaware,Total,People of Color,Max emp.,Sliding scale,62384,688.3260933,0.01200611
2024,10,Delaware,Total,People of Color,Max emp.,Fixed (7%),62384,411.2680739,0.00720837
2024,11,District of Columbia,Total,People of Color,Universal,Sliding scale,51762,2125.891333,0.04769257
2024,11,District of Columbia,Total,People of Color,Universal,Fixed (7%),51762,1925.736289,0.04339713
2024,11,District of Columbia,Total,People of Color,Partial emp.,Sliding scale,51762,1449.491822,0.03301917
2024,11,District of Columbia,Total,People of Color,Partial emp.,Fixed (7%),51762,1260.373865,0.02883532
2024,11,District of Columbia,Total,People of Color,Max emp.,Sliding scale,51762,1146.509894,0.02629881
2024,11,District of Columbia,Total,People of Color,Max emp.,Fixed (7%),51762,984.9011092,0.02267586
2024,12,Florida,Total,People of Color,Universal,Sliding scale,1650733.589,39413.17328,0.0275232
2024,12,Florida,Total,People of Color,Universal,Fixed (7%),1650733.589,27307.52987,0.01923211
2024,12,Florida,Total,People of Color,Partial emp.,Sliding scale,1650733.589,36124.01554,0.02528438
2024,12,Florida,Total,People of Color,Partial emp.,Fixed (7%),1650733.589,24291.24416,0.01714423
2024,12,Florida,Total,People of Color,Max emp.,Sliding scale,1650733.589,22787.23735,0.01609982
2024,12,Florida,Total,People of Color,Max emp.,Fixed (7%),1650733.589,14579.24352,0.01036073
2024,13,Georgia,Total,People of Color,Universal,Sliding scale,796903.5964,14227.39113,0.02084273
2024,13,Georgia,Total,People of Color,Universal,Fixed (7%),796903.5964,9252.002312,0.01365344
2024,13,Georgia,Total,People of Color,Partial emp.,Sliding scale,796903.5964,12729.68305,0.01868964
2024,13,Georgia,Total,People of Color,Partial emp.,Fixed (7%),796903.5964,7928.07715,0.01172259
2024,13,Georgia,Total,People of Color,Max emp.,Sliding scale,796903.5964,7889.088106,0.01166561
2024,13,Georgia,Total,People of Color,Max emp.,Fixed (7%),796903.5964,4616.806768,0.00686008
2024,15,Hawaii,Total,People of Color,Universal,Sliding scale,150559.9999,2868.919462,0.02158642
2024,15,Hawaii,Total,People of Color,Universal,Fixed (7%),150559.9999,2048.41355,0.01550848
2024,15,Hawaii,Total,People of Color,Partial emp.,Sliding scale,150559.9999,2765.982472,0.02082803
2024,15,Hawaii,Total,People of Color,Partial emp.,Fixed (7%),150559.9999,1972.048528,0.01493896
2024,15,Hawaii,Total,People of Color,Max emp.,Sliding scale,150559.9999,1620.990333,0.01231232
2024,15,Hawaii,Total,People of Color,Max emp.,Fixed (7%),150559.9999,1076.743098,0.00821241
2024,16,Idaho,Total,People of Color,Universal,Sliding scale,75671.49527,2006.62189,0.03189959
2024,16,Idaho,Total,People of Color,Universal,Fixed (7%),75671.49527,1315.473529,0.02114462
2024,16,Idaho,Total,People of Color,Partial emp.,Sliding scale,75671.49527,1879.467089,0.02993871
2024,16,Idaho,Total,People of Color,Partial emp.,Fixed (7%),75671.49527,1207.065617,0.01943596
2024,16,Idaho,Total,People of Color,Max emp.,Sliding scale,75671.49527,1125.662033,0.018149
2024,16,Idaho,Total,People of Color,Max emp.,Fixed (7%),75671.49527,696.3451474,0.0113054
2024,17,Illinois,Total,People of Color,Universal,Sliding scale,745333.6691,12993.90126,0.02029192
2024,17,Illinois,Total,People of Color,Universal,Fixed (7%),745333.6691,8796.366999,0.01382748
2024,17,Illinois,Total,People of Color,Partial emp.,Sliding scale,745333.6691,12074.85874,0.0188838
2024,17,Illinois,Total,People of Color,Partial emp.,Fixed (7%),745333.6691,7983.391873,0.01256558
2024,17,Illinois,Total,People of Color,Max emp.,Sliding scale,745333.6691,6981.977124,0.01100674
2024,17,Illinois,Total,People of Color,Max emp.,Fixed (7%),745333.6691,4344.148147,0.00687693
2024,18,Indiana,Total,People of Color,Universal,Sliding scale,269321.1424,7948.42058,0.0349066
2024,18,Indiana,Total,People of Color,Universal,Fixed (7%),269321.1424,5974.166626,0.02646585
2024,18,Indiana,Total,People of Color,Partial emp.,Sliding scale,269321.1424,7261.259332,0.03198536
2024,18,Indiana,Total,People of Color,Partial emp.,Fixed (7%),269321.1424,5341.590357,0.02373001
2024,18,Indiana,Total,People of Color,Max emp.,Sliding scale,269321.1424,4349.397855,0.01940774
2024,18,Indiana,Total,People of Color,Max emp.,Fixed (7%),269321.1424,3064.197554,0.01375182
2024,19,Iowa,Total,People of Color,Universal,Sliding scale,100291.0605,2021.271808,0.02378763
2024,19,Iowa,Total,People of Color,Universal,Fixed (7%),100291.0605,1479.474392,0.01752314
2024,19,Iowa,Total,People of Color,Partial emp.,Sliding scale,100291.0605,1967.699191,0.02317176
2024,19,Iowa,Total,People of Color,Partial emp.,Fixed (7%),100291.0605,1430.639963,0.01695454
2024,19,Iowa,Total,People of Color,Max emp.,Sliding scale,100291.0605,959.105073,0.01143025
2024,19,Iowa,Total,People of Color,Max emp.,Fixed (7%),100291.0605,646.048685,0.0077282
2024,20,Kansas,Total,People of Color,Universal,Sliding scale,135056.5867,2579.615652,0.02255497
2024,20,Kansas,Total,People of Color,Universal,Fixed (7%),135056.5867,1672.460389,0.01474014
2024,20,Kansas,Total,People of Color,Partial emp.,Sliding scale,135056.5867,2390.550079,0.02093647
2024,20,Kansas,Total,People of Color,Partial emp.,Fixed (7%),135056.5867,1501.808228,0.01325604
2024,20,Kansas,Total,People of Color,Max emp.,Sliding scale,135056.5867,1416.508541,0.01251254
2024,20,Kansas,Total,People of Color,Max emp.,Fixed (7%),135056.5867,817.3841477,0.00725867
2024,21,Kentucky,Total,People of Color,Universal,Sliding scale,131367.3573,3604.394053,0.03312695
2024,21,Kentucky,Total,People of Color,Universal,Fixed (7%),131367.3573,2660.373615,0.02466472
2024,21,Kentucky,Total,People of Color,Partial emp.,Sliding scale,131367.3573,3186.475162,0.02939889
2024,21,Kentucky,Total,People of Color,Partial emp.,Fixed (7%),131367.3573,2287.967479,0.02128558
2024,21,Kentucky,Total,People of Color,Max emp.,Sliding scale,131367.3573,1651.754766,0.01545822
2024,21,Kentucky,Total,People of Color,Max emp.,Fixed (7%),131367.3573,1117.627753,0.01051205
2024,22,Louisiana,Total,People of Color,Universal,Sliding scale,259745.6432,7466.468547,0.03368445
2024,22,Louisiana,Total,People of Color,Universal,Fixed (7%),259745.6432,5747.406773,0.02613169
2024,22,Louisiana,Total,People of Color,Partial emp.,Sliding scale,259745.6432,6489.261732,0.02940549
2024,22,Louisiana,Total,People of Color,Partial emp.,Fixed (7%),259745.6432,4833.86345,0.02206976
2024,22,Louisiana,Total,People of Color,Max emp.,Sliding scale,259745.6432,4270.549888,0.01954814
2024,22,Louisiana,Total,People of Color,Max emp.,Fixed (7%),259745.6432,3158.214253,0.01453048
2024,23,Maine,Total,People of Color,Universal,Sliding scale,21343.8225,567.6692603,0.03272339
2024,23,Maine,Total,People of Color,Universal,Fixed (7%),21343.8225,435.8847355,0.02531899
2024,23,Maine,Total,People of Color,Partial emp.,Sliding scale,21343.8225,518.6293545,0.02998123
2024,23,Maine,Total,People of Color,Partial emp.,Fixed (7%),21343.8225,388.7612445,0.02264374
2024,23,Maine,Total,People of Color,Max emp.,Sliding scale,21343.8225,386.4469739,0.02251197
2024,23,Maine,Total,People of Color,Max emp.,Fixed (7%),21343.8225,290.0152766,0.01698991
2024,24,Maryland,Total,People of Color,Universal,Sliding scale,494983.8433,11990.67174,0.02704626
2024,24,Maryland,Total,People of Color,Universal,Fixed (7%),494983.8433,9231.136381,0.02095224
2024,24,Maryland,Total,People of Color,Partial emp.,Sliding scale,494983.8433,11067.47734,0.02501599
2024,24,Maryland,Total,People of Color,Partial emp.,Fixed (7%),494983.8433,8374.950386,0.01904594
2024,24,Maryland,Total,People of Color,Max emp.,Sliding scale,494983.8433,7500.14392,0.01709049
2024,24,Maryland,Total,People of Color,Max emp.,Fixed (7%),494983.8433,5568.545951,0.01274508
2024,25,Massachusetts,Total,People of Color,Universal,Sliding scale,377398.1874,9891.697277,0.02982671
2024,25,Massachusetts,Total,People of Color,Universal,Fixed (7%),377398.1874,7874.855277,0.02389056
2024,25,Massachusetts,Total,People of Color,Partial emp.,Sliding scale,377398.1874,8948.841383,0.02706063
2024,25,Massachusetts,Total,People of Color,Partial emp.,Fixed (7%),377398.1874,6981.952357,0.02123923
2024,25,Massachusetts,Total,People of Color,Max emp.,Sliding scale,377398.1874,5893.406005,0.01798741
2024,25,Massachusetts,Total,People of Color,Max emp.,Fixed (7%),377398.1874,4440.561618,0.01361352
2024,26,Michigan,Total,People of Color,Universal,Sliding scale,394329.3793,10328.4095,0.03161156
2024,26,Michigan,Total,People of Color,Universal,Fixed (7%),394329.3793,7764.284154,0.02395166
2024,26,Michigan,Total,People of Color,Partial emp.,Sliding scale,394329.3793,8962.469009,0.02754607
2024,26,Michigan,Total,People of Color,Partial emp.,Fixed (7%),394329.3793,6481.416579,0.02007365
2024,26,Michigan,Total,People of Color,Max emp.,Sliding scale,394329.3793,5476.306032,0.01701367
2024,26,Michigan,Total,People of Color,Max emp.,Fixed (7%),394329.3793,3853.235675,0.01203182
2024,27,Minnesota,Total,People of Color,Universal,Sliding scale,233366.8264,6550.770389,0.03217128
2024,27,Minnesota,Total,People of Color,Universal,Fixed (7%),233366.8264,5312.138509,0.02624794
2024,27,Minnesota,Total,People of Color,Partial emp.,Sliding scale,233366.8264,5779.980208,0.02849374
2024,27,Minnesota,Total,People of Color,Partial emp.,Fixed (7%),233366.8264,4582.907736,0.02272661
2024,27,Minnesota,Total,People of Color,Max emp.,Sliding scale,233366.8264,3982.30438,0.01980722
2024,27,Minnesota,Total,People of Color,Max emp.,Fixed (7%),233366.8264,3114.078478,0.015556
2024,28,Mississippi,Total,People of Color,Universal,Sliding scale,153672.4,3444.00492,0.02640574
2024,28,Mississippi,Total,People of Color,Universal,Fixed (7%),153672.4,2499.091975,0.01930077
2024,28,Mississippi,Total,People of Color,Partial emp.,Sliding scale,153672.4,2768.491205,0.02133698
2024,28,Mississippi,Total,People of Color,Partial emp.,Fixed (7%),153672.4,1869.398691,0.01450813
2024,28,Mississippi,Total,People of Color,Max emp.,Sliding scale,153672.4,2127.790238,0.01648042
2024,28,Mississippi,Total,People of Color,Max emp.,Fixed (7%),153672.4,1413.060047,0.01100553
2024,29,Missouri,Total,People of Color,Universal,Sliding scale,198106.808,5306.942271,0.03076475
2024,29,Missouri,Total,People of Color,Universal,Fixed (7%),198106.808,3973.537746,0.02321434
2024,29,Missouri,Total,People of Color,Partial emp.,Sliding scale,198106.808,4898.688247,0.02846544
2024,29,Missouri,Total,People of Color,Partial emp.,Fixed (7%),198106.808,3594.637146,0.02104731
2024,29,Missouri,Total,People of Color,Max emp.,Sliding scale,198106.808,3115.173318,0.0182913
2024,29,Missouri,Total,People of Color,Max emp.,Fixed (7%),198106.808,2184.806085,0.01289895
2024,30,Montana,Total,People of Color,Universal,Sliding scale,27297.22362,918.2382529,0.04012766
2024,30,Montana,Total,People of Color,Universal,Fixed (7%),27297.22362,725.8359389,0.03198851
2024,30,Montana,Total,People of Color,Partial emp.,Sliding scale,27297.22362,858.9298288,0.03763338
2024,30,Montana,Total,People of Color,Partial emp.,Fixed (7%),27297.22362,672.3704494,0.02970221
2024,30,Montana,Total,People of Color,Max emp.,Sliding scale,27297.22362,514.1027149,0.02287057
2024,30,Montana,Total,People of Color,Max emp.,Fixed (7%),27297.22362,389.2072382,0.01741116
2024,31,Nebraska,Total,People of Color,Universal,Sliding scale,91787.21994,2866.076213,0.03552822
2024,31,Nebraska,Total,People of Color,Universal,Fixed (7%),91787.21994,2276.272826,0.02842477
2024,31,Nebraska,Total,People of Color,Partial emp.,Sliding scale,91787.21994,2699.137616,0.03352821
2024,31,Nebraska,Total,People of Color,Partial emp.,Fixed (7%),91787.21994,2134.727719,0.02670443
2024,31,Nebraska,Total,People of Color,Max emp.,Sliding scale,91787.21994,1660.15066,0.02089173
2024,31,Nebraska,Total,People of Color,Max emp.,Fixed (7%),91787.21994,1284.820977,0.01624522
2024,32,Nevada,Total,People of Color,Universal,Sliding scale,254775.2356,10163.21539,0.04531369
2024,32,Nevada,Total,People of Color,Universal,Fixed (7%),254775.2356,8131.441691,0.03658626
2024,32,Nevada,Total,People of Color,Partial emp.,Sliding scale,254775.2356,9632.585963,0.04304968
2024,32,Nevada,Total,People of Color,Partial emp.,Fixed (7%),254775.2356,7645.851736,0.03447674
2024,32,Nevada,Total,People of Color,Max emp.,Sliding scale,254775.2356,5985.479738,0.02719338
2024,32,Nevada,Total,People of Color,Max emp.,Fixed (7%),254775.2356,4702.40119,0.02148933
2024,33,New Hampshire,Total,People of Color,Universal,Sliding scale,29648.63655,680.6206551,0.02722558
2024,33,New Hampshire,Total,People of Color,Universal,Fixed (7%),29648.63655,457.9803703,0.01848434
2024,33,New Hampshire,Total,People of Color,Partial emp.,Sliding scale,29648.63655,662.0054174,0.02650068
2024,33,New Hampshire,Total,People of Color,Partial emp.,Fixed (7%),29648.63655,441.3741224,0.01782605
2024,33,New Hampshire,Total,People of Color,Max emp.,Sliding scale,29648.63655,397.013366,0.01606321
2024,33,New Hampshire,Total,People of Color,Max emp.,Fixed (7%),29648.63655,257.9525518,0.01049584
2024,34,New Jersey,Total,People of Color,Universal,Sliding scale,730772,15941.5136,0.02470685
2024,34,New Jersey,Total,People of Color,Universal,Fixed (7%),730772,11329.58771,0.0176855
2024,34,New Jersey,Total,People of Color,Partial emp.,Sliding scale,730772,14734.65996,0.02287921
2024,34,New Jersey,Total,People of Color,Partial emp.,Fixed (7%),730772,10231.90611,0.01599943
2024,34,New Jersey,Total,People of Color,Max emp.,Sliding scale,730772,9162.895658,0.01435183
2024,34,New Jersey,Total,People of Color,Max emp.,Fixed (7%),730772,6130.319491,0.00964774
2024,35,New Mexico,Total,People of Color,Universal,Sliding scale,177124.1985,4706.682188,0.0322461
2024,35,New Mexico,Total,People of Color,Universal,Fixed (7%),177124.1985,3442.519104,0.02379121
2024,35,New Mexico,Total,People of Color,Partial emp.,Sliding scale,177124.1985,4220.947929,0.02901483
2024,35,New Mexico,Total,People of Color,Partial emp.,Fixed (7%),177124.1985,3000.831883,0.02080221
2024,35,New Mexico,Total,People of Color,Max emp.,Sliding scale,177124.1985,2119.798135,0.01478505
2024,35,New Mexico,Total,People of Color,Max emp.,Fixed (7%),177124.1985,1451.121625,0.01016863
2024,36,New York,Total,People of Color,Universal,Sliding scale,1165842.127,37247.05808,0.03706237
2024,36,New York,Total,People of Color,Universal,Fixed (7%),1165842.127,30274.46373,0.03033481
2024,36,New York,Total,People of Color,Partial emp.,Sliding scale,1165842.127,33188.82333,0.03315815
2024,36,New York,Total,People of Color,Partial emp.,Fixed (7%),1165842.127,26417.13885,0.0265725
2024,36,New York,Total,People of Color,Max emp.,Sliding scale,1165842.127,19415.9985,0.0196687
2024,36,New York,Total,People of Color,Max emp.,Fixed (7%),1165842.127,15031.9036,0.01529548
2024,37,North Carolina,Total,People of Color,Universal,Sliding scale,655984.6737,14047.20608,0.02524974
2024,37,North Carolina,Total,People of Color,Universal,Fixed (7%),655984.6737,9800.7531,0.01775228
2024,37,North Carolina,Total,People of Color,Partial emp.,Sliding scale,655984.6737,12694.50349,0.02287388
2024,37,North Carolina,Total,People of Color,Partial emp.,Fixed (7%),655984.6737,8616.691654,0.01564111
2024,37,North Carolina,Total,People of Color,Max emp.,Sliding scale,655984.6737,7653.856571,0.01391769
2024,37,North Carolina,Total,People of Color,Max emp.,Fixed (7%),655984.6737,4982.510475,0.00910437
2024,38,North Dakota,Total,People of Color,Universal,Sliding scale,29049.99995,659.0672065,0.02787806
2024,38,North Dakota,Total,People of Color,Universal,Fixed (7%),29049.99995,508.1494772,0.02163245
2024,38,North Dakota,Total,People of Color,Partial emp.,Sliding scale,29049.99995,628.6950195,0.02662755
2024,38,North Dakota,Total,People of Color,Partial emp.,Fixed (7%),29049.99995,480.5632467,0.02048213
2024,38,North Dakota,Total,People of Color,Max emp.,Sliding scale,29049.99995,341.1194643,0.01462581
2024,38,North Dakota,Total,People of Color,Max emp.,Fixed (7%),29049.99995,247.8117869,0.01066783
2024,39,Ohio,Total,People of Color,Universal,Sliding scale,424174.9617,12545.77155,0.0342706
2024,39,Ohio,Total,People of Color,Universal,Fixed (7%),424174.9617,10017.90162,0.02755563
2024,39,Ohio,Total,People of Color,Partial emp.,Sliding scale,424174.9617,10985.68872,0.03013744
2024,39,Ohio,Total,People of Color,Partial emp.,Fixed (7%),424174.9617,8535.761405,0.02357491
2024,39,Ohio,Total,People of Color,Max emp.,Sliding scale,424174.9617,7358.399485,0.02038946
2024,39,Ohio,Total,People of Color,Max emp.,Fixed (7%),424174.9617,5624.100393,0.01565912
2024,40,Oklahoma,Total,People of Color,Universal,Sliding scale,234534.5193,7167.853386,0.03643026
2024,40,Oklahoma,Total,People of Color,Universal,Fixed (7%),234534.5193,5344.971902,0.02741959
2024,40,Oklahoma,Total,People of Color,Partial emp.,Sliding scale,234534.5193,6422.935261,0.03276831
2024,40,Oklahoma,Total,People of Color,Partial emp.,Fixed (7%),234534.5193,4671.664737,0.02404861
2024,40,Oklahoma,Total,People of Color,Max emp.,Sliding scale,234534.5193,3438.273576,0.0178125
2024,40,Oklahoma,Total,People of Color,Max emp.,Fixed (7%),234534.5193,2369.456336,0.01234368
2024,41,Oregon,Total,People of Color,Universal,Sliding scale,200131.7805,4777.324969,0.02806308
2024,41,Oregon,Total,People of Color,Universal,Fixed (7%),200131.7805,3473.250147,0.02056015
2024,41,Oregon,Total,People of Color,Partial emp.,Sliding scale,200131.7805,4624.4893,0.0271897
2024,41,Oregon,Total,People of Color,Partial emp.,Fixed (7%),200131.7805,3341.634157,0.01979647
2024,41,Oregon,Total,People of Color,Max emp.,Sliding scale,200131.7805,2642.032054,0.01571703
2024,41,Oregon,Total,People of Color,Max emp.,Fixed (7%),200131.7805,1814.896986,0.01084992
2024,42,Pennsylvania,Total,People of Color,Universal,Sliding scale,506596,12904.22786,0.02994165
2024,42,Pennsylvania,Total,People of Color,Universal,Fixed (7%),506596,9942.008874,0.02322807
2024,42,Pennsylvania,Total,People of Color,Partial emp.,Sliding scale,506596,11625.90549,0.02705581
2024,42,Pennsylvania,Total,People of Color,Partial emp.,Fixed (7%),506596,8777.775925,0.02056394
2024,42,Pennsylvania,Total,People of Color,Max emp.,Sliding scale,506596,6801.685503,0.01600861
2024,42,Pennsylvania,Total,People of Color,Max emp.,Fixed (7%),506596,4992.234044,0.0118001
2024,44,Rhode Island,Total,People of Color,Universal,Sliding scale,57063,1269.242914,0.02663497
2024,44,Rhode Island,Total,People of Color,Universal,Fixed (7%),57063,943.9825195,0.01994555
2024,44,Rhode Island,Total,People of Color,Partial emp.,Sliding scale,57063,1123.54465,0.02364982
2024,44,Rhode Island,Total,People of Color,Partial emp.,Fixed (7%),57063,811.8229907,0.01720116
2024,44,Rhode Island,Total,People of Color,Max emp.,Sliding scale,57063,549.5126466,0.01170832
2024,44,Rhode Island,Total,People of Color,Max emp.,Fixed (7%),57063,351.2720695,0.00751621
2024,45,South Carolina,Total,People of Color,Universal,Sliding scale,283484.3627,7281.301374,0.0303355
2024,45,South Carolina,Total,People of Color,Universal,Fixed (7%),283484.3627,5359.556812,0.02250931
2024,45,South Carolina,Total,People of Color,Partial emp.,Sliding scale,283484.3627,6522.726117,0.02726126
2024,45,South Carolina,Total,People of Color,Partial emp.,Fixed (7%),283484.3627,4647.054205,0.01957548
2024,45,South Carolina,Total,People of Color,Max emp.,Sliding scale,283484.3627,3842.600935,0.0162418
2024,45,South Carolina,Total,People of Color,Max emp.,Fixed (7%),283484.3627,2603.132539,0.0110608
2024,46,South Dakota,Total,People of Color,Universal,Sliding scale,27529.99522,714.67695,0.03040154
2024,46,South Dakota,Total,People of Color,Universal,Fixed (7%),27529.99522,562.1382314,0.02406889
2024,46,South Dakota,Total,People of Color,Partial emp.,Sliding scale,27529.99522,611.7218848,0.02613641
2024,46,South Dakota,Total,People of Color,Partial emp.,Fixed (7%),27529.99522,463.7190686,0.01993893
2024,46,South Dakota,Total,People of Color,Max emp.,Sliding scale,27529.99522,293.0243596,0.01269258
2024,46,South Dakota,Total,People of Color,Max emp.,Fixed (7%),27529.99522,179.168445,0.00779929
2024,47,Tennessee,Total,People of Color,Universal,Sliding scale,287370.6221,6406.711225,0.02637602
2024,47,Tennessee,Total,People of Color,Universal,Fixed (7%),287370.6221,4324.669761,0.01795832
2024,47,Tennessee,Total,People of Color,Partial emp.,Sliding scale,287370.6221,5629.691155,0.02325146
2024,47,Tennessee,Total,People of Color,Partial emp.,Fixed (7%),287370.6221,3632.777164,0.01512868
2024,47,Tennessee,Total,People of Color,Max emp.,Sliding scale,287370.6221,3357.65893,0.01399899
2024,47,Tennessee,Total,People of Color,Max emp.,Fixed (7%),287370.6221,2018.635435,0.00846349
2024,48,Texas,Total,People of Color,Universal,Sliding scale,3012596.924,78966.90858,0.03103167
2024,48,Texas,Total,People of Color,Universal,Fixed (7%),3012596.924,56413.75351,0.02236718
2024,48,Texas,Total,People of Color,Partial emp.,Sliding scale,3012596.924,72707.0652,0.0286422
2024,48,Texas,Total,People of Color,Partial emp.,Fixed (7%),3012596.924,50703.43517,0.02014874
2024,48,Texas,Total,People of Color,Max emp.,Sliding scale,3012596.924,41231.6491,0.01644671
2024,48,Texas,Total,People of Color,Max emp.,Fixed (7%),3012596.924,27397.88313,0.01098926
2024,49,Utah,Total,People of Color,Universal,Sliding scale,143364.4406,4161.768157,0.03430369
2024,49,Utah,Total,People of Color,Universal,Fixed (7%),143364.4406,2786.006074,0.02322726
2024,49,Utah,Total,People of Color,Partial emp.,Sliding scale,143364.4406,3976.243051,0.03282468
2024,49,Utah,Total,People of Color,Partial emp.,Fixed (7%),143364.4406,2609.620324,0.02178875
2024,49,Utah,Total,People of Color,Max emp.,Sliding scale,143364.4406,2261.749112,0.01893925
2024,49,Utah,Total,People of Color,Max emp.,Fixed (7%),143364.4406,1399.063123,0.01180061
2024,50,Vermont,Total,People of Color,Universal,Sliding scale,8739.793612,163.8835285,0.01888129
2024,50,Vermont,Total,People of Color,Universal,Fixed (7%),8739.793612,133.1222303,0.01539178
2024,50,Vermont,Total,People of Color,Partial emp.,Sliding scale,8739.793612,130.5331552,0.01509695
2024,50,Vermont,Total,People of Color,Partial emp.,Fixed (7%),8739.793612,103.888169,0.01205244
2024,50,Vermont,Total,People of Color,Max emp.,Sliding scale,8739.793612,120.5798638,0.01396186
2024,50,Vermont,Total,People of Color,Max emp.,Fixed (7%),8739.793612,95.59523759,0.01110102
2024,51,Virginia,Total,People of Color,Universal,Sliding scale,577174.7616,15716.60214,0.03078647
2024,51,Virginia,Total,People of Color,Universal,Fixed (7%),577174.7616,12015.89235,0.02370921
2024,51,Virginia,Total,People of Color,Partial emp.,Sliding scale,577174.7616,14823.6961,0.02908828
2024,51,Virginia,Total,People of Color,Partial emp.,Fixed (7%),577174.7616,11220.20845,0.02217401
2024,51,Virginia,Total,People of Color,Max emp.,Sliding scale,577174.7616,9153.805815,0.01816445
2024,51,Virginia,Total,People of Color,Max emp.,Fixed (7%),577174.7616,6639.928658,0.01324207
2024,53,Washington,Total,People of Color,Universal,Sliding scale,480104.0143,15449.38734,0.03765541
2024,53,Washington,Total,People of Color,Universal,Fixed (7%),480104.0143,12117.8378,0.02977708
2024,53,Washington,Total,People of Color,Partial emp.,Sliding scale,480104.0143,14661.84335,0.03580462
2024,53,Washington,Total,People of Color,Partial emp.,Fixed (7%),480104.0143,11412.05301,0.02809148
2024,53,Washington,Total,People of Color,Max emp.,Sliding scale,480104.0143,8310.529584,0.02061427
2024,53,Washington,Total,People of Color,Max emp.,Fixed (7%),480104.0143,6275.291102,0.01564484
2024,54,West Virginia,Total,People of Color,Universal,Sliding scale,27079.87662,754.8885422,0.03327294
2024,54,West Virginia,Total,People of Color,Universal,Fixed (7%),27079.87662,558.7123616,0.02484095
2024,54,West Virginia,Total,People of Color,Partial emp.,Sliding scale,27079.87662,704.1520959,0.03110621
2024,54,West Virginia,Total,People of Color,Partial emp.,Fixed (7%),27079.87662,517.2495613,0.02303994
2024,54,West Virginia,Total,People of Color,Max emp.,Sliding scale,27079.87662,374.672904,0.01679579
2024,54,West Virginia,Total,People of Color,Max emp.,Fixed (7%),27079.87662,271.4890305,0.01222683
2024,55,Wisconsin,Total,People of Color,Universal,Sliding scale,192770.4853,5700.878252,0.03376251
2024,55,Wisconsin,Total,People of Color,Universal,Fixed (7%),192770.4853,4559.417714,0.02718618
2024,55,Wisconsin,Total,People of Color,Partial emp.,Sliding scale,192770.4853,5112.198324,0.03038208
2024,55,Wisconsin,Total,People of Color,Partial emp.,Fixed (7%),192770.4853,4002.845863,0.02394701
2024,55,Wisconsin,Total,People of Color,Max emp.,Sliding scale,192770.4853,3225.162875,0.01938472
2024,55,Wisconsin,Total,People of Color,Max emp.,Fixed (7%),192770.4853,2440.4459,0.01473771
2024,56,Wyoming,Total,People of Color,Universal,Sliding scale,15762.014,411.8939193,0.02865371
2024,56,Wyoming,Total,People of Color,Universal,Fixed (7%),15762.014,277.4309463,0.01948193
2024,56,Wyoming,Total,People of Color,Partial emp.,Sliding scale,15762.014,410.7989783,0.02857972
2024,56,Wyoming,Total,People of Color,Partial emp.,Fixed (7%),15762.014,276.9527747,0.019449
2024,56,Wyoming,Total,People of Color,Max emp.,Sliding scale,15762.014,279.8174589,0.01964622
2024,56,Wyoming,Total,People of Color,Max emp.,Fixed (7%),15762.014,186.8601637,0.0132058
2024,99999,United States,Total,People of Color,Universal,Sliding scale,21115059.66,564791.0451,0.03119652
2024,99999,United States,Total,People of Color,Universal,Fixed (7%),21115059.66,422344.3173,0.02351341
2024,99999,United States,Total,People of Color,Partial emp.,Sliding scale,21115059.66,517444.8788,0.02865628
2024,99999,United States,Total,People of Color,Partial emp.,Fixed (7%),21115059.66,378847.1985,0.02114297
2024,99999,United States,Total,People of Color,Max emp.,Sliding scale,21115059.66,308599.085,0.0172903
2024,99999,United States,Total,People of Color,Max emp.,Fixed (7%),21115059.66,217559.9476,0.01225202
