year,area,area_name,ptypeb,scenario,model,lf
2024,1,Alabama,Total,Universal,Sliding scale,0.02668723
2024,1,Alabama,Total,Universal,Fixed (7%),0.01728349
2024,1,Alabama,Total,Partial emp.,Sliding scale,0.02416392
2024,1,Alabama,Total,Partial emp.,Fixed (7%),0.01501439
2024,1,Alabama,Total,Max emp.,Sliding scale,0.01471221
2024,1,Alabama,Total,Max emp.,Fixed (7%),0.00877787
2024,2,Alaska,Total,Universal,Sliding scale,0.03320513
2024,2,Alaska,Total,Universal,Fixed (7%),0.02402441
2024,2,Alaska,Total,Partial emp.,Sliding scale,0.03017169
2024,2,Alaska,Total,Partial emp.,Fixed (7%),0.02145428
2024,2,Alaska,Total,Max emp.,Sliding scale,0.01730767
2024,2,Alaska,Total,Max emp.,Fixed (7%),0.01178223
2024,4,Arizona,Total,Universal,Sliding scale,0.03189984
2024,4,Arizona,Total,Universal,Fixed (7%),0.0231548
2024,4,Arizona,Total,Partial emp.,Sliding scale,0.02999084
2024,4,Arizona,Total,Partial emp.,Fixed (7%),0.02147493
2024,4,Arizona,Total,Max emp.,Sliding scale,0.01800039
2024,4,Arizona,Total,Max emp.,Fixed (7%),0.01240309
2024,5,Arkansas,Total,Universal,Sliding scale,0.03051781
2024,5,Arkansas,Total,Universal,Fixed (7%),0.02075787
2024,5,Arkansas,Total,Partial emp.,Sliding scale,0.02834485
2024,5,Arkansas,Total,Partial emp.,Fixed (7%),0.01880161
2024,5,Arkansas,Total,Max emp.,Sliding scale,0.01608157
2024,5,Arkansas,Total,Max emp.,Fixed (7%),0.01008654
2024,6,California,Total,Universal,Sliding scale,0.03189517
2024,6,California,Total,Universal,Fixed (7%),0.02485442
2024,6,California,Total,Partial emp.,Sliding scale,0.02996377
2024,6,California,Total,Partial emp.,Fixed (7%),0.02307501
2024,6,California,Total,Max emp.,Sliding scale,0.0174137
2024,6,California,Total,Max emp.,Fixed (7%),0.0130284
2024,8,Colorado,Total,Universal,Sliding scale,0.03322779
2024,8,Colorado,Total,Universal,Fixed (7%),0.0254028
2024,8,Colorado,Total,Partial emp.,Sliding scale,0.03192702
2024,8,Colorado,Total,Partial emp.,Fixed (7%),0.02419625
2024,8,Colorado,Total,Max emp.,Sliding scale,0.01992642
2024,8,Colorado,Total,Max emp.,Fixed (7%),0.01446806
2024,9,Connecticut,Total,Universal,Sliding scale,0.02544348
2024,9,Connecticut,Total,Universal,Fixed (7%),0.01854757
2024,9,Connecticut,Total,Partial emp.,Sliding scale,0.02422755
2024,9,Connecticut,Total,Partial emp.,Fixed (7%),0.017428
2024,9,Connecticut,Total,Max emp.,Sliding scale,0.01620987
2024,9,Connecticut,Total,Max emp.,Fixed (7%),0.01122966
2024,10,Delaware,Total,Universal,Sliding scale,0.01785606
2024,10,Delaware,Total,Universal,Fixed (7%),0.01097407
2024,10,Delaware,Total,Partial emp.,Sliding scale,0.01680528
2024,10,Delaware,Total,Partial emp.,Fixed (7%),0.0100632
2024,10,Delaware,Total,Max emp.,Sliding scale,0.01154274
2024,10,Delaware,Total,Max emp.,Fixed (7%),0.0064388
2024,11,District of Columbia,Total,Universal,Sliding scale,0.03642345
2024,11,District of Columbia,Total,Universal,Fixed (7%),0.03259404
2024,11,District of Columbia,Total,Partial emp.,Sliding scale,0.02795842
2024,11,District of Columbia,Total,Partial emp.,Fixed (7%),0.0242659
2024,11,District of Columbia,Total,Max emp.,Sliding scale,0.02143409
2024,11,District of Columbia,Total,Max emp.,Fixed (7%),0.01851695
2024,12,Florida,Total,Universal,Sliding scale,0.0259027
2024,12,Florida,Total,Universal,Fixed (7%),0.01783982
2024,12,Florida,Total,Partial emp.,Sliding scale,0.02407037
2024,12,Florida,Total,Partial emp.,Fixed (7%),0.01617151
2024,12,Florida,Total,Max emp.,Sliding scale,0.01473045
2024,12,Florida,Total,Max emp.,Fixed (7%),0.00940577
2024,13,Georgia,Total,Universal,Sliding scale,0.01919648
2024,13,Georgia,Total,Universal,Fixed (7%),0.01157242
2024,13,Georgia,Total,Partial emp.,Sliding scale,0.01779052
2024,13,Georgia,Total,Partial emp.,Fixed (7%),0.01033524
2024,13,Georgia,Total,Max emp.,Sliding scale,0.01089101
2024,13,Georgia,Total,Max emp.,Fixed (7%),0.00589204
2024,15,Hawaii,Total,Universal,Sliding scale,0.02045473
2024,15,Hawaii,Total,Universal,Fixed (7%),0.01476488
2024,15,Hawaii,Total,Partial emp.,Sliding scale,0.01953034
2024,15,Hawaii,Total,Partial emp.,Fixed (7%),0.0140358
2024,15,Hawaii,Total,Max emp.,Sliding scale,0.01110208
2024,15,Hawaii,Total,Max emp.,Fixed (7%),0.0074844
2024,16,Idaho,Total,Universal,Sliding scale,0.03490028
2024,16,Idaho,Total,Universal,Fixed (7%),0.02370809
2024,16,Idaho,Total,Partial emp.,Sliding scale,0.03314605
2024,16,Idaho,Total,Partial emp.,Fixed (7%),0.02226279
2024,16,Idaho,Total,Max emp.,Sliding scale,0.01963152
2024,16,Idaho,Total,Max emp.,Fixed (7%),0.01272773
2024,17,Illinois,Total,Universal,Sliding scale,0.01942638
2024,17,Illinois,Total,Universal,Fixed (7%),0.0127331
2024,17,Illinois,Total,Partial emp.,Sliding scale,0.018375
2024,17,Illinois,Total,Partial emp.,Fixed (7%),0.01182359
2024,17,Illinois,Total,Max emp.,Sliding scale,0.01151279
2024,17,Illinois,Total,Max emp.,Fixed (7%),0.00699646
2024,18,Indiana,Total,Universal,Sliding scale,0.03503867
2024,18,Indiana,Total,Universal,Fixed (7%),0.02542489
2024,18,Indiana,Total,Partial emp.,Sliding scale,0.03300536
2024,18,Indiana,Total,Partial emp.,Fixed (7%),0.0235706
2024,18,Indiana,Total,Max emp.,Sliding scale,0.02101859
2024,18,Indiana,Total,Max emp.,Fixed (7%),0.0142974
2024,19,Iowa,Total,Universal,Sliding scale,0.02165284
2024,19,Iowa,Total,Universal,Fixed (7%),0.01409739
2024,19,Iowa,Total,Partial emp.,Sliding scale,0.02086891
2024,19,Iowa,Total,Partial emp.,Fixed (7%),0.01337137
2024,19,Iowa,Total,Max emp.,Sliding scale,0.01408519
2024,19,Iowa,Total,Max emp.,Fixed (7%),0.0084027
2024,20,Kansas,Total,Universal,Sliding scale,0.02150095
2024,20,Kansas,Total,Universal,Fixed (7%),0.01274702
2024,20,Kansas,Total,Partial emp.,Sliding scale,0.02041018
2024,20,Kansas,Total,Partial emp.,Fixed (7%),0.01182805
2024,20,Kansas,Total,Max emp.,Sliding scale,0.01284456
2024,20,Kansas,Total,Max emp.,Fixed (7%),0.00669505
2024,21,Kentucky,Total,Universal,Sliding scale,0.03082694
2024,21,Kentucky,Total,Universal,Fixed (7%),0.02095472
2024,21,Kentucky,Total,Partial emp.,Sliding scale,0.02789343
2024,21,Kentucky,Total,Partial emp.,Fixed (7%),0.01840328
2024,21,Kentucky,Total,Max emp.,Sliding scale,0.01679247
2024,21,Kentucky,Total,Max emp.,Fixed (7%),0.01038468
2024,22,Louisiana,Total,Universal,Sliding scale,0.03064596
2024,22,Louisiana,Total,Universal,Fixed (7%),0.02202999
2024,22,Louisiana,Total,Partial emp.,Sliding scale,0.02794793
2024,22,Louisiana,Total,Partial emp.,Fixed (7%),0.01957684
2024,22,Louisiana,Total,Max emp.,Sliding scale,0.01783975
2024,22,Louisiana,Total,Max emp.,Fixed (7%),0.01214826
2024,23,Maine,Total,Universal,Sliding scale,0.03260134
2024,23,Maine,Total,Universal,Fixed (7%),0.02341097
2024,23,Maine,Total,Partial emp.,Sliding scale,0.03056442
2024,23,Maine,Total,Partial emp.,Fixed (7%),0.02156014
2024,23,Maine,Total,Max emp.,Sliding scale,0.02011004
2024,23,Maine,Total,Max emp.,Fixed (7%),0.01373747
2024,24,Maryland,Total,Universal,Sliding scale,0.02512998
2024,24,Maryland,Total,Universal,Fixed (7%),0.01857603
2024,24,Maryland,Total,Partial emp.,Sliding scale,0.02370425
2024,24,Maryland,Total,Partial emp.,Fixed (7%),0.01726189
2024,24,Maryland,Total,Max emp.,Sliding scale,0.01600188
2024,24,Maryland,Total,Max emp.,Fixed (7%),0.01132735
2024,25,Massachusetts,Total,Universal,Sliding scale,0.02861303
2024,25,Massachusetts,Total,Universal,Fixed (7%),0.02198604
2024,25,Massachusetts,Total,Partial emp.,Sliding scale,0.02688752
2024,25,Massachusetts,Total,Partial emp.,Fixed (7%),0.02036753
2024,25,Massachusetts,Total,Max emp.,Sliding scale,0.01890341
2024,25,Massachusetts,Total,Max emp.,Fixed (7%),0.01387505
2024,26,Michigan,Total,Universal,Sliding scale,0.03178116
2024,26,Michigan,Total,Universal,Fixed (7%),0.02232087
2024,26,Michigan,Total,Partial emp.,Sliding scale,0.0295529
2024,26,Michigan,Total,Partial emp.,Fixed (7%),0.02028362
2024,26,Michigan,Total,Max emp.,Sliding scale,0.01823368
2024,26,Michigan,Total,Max emp.,Fixed (7%),0.01192375
2024,27,Minnesota,Total,Universal,Sliding scale,0.02832955
2024,27,Minnesota,Total,Universal,Fixed (7%),0.02163877
2024,27,Minnesota,Total,Partial emp.,Sliding scale,0.0270671
2024,27,Minnesota,Total,Partial emp.,Fixed (7%),0.02045226
2024,27,Minnesota,Total,Max emp.,Sliding scale,0.01943528
2024,27,Minnesota,Total,Max emp.,Fixed (7%),0.01425851
2024,28,Mississippi,Total,Universal,Sliding scale,0.02363227
2024,28,Mississippi,Total,Universal,Fixed (7%),0.01514272
2024,28,Mississippi,Total,Partial emp.,Sliding scale,0.02085667
2024,28,Mississippi,Total,Partial emp.,Fixed (7%),0.01257678
2024,28,Mississippi,Total,Max emp.,Sliding scale,0.01448641
2024,28,Mississippi,Total,Max emp.,Fixed (7%),0.00841892
2024,29,Missouri,Total,Universal,Sliding scale,0.03052633
2024,29,Missouri,Total,Universal,Fixed (7%),0.02139356
2024,29,Missouri,Total,Partial emp.,Sliding scale,0.0288308
2024,29,Missouri,Total,Partial emp.,Fixed (7%),0.01986688
2024,29,Missouri,Total,Max emp.,Sliding scale,0.0192882
2024,29,Missouri,Total,Max emp.,Fixed (7%),0.01266041
2024,30,Montana,Total,Universal,Sliding scale,0.04147119
2024,30,Montana,Total,Universal,Fixed (7%),0.03229807
2024,30,Montana,Total,Partial emp.,Sliding scale,0.03856429
2024,30,Montana,Total,Partial emp.,Fixed (7%),0.02980461
2024,30,Montana,Total,Max emp.,Sliding scale,0.02507144
2024,30,Montana,Total,Max emp.,Fixed (7%),0.01878957
2024,31,Nebraska,Total,Universal,Sliding scale,0.03212984
2024,31,Nebraska,Total,Universal,Fixed (7%),0.02443932
2024,31,Nebraska,Total,Partial emp.,Sliding scale,0.03104034
2024,31,Nebraska,Total,Partial emp.,Fixed (7%),0.02346085
2024,31,Nebraska,Total,Max emp.,Sliding scale,0.02097894
2024,31,Nebraska,Total,Max emp.,Fixed (7%),0.01529978
2024,32,Nevada,Total,Universal,Sliding scale,0.04093389
2024,32,Nevada,Total,Universal,Fixed (7%),0.03247435
2024,32,Nevada,Total,Partial emp.,Sliding scale,0.03903787
2024,32,Nevada,Total,Partial emp.,Fixed (7%),0.0307475
2024,32,Nevada,Total,Max emp.,Sliding scale,0.02464429
2024,32,Nevada,Total,Max emp.,Fixed (7%),0.01930597
2024,33,New Hampshire,Total,Universal,Sliding scale,0.03030835
2024,33,New Hampshire,Total,Universal,Fixed (7%),0.02052811
2024,33,New Hampshire,Total,Partial emp.,Sliding scale,0.02951694
2024,33,New Hampshire,Total,Partial emp.,Fixed (7%),0.0198194
2024,33,New Hampshire,Total,Max emp.,Sliding scale,0.02136256
2024,33,New Hampshire,Total,Max emp.,Fixed (7%),0.01376846
2024,34,New Jersey,Total,Universal,Sliding scale,0.02483199
2024,34,New Jersey,Total,Universal,Fixed (7%),0.01755186
2024,34,New Jersey,Total,Partial emp.,Sliding scale,0.02341529
2024,34,New Jersey,Total,Partial emp.,Fixed (7%),0.01627505
2024,34,New Jersey,Total,Max emp.,Sliding scale,0.01530418
2024,34,New Jersey,Total,Max emp.,Fixed (7%),0.01025287
2024,35,New Mexico,Total,Universal,Sliding scale,0.02742324
2024,35,New Mexico,Total,Universal,Fixed (7%),0.01975088
2024,35,New Mexico,Total,Partial emp.,Sliding scale,0.02484329
2024,35,New Mexico,Total,Partial emp.,Fixed (7%),0.0174567
2024,35,New Mexico,Total,Max emp.,Sliding scale,0.01259948
2024,35,New Mexico,Total,Max emp.,Fixed (7%),0.0084933
2024,36,New York,Total,Universal,Sliding scale,0.03664415
2024,36,New York,Total,Universal,Fixed (7%),0.0294115
2024,36,New York,Total,Partial emp.,Sliding scale,0.03397068
2024,36,New York,Total,Partial emp.,Fixed (7%),0.02690432
2024,36,New York,Total,Max emp.,Sliding scale,0.02113015
2024,36,New York,Total,Max emp.,Fixed (7%),0.01629002
2024,37,North Carolina,Total,Universal,Sliding scale,0.02356394
2024,37,North Carolina,Total,Universal,Fixed (7%),0.01543748
2024,37,North Carolina,Total,Partial emp.,Sliding scale,0.02183978
2024,37,North Carolina,Total,Partial emp.,Fixed (7%),0.01391045
2024,37,North Carolina,Total,Max emp.,Sliding scale,0.01265364
2024,37,North Carolina,Total,Max emp.,Fixed (7%),0.00761294
2024,38,North Dakota,Total,Universal,Sliding scale,0.02754198
2024,38,North Dakota,Total,Universal,Fixed (7%),0.01969806
2024,38,North Dakota,Total,Partial emp.,Sliding scale,0.02695824
2024,38,North Dakota,Total,Partial emp.,Fixed (7%),0.01917573
2024,38,North Dakota,Total,Max emp.,Sliding scale,0.01930957
2024,38,North Dakota,Total,Max emp.,Fixed (7%),0.01312439
2024,39,Ohio,Total,Universal,Sliding scale,0.0354232
2024,39,Ohio,Total,Universal,Fixed (7%),0.02665378
2024,39,Ohio,Total,Partial emp.,Sliding scale,0.03287605
2024,39,Ohio,Total,Partial emp.,Fixed (7%),0.02429056
2024,39,Ohio,Total,Max emp.,Sliding scale,0.02090574
2024,39,Ohio,Total,Max emp.,Fixed (7%),0.01492533
2024,40,Oklahoma,Total,Universal,Sliding scale,0.03702251
2024,40,Oklahoma,Total,Universal,Fixed (7%),0.02741889
2024,40,Oklahoma,Total,Partial emp.,Sliding scale,0.03427177
2024,40,Oklahoma,Total,Partial emp.,Fixed (7%),0.02490318
2024,40,Oklahoma,Total,Max emp.,Sliding scale,0.01935697
2024,40,Oklahoma,Total,Max emp.,Fixed (7%),0.01331786
2024,41,Oregon,Total,Universal,Sliding scale,0.02629768
2024,41,Oregon,Total,Universal,Fixed (7%),0.0184611
2024,41,Oregon,Total,Partial emp.,Sliding scale,0.02490327
2024,41,Oregon,Total,Partial emp.,Fixed (7%),0.01730124
2024,41,Oregon,Total,Max emp.,Sliding scale,0.01483226
2024,41,Oregon,Total,Max emp.,Fixed (7%),0.00970279
2024,42,Pennsylvania,Total,Universal,Sliding scale,0.03181601
2024,42,Pennsylvania,Total,Universal,Fixed (7%),0.02342963
2024,42,Pennsylvania,Total,Partial emp.,Sliding scale,0.02983256
2024,42,Pennsylvania,Total,Partial emp.,Fixed (7%),0.02162082
2024,42,Pennsylvania,Total,Max emp.,Sliding scale,0.01927727
2024,42,Pennsylvania,Total,Max emp.,Fixed (7%),0.01346
2024,44,Rhode Island,Total,Universal,Sliding scale,0.02048589
2024,44,Rhode Island,Total,Universal,Fixed (7%),0.01452626
2024,44,Rhode Island,Total,Partial emp.,Sliding scale,0.01871829
2024,44,Rhode Island,Total,Partial emp.,Fixed (7%),0.01292679
2024,44,Rhode Island,Total,Max emp.,Sliding scale,0.01151983
2024,44,Rhode Island,Total,Max emp.,Fixed (7%),0.00743113
2024,45,South Carolina,Total,Universal,Sliding scale,0.02980306
2024,45,South Carolina,Total,Universal,Fixed (7%),0.02082836
2024,45,South Carolina,Total,Partial emp.,Sliding scale,0.02753412
2024,45,South Carolina,Total,Partial emp.,Fixed (7%),0.01877911
2024,45,South Carolina,Total,Max emp.,Sliding scale,0.01683277
2024,45,South Carolina,Total,Max emp.,Fixed (7%),0.01086788
2024,46,South Dakota,Total,Universal,Sliding scale,0.02252665
2024,46,South Dakota,Total,Universal,Fixed (7%),0.01480369
2024,46,South Dakota,Total,Partial emp.,Sliding scale,0.02096939
2024,46,South Dakota,Total,Partial emp.,Fixed (7%),0.01339527
2024,46,South Dakota,Total,Max emp.,Sliding scale,0.01477829
2024,46,South Dakota,Total,Max emp.,Fixed (7%),0.0086698
2024,47,Tennessee,Total,Universal,Sliding scale,0.02325739
2024,47,Tennessee,Total,Universal,Fixed (7%),0.01420346
2024,47,Tennessee,Total,Partial emp.,Sliding scale,0.02147706
2024,47,Tennessee,Total,Partial emp.,Fixed (7%),0.01269582
2024,47,Tennessee,Total,Max emp.,Sliding scale,0.0121456
2024,47,Tennessee,Total,Max emp.,Fixed (7%),0.00658168
2024,48,Texas,Total,Universal,Sliding scale,0.02680172
2024,48,Texas,Total,Universal,Fixed (7%),0.01866145
2024,48,Texas,Total,Partial emp.,Sliding scale,0.02498012
2024,48,Texas,Total,Partial emp.,Fixed (7%),0.01701858
2024,48,Texas,Total,Max emp.,Sliding scale,0.01449629
2024,48,Texas,Total,Max emp.,Fixed (7%),0.00946146
2024,49,Utah,Total,Universal,Sliding scale,0.03743253
2024,49,Utah,Total,Universal,Fixed (7%),0.0255691
2024,49,Utah,Total,Partial emp.,Sliding scale,0.03588682
2024,49,Utah,Total,Partial emp.,Fixed (7%),0.02413908
2024,49,Utah,Total,Max emp.,Sliding scale,0.01973634
2024,49,Utah,Total,Max emp.,Fixed (7%),0.01251144
2024,50,Vermont,Total,Universal,Sliding scale,0.03722073
2024,50,Vermont,Total,Universal,Fixed (7%),0.02974043
2024,50,Vermont,Total,Partial emp.,Sliding scale,0.03637922
2024,50,Vermont,Total,Partial emp.,Fixed (7%),0.0290097
2024,50,Vermont,Total,Max emp.,Sliding scale,0.02674959
2024,50,Vermont,Total,Max emp.,Fixed (7%),0.02083741
2024,51,Virginia,Total,Universal,Sliding scale,0.02861795
2024,51,Virginia,Total,Universal,Fixed (7%),0.0209554
2024,51,Virginia,Total,Partial emp.,Sliding scale,0.02729364
2024,51,Virginia,Total,Partial emp.,Fixed (7%),0.01976004
2024,51,Virginia,Total,Max emp.,Sliding scale,0.01655696
2024,51,Virginia,Total,Max emp.,Fixed (7%),0.01142806
2024,53,Washington,Total,Universal,Sliding scale,0.03780298
2024,53,Washington,Total,Universal,Fixed (7%),0.02920518
2024,53,Washington,Total,Partial emp.,Sliding scale,0.03588543
2024,53,Washington,Total,Partial emp.,Fixed (7%),0.02747768
2024,53,Washington,Total,Max emp.,Sliding scale,0.02068391
2024,53,Washington,Total,Max emp.,Fixed (7%),0.01530158
2024,54,West Virginia,Total,Universal,Sliding scale,0.04394331
2024,54,West Virginia,Total,Universal,Fixed (7%),0.03228449
2024,54,West Virginia,Total,Partial emp.,Sliding scale,0.04078586
2024,54,West Virginia,Total,Partial emp.,Fixed (7%),0.02937924
2024,54,West Virginia,Total,Max emp.,Sliding scale,0.02474123
2024,54,West Virginia,Total,Max emp.,Fixed (7%),0.01763904
2024,55,Wisconsin,Total,Universal,Sliding scale,0.03187081
2024,55,Wisconsin,Total,Universal,Fixed (7%),0.02418397
2024,55,Wisconsin,Total,Partial emp.,Sliding scale,0.03034447
2024,55,Wisconsin,Total,Partial emp.,Fixed (7%),0.02277194
2024,55,Wisconsin,Total,Max emp.,Sliding scale,0.02103538
2024,55,Wisconsin,Total,Max emp.,Fixed (7%),0.01520349
2024,56,Wyoming,Total,Universal,Sliding scale,0.02894817
2024,56,Wyoming,Total,Universal,Fixed (7%),0.02003729
2024,56,Wyoming,Total,Partial emp.,Sliding scale,0.02752065
2024,56,Wyoming,Total,Partial emp.,Fixed (7%),0.01870083
2024,56,Wyoming,Total,Max emp.,Sliding scale,0.01513527
2024,56,Wyoming,Total,Max emp.,Fixed (7%),0.00990535
2024,99999,United States,Total,Universal,Sliding scale,0.02926549
2024,99999,United States,Total,Universal,Fixed (7%),0.02119872
2024,99999,United States,Total,Partial emp.,Sliding scale,0.02739984
2024,99999,United States,Total,Partial emp.,Fixed (7%),0.01950613
2024,99999,United States,Total,Max emp.,Sliding scale,0.01687891
2024,99999,United States,Total,Max emp.,Fixed (7%),0.01154182
2024,1,Alabama,Married/cohabitating mother,Universal,Sliding scale,0.04820648
2024,1,Alabama,Married/cohabitating mother,Universal,Fixed (7%),0.02880074
2024,1,Alabama,Married/cohabitating mother,Partial emp.,Sliding scale,0.04655074
2024,1,Alabama,Married/cohabitating mother,Partial emp.,Fixed (7%),0.02745393
2024,1,Alabama,Married/cohabitating mother,Max emp.,Sliding scale,0.02538204
2024,1,Alabama,Married/cohabitating mother,Max emp.,Fixed (7%),0.01368656
2024,2,Alaska,Married/cohabitating mother,Universal,Sliding scale,0.07104186
2024,2,Alaska,Married/cohabitating mother,Universal,Fixed (7%),0.0509322
2024,2,Alaska,Married/cohabitating mother,Partial emp.,Sliding scale,0.06502068
2024,2,Alaska,Married/cohabitating mother,Partial emp.,Fixed (7%),0.04600678
2024,2,Alaska,Married/cohabitating mother,Max emp.,Sliding scale,0.0342754
2024,2,Alaska,Married/cohabitating mother,Max emp.,Fixed (7%),0.02279944
2024,4,Arizona,Married/cohabitating mother,Universal,Sliding scale,0.06586615
2024,4,Arizona,Married/cohabitating mother,Universal,Fixed (7%),0.04685011
2024,4,Arizona,Married/cohabitating mother,Partial emp.,Sliding scale,0.06353349
2024,4,Arizona,Married/cohabitating mother,Partial emp.,Fixed (7%),0.04494513
2024,4,Arizona,Married/cohabitating mother,Max emp.,Sliding scale,0.03594831
2024,4,Arizona,Married/cohabitating mother,Max emp.,Fixed (7%),0.02413897
2024,5,Arkansas,Married/cohabitating mother,Universal,Sliding scale,0.05899417
2024,5,Arkansas,Married/cohabitating mother,Universal,Fixed (7%),0.03880128
2024,5,Arkansas,Married/cohabitating mother,Partial emp.,Sliding scale,0.0572387
2024,5,Arkansas,Married/cohabitating mother,Partial emp.,Fixed (7%),0.03737499
2024,5,Arkansas,Married/cohabitating mother,Max emp.,Sliding scale,0.02927205
2024,5,Arkansas,Married/cohabitating mother,Max emp.,Fixed (7%),0.01755397
2024,6,California,Married/cohabitating mother,Universal,Sliding scale,0.06793267
2024,6,California,Married/cohabitating mother,Universal,Fixed (7%),0.05214521
2024,6,California,Married/cohabitating mother,Partial emp.,Sliding scale,0.06570526
2024,6,California,Married/cohabitating mother,Partial emp.,Fixed (7%),0.05019061
2024,6,California,Married/cohabitating mother,Max emp.,Sliding scale,0.03645869
2024,6,California,Married/cohabitating mother,Max emp.,Fixed (7%),0.02685789
2024,8,Colorado,Married/cohabitating mother,Universal,Sliding scale,0.06891029
2024,8,Colorado,Married/cohabitating mother,Universal,Fixed (7%),0.05215835
2024,8,Colorado,Married/cohabitating mother,Partial emp.,Sliding scale,0.06765295
2024,8,Colorado,Married/cohabitating mother,Partial emp.,Fixed (7%),0.05105806
2024,8,Colorado,Married/cohabitating mother,Max emp.,Sliding scale,0.04109734
2024,8,Colorado,Married/cohabitating mother,Max emp.,Fixed (7%),0.02957852
2024,9,Connecticut,Married/cohabitating mother,Universal,Sliding scale,0.05215166
2024,9,Connecticut,Married/cohabitating mother,Universal,Fixed (7%),0.03721089
2024,9,Connecticut,Married/cohabitating mother,Partial emp.,Sliding scale,0.05063988
2024,9,Connecticut,Married/cohabitating mother,Partial emp.,Fixed (7%),0.03587852
2024,9,Connecticut,Married/cohabitating mother,Max emp.,Sliding scale,0.03248574
2024,9,Connecticut,Married/cohabitating mother,Max emp.,Fixed (7%),0.02193388
2024,10,Delaware,Married/cohabitating mother,Universal,Sliding scale,0.03409544
2024,10,Delaware,Married/cohabitating mother,Universal,Fixed (7%),0.01985009
2024,10,Delaware,Married/cohabitating mother,Partial emp.,Sliding scale,0.03313898
2024,10,Delaware,Married/cohabitating mother,Partial emp.,Fixed (7%),0.0191098
2024,10,Delaware,Married/cohabitating mother,Max emp.,Sliding scale,0.0214281
2024,10,Delaware,Married/cohabitating mother,Max emp.,Fixed (7%),0.01125066
2024,11,District of Columbia,Married/cohabitating mother,Universal,Sliding scale,0.06381401
2024,11,District of Columbia,Married/cohabitating mother,Universal,Fixed (7%),0.05496194
2024,11,District of Columbia,Married/cohabitating mother,Partial emp.,Sliding scale,0.06381401
2024,11,District of Columbia,Married/cohabitating mother,Partial emp.,Fixed (7%),0.05496194
2024,11,District of Columbia,Married/cohabitating mother,Max emp.,Sliding scale,0.04474554
2024,11,District of Columbia,Married/cohabitating mother,Max emp.,Fixed (7%),0.03806978
2024,12,Florida,Married/cohabitating mother,Universal,Sliding scale,0.05204671
2024,12,Florida,Married/cohabitating mother,Universal,Fixed (7%),0.03456132
2024,12,Florida,Married/cohabitating mother,Partial emp.,Sliding scale,0.05034092
2024,12,Florida,Married/cohabitating mother,Partial emp.,Fixed (7%),0.03312618
2024,12,Florida,Married/cohabitating mother,Max emp.,Sliding scale,0.02875962
2024,12,Florida,Married/cohabitating mother,Max emp.,Fixed (7%),0.01758197
2024,13,Georgia,Married/cohabitating mother,Universal,Sliding scale,0.03626794
2024,13,Georgia,Married/cohabitating mother,Universal,Fixed (7%),0.02061775
2024,13,Georgia,Married/cohabitating mother,Partial emp.,Sliding scale,0.03525375
2024,13,Georgia,Married/cohabitating mother,Partial emp.,Fixed (7%),0.0198343
2024,13,Georgia,Married/cohabitating mother,Max emp.,Sliding scale,0.01958358
2024,13,Georgia,Married/cohabitating mother,Max emp.,Fixed (7%),0.00979754
2024,15,Hawaii,Married/cohabitating mother,Universal,Sliding scale,0.04787838
2024,15,Hawaii,Married/cohabitating mother,Universal,Fixed (7%),0.03388461
2024,15,Hawaii,Married/cohabitating mother,Partial emp.,Sliding scale,0.04659023
2024,15,Hawaii,Married/cohabitating mother,Partial emp.,Fixed (7%),0.03300713
2024,15,Hawaii,Married/cohabitating mother,Max emp.,Sliding scale,0.02554068
2024,15,Hawaii,Married/cohabitating mother,Max emp.,Fixed (7%),0.01673698
2024,16,Idaho,Married/cohabitating mother,Universal,Sliding scale,0.06786737
2024,16,Idaho,Married/cohabitating mother,Universal,Fixed (7%),0.04555336
2024,16,Idaho,Married/cohabitating mother,Partial emp.,Sliding scale,0.06526695
2024,16,Idaho,Married/cohabitating mother,Partial emp.,Fixed (7%),0.04352777
2024,16,Idaho,Married/cohabitating mother,Max emp.,Sliding scale,0.03755286
2024,16,Idaho,Married/cohabitating mother,Max emp.,Fixed (7%),0.02406158
2024,17,Illinois,Married/cohabitating mother,Universal,Sliding scale,0.03857152
2024,17,Illinois,Married/cohabitating mother,Universal,Fixed (7%),0.02446357
2024,17,Illinois,Married/cohabitating mother,Partial emp.,Sliding scale,0.03759676
2024,17,Illinois,Married/cohabitating mother,Partial emp.,Fixed (7%),0.02372836
2024,17,Illinois,Married/cohabitating mother,Max emp.,Sliding scale,0.02244995
2024,17,Illinois,Married/cohabitating mother,Max emp.,Fixed (7%),0.01318469
2024,18,Indiana,Married/cohabitating mother,Universal,Sliding scale,0.07068361
2024,18,Indiana,Married/cohabitating mother,Universal,Fixed (7%),0.05022233
2024,18,Indiana,Married/cohabitating mother,Partial emp.,Sliding scale,0.06872329
2024,18,Indiana,Married/cohabitating mother,Partial emp.,Fixed (7%),0.04854655
2024,18,Indiana,Married/cohabitating mother,Max emp.,Sliding scale,0.04145586
2024,18,Indiana,Married/cohabitating mother,Max emp.,Fixed (7%),0.02748886
2024,19,Iowa,Married/cohabitating mother,Universal,Sliding scale,0.04262557
2024,19,Iowa,Married/cohabitating mother,Universal,Fixed (7%),0.02700795
2024,19,Iowa,Married/cohabitating mother,Partial emp.,Sliding scale,0.04189859
2024,19,Iowa,Married/cohabitating mother,Partial emp.,Fixed (7%),0.02636513
2024,19,Iowa,Married/cohabitating mother,Max emp.,Sliding scale,0.02714766
2024,19,Iowa,Married/cohabitating mother,Max emp.,Fixed (7%),0.01562637
2024,20,Kansas,Married/cohabitating mother,Universal,Sliding scale,0.04274572
2024,20,Kansas,Married/cohabitating mother,Universal,Fixed (7%),0.02491615
2024,20,Kansas,Married/cohabitating mother,Partial emp.,Sliding scale,0.04151042
2024,20,Kansas,Married/cohabitating mother,Partial emp.,Fixed (7%),0.02397107
2024,20,Kansas,Married/cohabitating mother,Max emp.,Sliding scale,0.0253795
2024,20,Kansas,Married/cohabitating mother,Max emp.,Fixed (7%),0.01303431
2024,21,Kentucky,Married/cohabitating mother,Universal,Sliding scale,0.06033767
2024,21,Kentucky,Married/cohabitating mother,Universal,Fixed (7%),0.03960431
2024,21,Kentucky,Married/cohabitating mother,Partial emp.,Sliding scale,0.05634456
2024,21,Kentucky,Married/cohabitating mother,Partial emp.,Fixed (7%),0.03632027
2024,21,Kentucky,Married/cohabitating mother,Max emp.,Sliding scale,0.03188102
2024,21,Kentucky,Married/cohabitating mother,Max emp.,Fixed (7%),0.01876003
2024,22,Louisiana,Married/cohabitating mother,Universal,Sliding scale,0.05813244
2024,22,Louisiana,Married/cohabitating mother,Universal,Fixed (7%),0.03962223
2024,22,Louisiana,Married/cohabitating mother,Partial emp.,Sliding scale,0.05612374
2024,22,Louisiana,Married/cohabitating mother,Partial emp.,Fixed (7%),0.03797404
2024,22,Louisiana,Married/cohabitating mother,Max emp.,Sliding scale,0.03211643
2024,22,Louisiana,Married/cohabitating mother,Max emp.,Fixed (7%),0.0204874
2024,23,Maine,Married/cohabitating mother,Universal,Sliding scale,0.06546256
2024,23,Maine,Married/cohabitating mother,Universal,Fixed (7%),0.04618617
2024,23,Maine,Married/cohabitating mother,Partial emp.,Sliding scale,0.06276452
2024,23,Maine,Married/cohabitating mother,Partial emp.,Fixed (7%),0.04377543
2024,23,Maine,Married/cohabitating mother,Max emp.,Sliding scale,0.04027244
2024,23,Maine,Married/cohabitating mother,Max emp.,Fixed (7%),0.02702631
2024,24,Maryland,Married/cohabitating mother,Universal,Sliding scale,0.05027767
2024,24,Maryland,Married/cohabitating mother,Universal,Fixed (7%),0.03642745
2024,24,Maryland,Married/cohabitating mother,Partial emp.,Sliding scale,0.04868845
2024,24,Maryland,Married/cohabitating mother,Partial emp.,Fixed (7%),0.03502154
2024,24,Maryland,Married/cohabitating mother,Max emp.,Sliding scale,0.03127631
2024,24,Maryland,Married/cohabitating mother,Max emp.,Fixed (7%),0.02165368
2024,25,Massachusetts,Married/cohabitating mother,Universal,Sliding scale,0.05865516
2024,25,Massachusetts,Married/cohabitating mother,Universal,Fixed (7%),0.04430103
2024,25,Massachusetts,Married/cohabitating mother,Partial emp.,Sliding scale,0.05678872
2024,25,Massachusetts,Married/cohabitating mother,Partial emp.,Fixed (7%),0.04260052
2024,25,Massachusetts,Married/cohabitating mother,Max emp.,Sliding scale,0.03883263
2024,25,Massachusetts,Married/cohabitating mother,Max emp.,Fixed (7%),0.02808442
2024,26,Michigan,Married/cohabitating mother,Universal,Sliding scale,0.0623978
2024,26,Michigan,Married/cohabitating mother,Universal,Fixed (7%),0.04268344
2024,26,Michigan,Married/cohabitating mother,Partial emp.,Sliding scale,0.05991549
2024,26,Michigan,Married/cohabitating mother,Partial emp.,Fixed (7%),0.04049551
2024,26,Michigan,Married/cohabitating mother,Max emp.,Sliding scale,0.03500166
2024,26,Michigan,Married/cohabitating mother,Max emp.,Fixed (7%),0.02219074
2024,27,Minnesota,Married/cohabitating mother,Universal,Sliding scale,0.05648249
2024,27,Minnesota,Married/cohabitating mother,Universal,Fixed (7%),0.04280016
2024,27,Minnesota,Married/cohabitating mother,Partial emp.,Sliding scale,0.05499051
2024,27,Minnesota,Married/cohabitating mother,Partial emp.,Fixed (7%),0.04143814
2024,27,Minnesota,Married/cohabitating mother,Max emp.,Sliding scale,0.03889196
2024,27,Minnesota,Married/cohabitating mother,Max emp.,Fixed (7%),0.02839954
2024,28,Mississippi,Married/cohabitating mother,Universal,Sliding scale,0.0457335
2024,28,Mississippi,Married/cohabitating mother,Universal,Fixed (7%),0.02641217
2024,28,Mississippi,Married/cohabitating mother,Partial emp.,Sliding scale,0.04412157
2024,28,Mississippi,Married/cohabitating mother,Partial emp.,Fixed (7%),0.02500262
2024,28,Mississippi,Married/cohabitating mother,Max emp.,Sliding scale,0.02821932
2024,28,Mississippi,Married/cohabitating mother,Max emp.,Fixed (7%),0.01492628
2024,29,Missouri,Married/cohabitating mother,Universal,Sliding scale,0.06064862
2024,29,Missouri,Married/cohabitating mother,Universal,Fixed (7%),0.04152406
2024,29,Missouri,Married/cohabitating mother,Partial emp.,Sliding scale,0.05860377
2024,29,Missouri,Married/cohabitating mother,Partial emp.,Fixed (7%),0.0397747
2024,29,Missouri,Married/cohabitating mother,Max emp.,Sliding scale,0.03768945
2024,29,Missouri,Married/cohabitating mother,Max emp.,Fixed (7%),0.0240338
2024,30,Montana,Married/cohabitating mother,Universal,Sliding scale,0.0851557
2024,30,Montana,Married/cohabitating mother,Universal,Fixed (7%),0.06596282
2024,30,Montana,Married/cohabitating mother,Partial emp.,Sliding scale,0.07971428
2024,30,Montana,Married/cohabitating mother,Partial emp.,Fixed (7%),0.06142669
2024,30,Montana,Married/cohabitating mother,Max emp.,Sliding scale,0.05036434
2024,30,Montana,Married/cohabitating mother,Max emp.,Fixed (7%),0.03749084
2024,31,Nebraska,Married/cohabitating mother,Universal,Sliding scale,0.06340599
2024,31,Nebraska,Married/cohabitating mother,Universal,Fixed (7%),0.0477181
2024,31,Nebraska,Married/cohabitating mother,Partial emp.,Sliding scale,0.06163359
2024,31,Nebraska,Married/cohabitating mother,Partial emp.,Fixed (7%),0.04615796
2024,31,Nebraska,Married/cohabitating mother,Max emp.,Sliding scale,0.04149371
2024,31,Nebraska,Married/cohabitating mother,Max emp.,Fixed (7%),0.03000739
2024,32,Nevada,Married/cohabitating mother,Universal,Sliding scale,0.08502445
2024,32,Nevada,Married/cohabitating mother,Universal,Fixed (7%),0.06648872
2024,32,Nevada,Married/cohabitating mother,Partial emp.,Sliding scale,0.08303825
2024,32,Nevada,Married/cohabitating mother,Partial emp.,Fixed (7%),0.06477654
2024,32,Nevada,Married/cohabitating mother,Max emp.,Sliding scale,0.04970314
2024,32,Nevada,Married/cohabitating mother,Max emp.,Fixed (7%),0.03836288
2024,33,New Hampshire,Married/cohabitating mother,Universal,Sliding scale,0.06123387
2024,33,New Hampshire,Married/cohabitating mother,Universal,Fixed (7%),0.04054428
2024,33,New Hampshire,Married/cohabitating mother,Partial emp.,Sliding scale,0.06047186
2024,33,New Hampshire,Married/cohabitating mother,Partial emp.,Fixed (7%),0.03989732
2024,33,New Hampshire,Married/cohabitating mother,Max emp.,Sliding scale,0.04296075
2024,33,New Hampshire,Married/cohabitating mother,Max emp.,Fixed (7%),0.02703946
2024,34,New Jersey,Married/cohabitating mother,Universal,Sliding scale,0.05017715
2024,34,New Jersey,Married/cohabitating mother,Universal,Fixed (7%),0.0346184
2024,34,New Jersey,Married/cohabitating mother,Partial emp.,Sliding scale,0.04842312
2024,34,New Jersey,Married/cohabitating mother,Partial emp.,Fixed (7%),0.03311549
2024,34,New Jersey,Married/cohabitating mother,Max emp.,Sliding scale,0.03042899
2024,34,New Jersey,Married/cohabitating mother,Max emp.,Fixed (7%),0.01986352
2024,35,New Mexico,Married/cohabitating mother,Universal,Sliding scale,0.06291781
2024,35,New Mexico,Married/cohabitating mother,Universal,Fixed (7%),0.04424697
2024,35,New Mexico,Married/cohabitating mother,Partial emp.,Sliding scale,0.05864052
2024,35,New Mexico,Married/cohabitating mother,Partial emp.,Fixed (7%),0.04050057
2024,35,New Mexico,Married/cohabitating mother,Max emp.,Sliding scale,0.02672335
2024,35,New Mexico,Married/cohabitating mother,Max emp.,Fixed (7%),0.01727711
2024,36,New York,Married/cohabitating mother,Universal,Sliding scale,0.07661827
2024,36,New York,Married/cohabitating mother,Universal,Fixed (7%),0.06059012
2024,36,New York,Married/cohabitating mother,Partial emp.,Sliding scale,0.07357932
2024,36,New York,Married/cohabitating mother,Partial emp.,Fixed (7%),0.05782082
2024,36,New York,Married/cohabitating mother,Max emp.,Sliding scale,0.0433338
2024,36,New York,Married/cohabitating mother,Max emp.,Fixed (7%),0.03290896
2024,37,North Carolina,Married/cohabitating mother,Universal,Sliding scale,0.04514724
2024,37,North Carolina,Married/cohabitating mother,Universal,Fixed (7%),0.02850136
2024,37,North Carolina,Married/cohabitating mother,Partial emp.,Sliding scale,0.0433025
2024,37,North Carolina,Married/cohabitating mother,Partial emp.,Fixed (7%),0.02699007
2024,37,North Carolina,Married/cohabitating mother,Max emp.,Sliding scale,0.02304737
2024,37,North Carolina,Married/cohabitating mother,Max emp.,Fixed (7%),0.0131991
2024,38,North Dakota,Married/cohabitating mother,Universal,Sliding scale,0.05678066
2024,38,North Dakota,Married/cohabitating mother,Universal,Fixed (7%),0.03994779
2024,38,North Dakota,Married/cohabitating mother,Partial emp.,Sliding scale,0.05578642
2024,38,North Dakota,Married/cohabitating mother,Partial emp.,Fixed (7%),0.03906304
2024,38,North Dakota,Married/cohabitating mother,Max emp.,Sliding scale,0.03994876
2024,38,North Dakota,Married/cohabitating mother,Max emp.,Fixed (7%),0.02679502
2024,39,Ohio,Married/cohabitating mother,Universal,Sliding scale,0.06993603
2024,39,Ohio,Married/cohabitating mother,Universal,Fixed (7%),0.05149907
2024,39,Ohio,Married/cohabitating mother,Partial emp.,Sliding scale,0.06690357
2024,39,Ohio,Married/cohabitating mother,Partial emp.,Fixed (7%),0.04877668
2024,39,Ohio,Married/cohabitating mother,Max emp.,Sliding scale,0.04040832
2024,39,Ohio,Married/cohabitating mother,Max emp.,Fixed (7%),0.02814701
2024,40,Oklahoma,Married/cohabitating mother,Universal,Sliding scale,0.07523857
2024,40,Oklahoma,Married/cohabitating mother,Universal,Fixed (7%),0.05463237
2024,40,Oklahoma,Married/cohabitating mother,Partial emp.,Sliding scale,0.07226611
2024,40,Oklahoma,Married/cohabitating mother,Partial emp.,Fixed (7%),0.05205659
2024,40,Oklahoma,Married/cohabitating mother,Max emp.,Sliding scale,0.03783971
2024,40,Oklahoma,Married/cohabitating mother,Max emp.,Fixed (7%),0.02535155
2024,41,Oregon,Married/cohabitating mother,Universal,Sliding scale,0.05438795
2024,41,Oregon,Married/cohabitating mother,Universal,Fixed (7%),0.03769669
2024,41,Oregon,Married/cohabitating mother,Partial emp.,Sliding scale,0.05262612
2024,41,Oregon,Married/cohabitating mother,Partial emp.,Fixed (7%),0.03632641
2024,41,Oregon,Married/cohabitating mother,Max emp.,Sliding scale,0.03045284
2024,41,Oregon,Married/cohabitating mother,Max emp.,Fixed (7%),0.01969869
2024,42,Pennsylvania,Married/cohabitating mother,Universal,Sliding scale,0.0642133
2024,42,Pennsylvania,Married/cohabitating mother,Universal,Fixed (7%),0.04630511
2024,42,Pennsylvania,Married/cohabitating mother,Partial emp.,Sliding scale,0.06209778
2024,42,Pennsylvania,Married/cohabitating mother,Partial emp.,Fixed (7%),0.0444936
2024,42,Pennsylvania,Married/cohabitating mother,Max emp.,Sliding scale,0.03819823
2024,42,Pennsylvania,Married/cohabitating mother,Max emp.,Fixed (7%),0.02606395
2024,44,Rhode Island,Married/cohabitating mother,Universal,Sliding scale,0.04207065
2024,44,Rhode Island,Married/cohabitating mother,Universal,Fixed (7%),0.02953418
2024,44,Rhode Island,Married/cohabitating mother,Partial emp.,Sliding scale,0.03970579
2024,44,Rhode Island,Married/cohabitating mother,Partial emp.,Fixed (7%),0.02736802
2024,44,Rhode Island,Married/cohabitating mother,Max emp.,Sliding scale,0.02263517
2024,44,Rhode Island,Married/cohabitating mother,Max emp.,Fixed (7%),0.01430873
2024,45,South Carolina,Married/cohabitating mother,Universal,Sliding scale,0.05640983
2024,45,South Carolina,Married/cohabitating mother,Universal,Fixed (7%),0.03773458
2024,45,South Carolina,Married/cohabitating mother,Partial emp.,Sliding scale,0.05466364
2024,45,South Carolina,Married/cohabitating mother,Partial emp.,Fixed (7%),0.03631816
2024,45,South Carolina,Married/cohabitating mother,Max emp.,Sliding scale,0.03080264
2024,45,South Carolina,Married/cohabitating mother,Max emp.,Fixed (7%),0.01877319
2024,46,South Dakota,Married/cohabitating mother,Universal,Sliding scale,0.04709114
2024,46,South Dakota,Married/cohabitating mother,Universal,Fixed (7%),0.03070131
2024,46,South Dakota,Married/cohabitating mother,Partial emp.,Sliding scale,0.04445319
2024,46,South Dakota,Married/cohabitating mother,Partial emp.,Fixed (7%),0.02833271
2024,46,South Dakota,Married/cohabitating mother,Max emp.,Sliding scale,0.03042996
2024,46,South Dakota,Married/cohabitating mother,Max emp.,Fixed (7%),0.01758214
2024,47,Tennessee,Married/cohabitating mother,Universal,Sliding scale,0.04416934
2024,47,Tennessee,Married/cohabitating mother,Universal,Fixed (7%),0.02595495
2024,47,Tennessee,Married/cohabitating mother,Partial emp.,Sliding scale,0.04240537
2024,47,Tennessee,Married/cohabitating mother,Partial emp.,Fixed (7%),0.02458131
2024,47,Tennessee,Married/cohabitating mother,Max emp.,Sliding scale,0.02230203
2024,47,Tennessee,Married/cohabitating mother,Max emp.,Fixed (7%),0.011534
2024,48,Texas,Married/cohabitating mother,Universal,Sliding scale,0.05334544
2024,48,Texas,Married/cohabitating mother,Universal,Fixed (7%),0.03600141
2024,48,Texas,Married/cohabitating mother,Partial emp.,Sliding scale,0.0514005
2024,48,Texas,Married/cohabitating mother,Partial emp.,Fixed (7%),0.03435767
2024,48,Texas,Married/cohabitating mother,Max emp.,Sliding scale,0.02758967
2024,48,Texas,Married/cohabitating mother,Max emp.,Fixed (7%),0.01725769
2024,49,Utah,Married/cohabitating mother,Universal,Sliding scale,0.07116227
2024,49,Utah,Married/cohabitating mother,Universal,Fixed (7%),0.04774315
2024,49,Utah,Married/cohabitating mother,Partial emp.,Sliding scale,0.06983019
2024,49,Utah,Married/cohabitating mother,Partial emp.,Fixed (7%),0.04656719
2024,49,Utah,Married/cohabitating mother,Max emp.,Sliding scale,0.03718945
2024,49,Utah,Married/cohabitating mother,Max emp.,Fixed (7%),0.02312598
2024,50,Vermont,Married/cohabitating mother,Universal,Sliding scale,0.07854867
2024,50,Vermont,Married/cohabitating mother,Universal,Fixed (7%),0.06287825
2024,50,Vermont,Married/cohabitating mother,Partial emp.,Sliding scale,0.07710592
2024,50,Vermont,Married/cohabitating mother,Partial emp.,Fixed (7%),0.0616629
2024,50,Vermont,Married/cohabitating mother,Max emp.,Sliding scale,0.05581172
2024,50,Vermont,Married/cohabitating mother,Max emp.,Fixed (7%),0.04357524
2024,51,Virginia,Married/cohabitating mother,Universal,Sliding scale,0.05738894
2024,51,Virginia,Married/cohabitating mother,Universal,Fixed (7%),0.04136452
2024,51,Virginia,Married/cohabitating mother,Partial emp.,Sliding scale,0.05618812
2024,51,Virginia,Married/cohabitating mother,Partial emp.,Fixed (7%),0.04034288
2024,51,Virginia,Married/cohabitating mother,Max emp.,Sliding scale,0.03241471
2024,51,Virginia,Married/cohabitating mother,Max emp.,Fixed (7%),0.02195743
2024,53,Washington,Married/cohabitating mother,Universal,Sliding scale,0.07452467
2024,53,Washington,Married/cohabitating mother,Universal,Fixed (7%),0.05691301
2024,53,Washington,Married/cohabitating mother,Partial emp.,Sliding scale,0.07194574
2024,53,Washington,Married/cohabitating mother,Partial emp.,Fixed (7%),0.05467832
2024,53,Washington,Married/cohabitating mother,Max emp.,Sliding scale,0.03949308
2024,53,Washington,Married/cohabitating mother,Max emp.,Fixed (7%),0.02873027
2024,54,West Virginia,Married/cohabitating mother,Universal,Sliding scale,0.08572232
2024,54,West Virginia,Married/cohabitating mother,Universal,Fixed (7%),0.06121583
2024,54,West Virginia,Married/cohabitating mother,Partial emp.,Sliding scale,0.08199232
2024,54,West Virginia,Married/cohabitating mother,Partial emp.,Fixed (7%),0.05792072
2024,54,West Virginia,Married/cohabitating mother,Max emp.,Sliding scale,0.04645398
2024,54,West Virginia,Married/cohabitating mother,Max emp.,Fixed (7%),0.03203975
2024,55,Wisconsin,Married/cohabitating mother,Universal,Sliding scale,0.06496845
2024,55,Wisconsin,Married/cohabitating mother,Universal,Fixed (7%),0.04867529
2024,55,Wisconsin,Married/cohabitating mother,Partial emp.,Sliding scale,0.06325295
2024,55,Wisconsin,Married/cohabitating mother,Partial emp.,Fixed (7%),0.04713956
2024,55,Wisconsin,Married/cohabitating mother,Max emp.,Sliding scale,0.04250495
2024,55,Wisconsin,Married/cohabitating mother,Max emp.,Fixed (7%),0.03029227
2024,56,Wyoming,Married/cohabitating mother,Universal,Sliding scale,0.05725316
2024,56,Wyoming,Married/cohabitating mother,Universal,Fixed (7%),0.03866861
2024,56,Wyoming,Married/cohabitating mother,Partial emp.,Sliding scale,0.0563642
2024,56,Wyoming,Married/cohabitating mother,Partial emp.,Fixed (7%),0.03780206
2024,56,Wyoming,Married/cohabitating mother,Max emp.,Sliding scale,0.02873868
2024,56,Wyoming,Married/cohabitating mother,Max emp.,Fixed (7%),0.01820393
2024,99999,United States,Married/cohabitating mother,Universal,Sliding scale,0.0589519
2024,99999,United States,Married/cohabitating mother,Universal,Fixed (7%),0.04177125
2024,99999,United States,Married/cohabitating mother,Partial emp.,Sliding scale,0.0569523
2024,99999,United States,Married/cohabitating mother,Partial emp.,Fixed (7%),0.04005796
2024,99999,United States,Married/cohabitating mother,Max emp.,Sliding scale,0.03320667
2024,99999,United States,Married/cohabitating mother,Max emp.,Fixed (7%),0.02215516
2024,1,Alabama,Married/cohabitating father,Universal,Sliding scale,0.0024423
2024,1,Alabama,Married/cohabitating father,Universal,Fixed (7%),0.00139434
2024,1,Alabama,Married/cohabitating father,Partial emp.,Sliding scale,0.00236422
2024,1,Alabama,Married/cohabitating father,Partial emp.,Fixed (7%),0.00133361
2024,1,Alabama,Married/cohabitating father,Max emp.,Sliding scale,0.00135112
2024,1,Alabama,Married/cohabitating father,Max emp.,Fixed (7%),0.00069001
2024,2,Alaska,Married/cohabitating father,Universal,Sliding scale,0.00127195
2024,2,Alaska,Married/cohabitating father,Universal,Fixed (7%),0.00081512
2024,2,Alaska,Married/cohabitating father,Partial emp.,Sliding scale,0.00119939
2024,2,Alaska,Married/cohabitating father,Partial emp.,Fixed (7%),0.00076929
2024,2,Alaska,Married/cohabitating father,Max emp.,Sliding scale,0.00078047
2024,2,Alaska,Married/cohabitating father,Max emp.,Fixed (7%),0.00050663
2024,4,Arizona,Married/cohabitating father,Universal,Sliding scale,0.00104552
2024,4,Arizona,Married/cohabitating father,Universal,Fixed (7%),0.00072958
2024,4,Arizona,Married/cohabitating father,Partial emp.,Sliding scale,0.00101075
2024,4,Arizona,Married/cohabitating father,Partial emp.,Fixed (7%),0.00070243
2024,4,Arizona,Married/cohabitating father,Max emp.,Sliding scale,0.00070989
2024,4,Arizona,Married/cohabitating father,Max emp.,Fixed (7%),0.00047039
2024,5,Arkansas,Married/cohabitating father,Universal,Sliding scale,0.0024572
2024,5,Arkansas,Married/cohabitating father,Universal,Fixed (7%),0.00157536
2024,5,Arkansas,Married/cohabitating father,Partial emp.,Sliding scale,0.00234297
2024,5,Arkansas,Married/cohabitating father,Partial emp.,Fixed (7%),0.00148371
2024,5,Arkansas,Married/cohabitating father,Max emp.,Sliding scale,0.00126136
2024,5,Arkansas,Married/cohabitating father,Max emp.,Fixed (7%),0.00073032
2024,6,California,Married/cohabitating father,Universal,Sliding scale,-0.00020799
2024,6,California,Married/cohabitating father,Universal,Fixed (7%),-0.00015728
2024,6,California,Married/cohabitating father,Partial emp.,Sliding scale,-0.00020711
2024,6,California,Married/cohabitating father,Partial emp.,Fixed (7%),-0.00015781
2024,6,California,Married/cohabitating father,Max emp.,Sliding scale,-0.00009895
2024,6,California,Married/cohabitating father,Max emp.,Fixed (7%),-0.00006482
2024,8,Colorado,Married/cohabitating father,Universal,Sliding scale,0.00162261
2024,8,Colorado,Married/cohabitating father,Universal,Fixed (7%),0.00114437
2024,8,Colorado,Married/cohabitating father,Partial emp.,Sliding scale,0.00160322
2024,8,Colorado,Married/cohabitating father,Partial emp.,Fixed (7%),0.0011275
2024,8,Colorado,Married/cohabitating father,Max emp.,Sliding scale,0.00110973
2024,8,Colorado,Married/cohabitating father,Max emp.,Fixed (7%),0.00074375
2024,9,Connecticut,Married/cohabitating father,Universal,Sliding scale,0.00123724
2024,9,Connecticut,Married/cohabitating father,Universal,Fixed (7%),0.00080487
2024,9,Connecticut,Married/cohabitating father,Partial emp.,Sliding scale,0.0012193
2024,9,Connecticut,Married/cohabitating father,Partial emp.,Fixed (7%),0.00079039
2024,9,Connecticut,Married/cohabitating father,Max emp.,Sliding scale,0.0009232
2024,9,Connecticut,Married/cohabitating father,Max emp.,Fixed (7%),0.00059544
2024,10,Delaware,Married/cohabitating father,Universal,Sliding scale,0.00092885
2024,10,Delaware,Married/cohabitating father,Universal,Fixed (7%),0.00048914
2024,10,Delaware,Married/cohabitating father,Partial emp.,Sliding scale,0.0008609
2024,10,Delaware,Married/cohabitating father,Partial emp.,Fixed (7%),0.00044236
2024,10,Delaware,Married/cohabitating father,Max emp.,Sliding scale,0.00062638
2024,10,Delaware,Married/cohabitating father,Max emp.,Fixed (7%),0.00030429
2024,11,District of Columbia,Married/cohabitating father,Universal,Sliding scale,0.00125734
2024,11,District of Columbia,Married/cohabitating father,Universal,Fixed (7%),0.00101716
2024,11,District of Columbia,Married/cohabitating father,Partial emp.,Sliding scale,0.00125734
2024,11,District of Columbia,Married/cohabitating father,Partial emp.,Fixed (7%),0.00101716
2024,11,District of Columbia,Married/cohabitating father,Max emp.,Sliding scale,0.00092498
2024,11,District of Columbia,Married/cohabitating father,Max emp.,Fixed (7%),0.00074645
2024,12,Florida,Married/cohabitating father,Universal,Sliding scale,0.00115611
2024,12,Florida,Married/cohabitating father,Universal,Fixed (7%),0.00075568
2024,12,Florida,Married/cohabitating father,Partial emp.,Sliding scale,0.00112014
2024,12,Florida,Married/cohabitating father,Partial emp.,Fixed (7%),0.00072598
2024,12,Florida,Married/cohabitating father,Max emp.,Sliding scale,0.00066295
2024,12,Florida,Married/cohabitating father,Max emp.,Fixed (7%),0.00040766
2024,13,Georgia,Married/cohabitating father,Universal,Sliding scale,0.00127838
2024,13,Georgia,Married/cohabitating father,Universal,Fixed (7%),0.00064675
2024,13,Georgia,Married/cohabitating father,Partial emp.,Sliding scale,0.00123894
2024,13,Georgia,Married/cohabitating father,Partial emp.,Fixed (7%),0.00061798
2024,13,Georgia,Married/cohabitating father,Max emp.,Sliding scale,0.00080766
2024,13,Georgia,Married/cohabitating father,Max emp.,Fixed (7%),0.0003684
2024,15,Hawaii,Married/cohabitating father,Universal,Sliding scale,-0.00089847
2024,15,Hawaii,Married/cohabitating father,Universal,Fixed (7%),-0.00060609
2024,15,Hawaii,Married/cohabitating father,Partial emp.,Sliding scale,-0.00094444
2024,15,Hawaii,Married/cohabitating father,Partial emp.,Fixed (7%),-0.00063977
2024,15,Hawaii,Married/cohabitating father,Max emp.,Sliding scale,-0.00057971
2024,15,Hawaii,Married/cohabitating father,Max emp.,Fixed (7%),-0.00032802
2024,16,Idaho,Married/cohabitating father,Universal,Sliding scale,0.00277062
2024,16,Idaho,Married/cohabitating father,Universal,Fixed (7%),0.00178225
2024,16,Idaho,Married/cohabitating father,Partial emp.,Sliding scale,0.00272143
2024,16,Idaho,Married/cohabitating father,Partial emp.,Fixed (7%),0.00174681
2024,16,Idaho,Married/cohabitating father,Max emp.,Sliding scale,0.00150492
2024,16,Idaho,Married/cohabitating father,Max emp.,Fixed (7%),0.0009032
2024,17,Illinois,Married/cohabitating father,Universal,Sliding scale,0.00096074
2024,17,Illinois,Married/cohabitating father,Universal,Fixed (7%),0.00056217
2024,17,Illinois,Married/cohabitating father,Partial emp.,Sliding scale,0.00093636
2024,17,Illinois,Married/cohabitating father,Partial emp.,Fixed (7%),0.00054217
2024,17,Illinois,Married/cohabitating father,Max emp.,Sliding scale,0.00063705
2024,17,Illinois,Married/cohabitating father,Max emp.,Fixed (7%),0.00034576
2024,18,Indiana,Married/cohabitating father,Universal,Sliding scale,0.0025139
2024,18,Indiana,Married/cohabitating father,Universal,Fixed (7%),0.00168912
2024,18,Indiana,Married/cohabitating father,Partial emp.,Sliding scale,0.00243306
2024,18,Indiana,Married/cohabitating father,Partial emp.,Fixed (7%),0.00161942
2024,18,Indiana,Married/cohabitating father,Max emp.,Sliding scale,0.00163573
2024,18,Indiana,Married/cohabitating father,Max emp.,Fixed (7%),0.00102655
2024,19,Iowa,Married/cohabitating father,Universal,Sliding scale,0.00153315
2024,19,Iowa,Married/cohabitating father,Universal,Fixed (7%),0.00087062
2024,19,Iowa,Married/cohabitating father,Partial emp.,Sliding scale,0.00149786
2024,19,Iowa,Married/cohabitating father,Partial emp.,Fixed (7%),0.00083905
2024,19,Iowa,Married/cohabitating father,Max emp.,Sliding scale,0.00106618
2024,19,Iowa,Married/cohabitating father,Max emp.,Fixed (7%),0.00055417
2024,20,Kansas,Married/cohabitating father,Universal,Sliding scale,0.00132523
2024,20,Kansas,Married/cohabitating father,Universal,Fixed (7%),0.00068301
2024,20,Kansas,Married/cohabitating father,Partial emp.,Sliding scale,0.00128416
2024,20,Kansas,Married/cohabitating father,Partial emp.,Fixed (7%),0.00065138
2024,20,Kansas,Married/cohabitating father,Max emp.,Sliding scale,0.00084924
2024,20,Kansas,Married/cohabitating father,Max emp.,Fixed (7%),0.00038877
2024,21,Kentucky,Married/cohabitating father,Universal,Sliding scale,0.00267244
2024,21,Kentucky,Married/cohabitating father,Universal,Fixed (7%),0.00163562
2024,21,Kentucky,Married/cohabitating father,Partial emp.,Sliding scale,0.00250514
2024,21,Kentucky,Married/cohabitating father,Partial emp.,Fixed (7%),0.00150538
2024,21,Kentucky,Married/cohabitating father,Max emp.,Sliding scale,0.00141314
2024,21,Kentucky,Married/cohabitating father,Max emp.,Fixed (7%),0.00076234
2024,22,Louisiana,Married/cohabitating father,Universal,Sliding scale,0.00252674
2024,22,Louisiana,Married/cohabitating father,Universal,Fixed (7%),0.00164874
2024,22,Louisiana,Married/cohabitating father,Partial emp.,Sliding scale,0.00246176
2024,22,Louisiana,Married/cohabitating father,Partial emp.,Fixed (7%),0.00159278
2024,22,Louisiana,Married/cohabitating father,Max emp.,Sliding scale,0.0013706
2024,22,Louisiana,Married/cohabitating father,Max emp.,Fixed (7%),0.0008022
2024,23,Maine,Married/cohabitating father,Universal,Sliding scale,0.00287735
2024,23,Maine,Married/cohabitating father,Universal,Fixed (7%),0.00189291
2024,23,Maine,Married/cohabitating father,Partial emp.,Sliding scale,0.00276508
2024,23,Maine,Married/cohabitating father,Partial emp.,Fixed (7%),0.00179445
2024,23,Maine,Married/cohabitating father,Max emp.,Sliding scale,0.00171616
2024,23,Maine,Married/cohabitating father,Max emp.,Fixed (7%),0.00104215
2024,24,Maryland,Married/cohabitating father,Universal,Sliding scale,0.00113758
2024,24,Maryland,Married/cohabitating father,Universal,Fixed (7%),0.00072401
2024,24,Maryland,Married/cohabitating father,Partial emp.,Sliding scale,0.00108755
2024,24,Maryland,Married/cohabitating father,Partial emp.,Fixed (7%),0.00068308
2024,24,Maryland,Married/cohabitating father,Max emp.,Sliding scale,0.00082463
2024,24,Maryland,Married/cohabitating father,Max emp.,Fixed (7%),0.00050224
2024,25,Massachusetts,Married/cohabitating father,Universal,Sliding scale,0.00121212
2024,25,Massachusetts,Married/cohabitating father,Universal,Fixed (7%),0.00084692
2024,25,Massachusetts,Married/cohabitating father,Partial emp.,Sliding scale,0.00119524
2024,25,Massachusetts,Married/cohabitating father,Partial emp.,Fixed (7%),0.00083402
2024,25,Massachusetts,Married/cohabitating father,Max emp.,Sliding scale,0.00089875
2024,25,Massachusetts,Married/cohabitating father,Max emp.,Fixed (7%),0.00060311
2024,26,Michigan,Married/cohabitating father,Universal,Sliding scale,0.00259317
2024,26,Michigan,Married/cohabitating father,Universal,Fixed (7%),0.00171677
2024,26,Michigan,Married/cohabitating father,Partial emp.,Sliding scale,0.00249578
2024,26,Michigan,Married/cohabitating father,Partial emp.,Fixed (7%),0.00163292
2024,26,Michigan,Married/cohabitating father,Max emp.,Sliding scale,0.00148038
2024,26,Michigan,Married/cohabitating father,Max emp.,Fixed (7%),0.00088935
2024,27,Minnesota,Married/cohabitating father,Universal,Sliding scale,0.00158085
2024,27,Minnesota,Married/cohabitating father,Universal,Fixed (7%),0.00110515
2024,27,Minnesota,Married/cohabitating father,Partial emp.,Sliding scale,0.00154968
2024,27,Minnesota,Married/cohabitating father,Partial emp.,Fixed (7%),0.00107598
2024,27,Minnesota,Married/cohabitating father,Max emp.,Sliding scale,0.00111197
2024,27,Minnesota,Married/cohabitating father,Max emp.,Fixed (7%),0.0007319
2024,28,Mississippi,Married/cohabitating father,Universal,Sliding scale,0.0022453
2024,28,Mississippi,Married/cohabitating father,Universal,Fixed (7%),0.00125083
2024,28,Mississippi,Married/cohabitating father,Partial emp.,Sliding scale,0.00216703
2024,28,Mississippi,Married/cohabitating father,Partial emp.,Fixed (7%),0.00118019
2024,28,Mississippi,Married/cohabitating father,Max emp.,Sliding scale,0.00136693
2024,28,Mississippi,Married/cohabitating father,Max emp.,Fixed (7%),0.00067207
2024,29,Missouri,Married/cohabitating father,Universal,Sliding scale,0.00250343
2024,29,Missouri,Married/cohabitating father,Universal,Fixed (7%),0.00159284
2024,29,Missouri,Married/cohabitating father,Partial emp.,Sliding scale,0.00245176
2024,29,Missouri,Married/cohabitating father,Partial emp.,Fixed (7%),0.00155145
2024,29,Missouri,Married/cohabitating father,Max emp.,Sliding scale,0.00160514
2024,29,Missouri,Married/cohabitating father,Max emp.,Fixed (7%),0.00094112
2024,30,Montana,Married/cohabitating father,Universal,Sliding scale,0.00318369
2024,30,Montana,Married/cohabitating father,Universal,Fixed (7%),0.00235764
2024,30,Montana,Married/cohabitating father,Partial emp.,Sliding scale,0.00304767
2024,30,Montana,Married/cohabitating father,Partial emp.,Fixed (7%),0.00222474
2024,30,Montana,Married/cohabitating father,Max emp.,Sliding scale,0.00202934
2024,30,Montana,Married/cohabitating father,Max emp.,Fixed (7%),0.00141842
2024,31,Nebraska,Married/cohabitating father,Universal,Sliding scale,0.00153176
2024,31,Nebraska,Married/cohabitating father,Universal,Fixed (7%),0.00105372
2024,31,Nebraska,Married/cohabitating father,Partial emp.,Sliding scale,0.00156076
2024,31,Nebraska,Married/cohabitating father,Partial emp.,Fixed (7%),0.00108147
2024,31,Nebraska,Married/cohabitating father,Max emp.,Sliding scale,0.00113695
2024,31,Nebraska,Married/cohabitating father,Max emp.,Fixed (7%),0.00076404
2024,32,Nevada,Married/cohabitating father,Universal,Sliding scale,0.00043863
2024,32,Nevada,Married/cohabitating father,Universal,Fixed (7%),0.00031605
2024,32,Nevada,Married/cohabitating father,Partial emp.,Sliding scale,0.00045339
2024,32,Nevada,Married/cohabitating father,Partial emp.,Fixed (7%),0.00032905
2024,32,Nevada,Married/cohabitating father,Max emp.,Sliding scale,0.00030627
2024,32,Nevada,Married/cohabitating father,Max emp.,Fixed (7%),0.00022511
2024,33,New Hampshire,Married/cohabitating father,Universal,Sliding scale,0.00246496
2024,33,New Hampshire,Married/cohabitating father,Universal,Fixed (7%),0.00151988
2024,33,New Hampshire,Married/cohabitating father,Partial emp.,Sliding scale,0.00242169
2024,33,New Hampshire,Married/cohabitating father,Partial emp.,Fixed (7%),0.00148389
2024,33,New Hampshire,Married/cohabitating father,Max emp.,Sliding scale,0.00167902
2024,33,New Hampshire,Married/cohabitating father,Max emp.,Fixed (7%),0.00095242
2024,34,New Jersey,Married/cohabitating father,Universal,Sliding scale,0.00092939
2024,34,New Jersey,Married/cohabitating father,Universal,Fixed (7%),0.00062849
2024,34,New Jersey,Married/cohabitating father,Partial emp.,Sliding scale,0.00088703
2024,34,New Jersey,Married/cohabitating father,Partial emp.,Fixed (7%),0.00059135
2024,34,New Jersey,Married/cohabitating father,Max emp.,Sliding scale,0.00066171
2024,34,New Jersey,Married/cohabitating father,Max emp.,Fixed (7%),0.00041952
2024,35,New Mexico,Married/cohabitating father,Universal,Sliding scale,0.00009503
2024,35,New Mexico,Married/cohabitating father,Universal,Fixed (7%),0.00001933
2024,35,New Mexico,Married/cohabitating father,Partial emp.,Sliding scale,0.00013754
2024,35,New Mexico,Married/cohabitating father,Partial emp.,Fixed (7%),0.00006729
2024,35,New Mexico,Married/cohabitating father,Max emp.,Sliding scale,0.00009909
2024,35,New Mexico,Married/cohabitating father,Max emp.,Fixed (7%),0.00006475
2024,36,New York,Married/cohabitating father,Universal,Sliding scale,0.00140968
2024,36,New York,Married/cohabitating father,Universal,Fixed (7%),0.0010625
2024,36,New York,Married/cohabitating father,Partial emp.,Sliding scale,0.0013711
2024,36,New York,Married/cohabitating father,Partial emp.,Fixed (7%),0.00102951
2024,36,New York,Married/cohabitating father,Max emp.,Sliding scale,0.00093308
2024,36,New York,Married/cohabitating father,Max emp.,Fixed (7%),0.00067629
2024,37,North Carolina,Married/cohabitating father,Universal,Sliding scale,0.00167368
2024,37,North Carolina,Married/cohabitating father,Universal,Fixed (7%),0.00097806
2024,37,North Carolina,Married/cohabitating father,Partial emp.,Sliding scale,0.00160513
2024,37,North Carolina,Married/cohabitating father,Partial emp.,Fixed (7%),0.00091813
2024,37,North Carolina,Married/cohabitating father,Max emp.,Sliding scale,0.00091731
2024,37,North Carolina,Married/cohabitating father,Max emp.,Fixed (7%),0.00047043
2024,38,North Dakota,Married/cohabitating father,Universal,Sliding scale,0.00209988
2024,38,North Dakota,Married/cohabitating father,Universal,Fixed (7%),0.00143151
2024,38,North Dakota,Married/cohabitating father,Partial emp.,Sliding scale,0.00206923
2024,38,North Dakota,Married/cohabitating father,Partial emp.,Fixed (7%),0.00140561
2024,38,North Dakota,Married/cohabitating father,Max emp.,Sliding scale,0.00153268
2024,38,North Dakota,Married/cohabitating father,Max emp.,Fixed (7%),0.00100022
2024,39,Ohio,Married/cohabitating father,Universal,Sliding scale,0.00267402
2024,39,Ohio,Married/cohabitating father,Universal,Fixed (7%),0.00186128
2024,39,Ohio,Married/cohabitating father,Partial emp.,Sliding scale,0.00256327
2024,39,Ohio,Married/cohabitating father,Partial emp.,Fixed (7%),0.00176264
2024,39,Ohio,Married/cohabitating father,Max emp.,Sliding scale,0.00158085
2024,39,Ohio,Married/cohabitating father,Max emp.,Fixed (7%),0.00102704
2024,40,Oklahoma,Married/cohabitating father,Universal,Sliding scale,0.00195704
2024,40,Oklahoma,Married/cohabitating father,Universal,Fixed (7%),0.00131697
2024,40,Oklahoma,Married/cohabitating father,Partial emp.,Sliding scale,0.00188065
2024,40,Oklahoma,Married/cohabitating father,Partial emp.,Fixed (7%),0.00124891
2024,40,Oklahoma,Married/cohabitating father,Max emp.,Sliding scale,0.00118009
2024,40,Oklahoma,Married/cohabitating father,Max emp.,Fixed (7%),0.00073363
2024,41,Oregon,Married/cohabitating father,Universal,Sliding scale,0.00131488
2024,41,Oregon,Married/cohabitating father,Universal,Fixed (7%),0.00084049
2024,41,Oregon,Married/cohabitating father,Partial emp.,Sliding scale,0.00125625
2024,41,Oregon,Married/cohabitating father,Partial emp.,Fixed (7%),0.00079173
2024,41,Oregon,Married/cohabitating father,Max emp.,Sliding scale,0.00070306
2024,41,Oregon,Married/cohabitating father,Max emp.,Fixed (7%),0.00038877
2024,42,Pennsylvania,Married/cohabitating father,Universal,Sliding scale,0.00220759
2024,42,Pennsylvania,Married/cohabitating father,Universal,Fixed (7%),0.00149138
2024,42,Pennsylvania,Married/cohabitating father,Partial emp.,Sliding scale,0.00215661
2024,42,Pennsylvania,Married/cohabitating father,Partial emp.,Fixed (7%),0.00144655
2024,42,Pennsylvania,Married/cohabitating father,Max emp.,Sliding scale,0.00141716
2024,42,Pennsylvania,Married/cohabitating father,Max emp.,Fixed (7%),0.00089252
2024,44,Rhode Island,Married/cohabitating father,Universal,Sliding scale,0.00062792
2024,44,Rhode Island,Married/cohabitating father,Universal,Fixed (7%),0.00038969
2024,44,Rhode Island,Married/cohabitating father,Partial emp.,Sliding scale,0.00052079
2024,44,Rhode Island,Married/cohabitating father,Partial emp.,Fixed (7%),0.00028452
2024,44,Rhode Island,Married/cohabitating father,Max emp.,Sliding scale,0.00034406
2024,44,Rhode Island,Married/cohabitating father,Max emp.,Fixed (7%),0.0001826
2024,45,South Carolina,Married/cohabitating father,Universal,Sliding scale,0.00250311
2024,45,South Carolina,Married/cohabitating father,Universal,Fixed (7%),0.00160419
2024,45,South Carolina,Married/cohabitating father,Partial emp.,Sliding scale,0.00242735
2024,45,South Carolina,Married/cohabitating father,Partial emp.,Fixed (7%),0.00154476
2024,45,South Carolina,Married/cohabitating father,Max emp.,Sliding scale,0.00141592
2024,45,South Carolina,Married/cohabitating father,Max emp.,Fixed (7%),0.0008073
2024,46,South Dakota,Married/cohabitating father,Universal,Sliding scale,0.00132926
2024,46,South Dakota,Married/cohabitating father,Universal,Fixed (7%),0.00069696
2024,46,South Dakota,Married/cohabitating father,Partial emp.,Sliding scale,0.00130893
2024,46,South Dakota,Married/cohabitating father,Partial emp.,Fixed (7%),0.00068674
2024,46,South Dakota,Married/cohabitating father,Max emp.,Sliding scale,0.00102437
2024,46,South Dakota,Married/cohabitating father,Max emp.,Fixed (7%),0.00051991
2024,47,Tennessee,Married/cohabitating father,Universal,Sliding scale,0.00203013
2024,47,Tennessee,Married/cohabitating father,Universal,Fixed (7%),0.00111929
2024,47,Tennessee,Married/cohabitating father,Partial emp.,Sliding scale,0.00191911
2024,47,Tennessee,Married/cohabitating father,Partial emp.,Fixed (7%),0.00103469
2024,47,Tennessee,Married/cohabitating father,Max emp.,Sliding scale,0.00106497
2024,47,Tennessee,Married/cohabitating father,Max emp.,Fixed (7%),0.00049346
2024,48,Texas,Married/cohabitating father,Universal,Sliding scale,0.00047089
2024,48,Texas,Married/cohabitating father,Universal,Fixed (7%),0.00026513
2024,48,Texas,Married/cohabitating father,Partial emp.,Sliding scale,0.00044495
2024,48,Texas,Married/cohabitating father,Partial emp.,Fixed (7%),0.00024261
2024,48,Texas,Married/cohabitating father,Max emp.,Sliding scale,0.0003492
2024,48,Texas,Married/cohabitating father,Max emp.,Fixed (7%),0.00019832
2024,49,Utah,Married/cohabitating father,Universal,Sliding scale,0.00294791
2024,49,Utah,Married/cohabitating father,Universal,Fixed (7%),0.00194753
2024,49,Utah,Married/cohabitating father,Partial emp.,Sliding scale,0.00284953
2024,49,Utah,Married/cohabitating father,Partial emp.,Fixed (7%),0.00185711
2024,49,Utah,Married/cohabitating father,Max emp.,Sliding scale,0.00150278
2024,49,Utah,Married/cohabitating father,Max emp.,Fixed (7%),0.00090185
2024,50,Vermont,Married/cohabitating father,Universal,Sliding scale,0.00276659
2024,50,Vermont,Married/cohabitating father,Universal,Fixed (7%),0.00207129
2024,50,Vermont,Married/cohabitating father,Partial emp.,Sliding scale,0.00273916
2024,50,Vermont,Married/cohabitating father,Partial emp.,Fixed (7%),0.00204924
2024,50,Vermont,Married/cohabitating father,Max emp.,Sliding scale,0.00199139
2024,50,Vermont,Married/cohabitating father,Max emp.,Fixed (7%),0.00143853
2024,51,Virginia,Married/cohabitating father,Universal,Sliding scale,0.00149716
2024,51,Virginia,Married/cohabitating father,Universal,Fixed (7%),0.00094409
2024,51,Virginia,Married/cohabitating father,Partial emp.,Sliding scale,0.00145309
2024,51,Virginia,Married/cohabitating father,Partial emp.,Fixed (7%),0.0009072
2024,51,Virginia,Married/cohabitating father,Max emp.,Sliding scale,0.00088705
2024,51,Virginia,Married/cohabitating father,Max emp.,Fixed (7%),0.00050493
2024,53,Washington,Married/cohabitating father,Universal,Sliding scale,0.00189676
2024,53,Washington,Married/cohabitating father,Universal,Fixed (7%),0.00138976
2024,53,Washington,Married/cohabitating father,Partial emp.,Sliding scale,0.00184197
2024,53,Washington,Married/cohabitating father,Partial emp.,Fixed (7%),0.00134221
2024,53,Washington,Married/cohabitating father,Max emp.,Sliding scale,0.00096455
2024,53,Washington,Married/cohabitating father,Max emp.,Fixed (7%),0.00064377
2024,54,West Virginia,Married/cohabitating father,Universal,Sliding scale,0.00472263
2024,54,West Virginia,Married/cohabitating father,Universal,Fixed (7%),0.00325937
2024,54,West Virginia,Married/cohabitating father,Partial emp.,Sliding scale,0.00446256
2024,54,West Virginia,Married/cohabitating father,Partial emp.,Fixed (7%),0.00302953
2024,54,West Virginia,Married/cohabitating father,Max emp.,Sliding scale,0.00250562
2024,54,West Virginia,Married/cohabitating father,Max emp.,Fixed (7%),0.00163875
2024,55,Wisconsin,Married/cohabitating father,Universal,Sliding scale,0.00212409
2024,55,Wisconsin,Married/cohabitating father,Universal,Fixed (7%),0.00148758
2024,55,Wisconsin,Married/cohabitating father,Partial emp.,Sliding scale,0.00210504
2024,55,Wisconsin,Married/cohabitating father,Partial emp.,Fixed (7%),0.001472
2024,55,Wisconsin,Married/cohabitating father,Max emp.,Sliding scale,0.00144715
2024,55,Wisconsin,Married/cohabitating father,Max emp.,Fixed (7%),0.00095602
2024,56,Wyoming,Married/cohabitating father,Universal,Sliding scale,0.00216983
2024,56,Wyoming,Married/cohabitating father,Universal,Fixed (7%),0.00137772
2024,56,Wyoming,Married/cohabitating father,Partial emp.,Sliding scale,0.00212986
2024,56,Wyoming,Married/cohabitating father,Partial emp.,Fixed (7%),0.00133842
2024,56,Wyoming,Married/cohabitating father,Max emp.,Sliding scale,0.00104123
2024,56,Wyoming,Married/cohabitating father,Max emp.,Fixed (7%),0.00058383
2024,99999,United States,Married/cohabitating father,Universal,Sliding scale,0.00139349
2024,99999,United States,Married/cohabitating father,Universal,Fixed (7%),0.0009035
2024,99999,United States,Married/cohabitating father,Partial emp.,Sliding scale,0.00134731
2024,99999,United States,Married/cohabitating father,Partial emp.,Fixed (7%),0.00086455
2024,99999,United States,Married/cohabitating father,Max emp.,Sliding scale,0.00085863
2024,99999,United States,Married/cohabitating father,Max emp.,Fixed (7%),0.00051838
2024,1,Alabama,Single mother,Universal,Sliding scale,0.03444991
2024,1,Alabama,Single mother,Universal,Fixed (7%),0.02858665
2024,1,Alabama,Single mother,Partial emp.,Sliding scale,0.02386553
2024,1,Alabama,Single mother,Partial emp.,Fixed (7%),0.01870312
2024,1,Alabama,Single mother,Max emp.,Sliding scale,0.02188091
2024,1,Alabama,Single mother,Max emp.,Fixed (7%),0.01685196
2024,2,Alaska,Single mother,Universal,Sliding scale,0.03258691
2024,2,Alaska,Single mother,Universal,Fixed (7%),0.02599102
2024,2,Alaska,Single mother,Partial emp.,Sliding scale,0.0264115
2024,2,Alaska,Single mother,Partial emp.,Fixed (7%),0.02019108
2024,2,Alaska,Single mother,Max emp.,Sliding scale,0.02601913
2024,2,Alaska,Single mother,Max emp.,Fixed (7%),0.0198644
2024,4,Arizona,Single mother,Universal,Sliding scale,0.03140489
2024,4,Arizona,Single mother,Universal,Fixed (7%),0.02651132
2024,4,Arizona,Single mother,Partial emp.,Sliding scale,0.02317253
2024,4,Arizona,Single mother,Partial emp.,Fixed (7%),0.0186948
2024,4,Arizona,Single mother,Max emp.,Sliding scale,0.02186532
2024,4,Arizona,Single mother,Max emp.,Fixed (7%),0.01748867
2024,5,Arkansas,Single mother,Universal,Sliding scale,0.03634246
2024,5,Arkansas,Single mother,Universal,Fixed (7%),0.02911473
2024,5,Arkansas,Single mother,Partial emp.,Sliding scale,0.02603514
2024,5,Arkansas,Single mother,Partial emp.,Fixed (7%),0.01931628
2024,5,Arkansas,Single mother,Max emp.,Sliding scale,0.02483324
2024,5,Arkansas,Single mother,Max emp.,Fixed (7%),0.01823886
2024,6,California,Single mother,Universal,Sliding scale,0.03097411
2024,6,California,Single mother,Universal,Fixed (7%),0.02708462
2024,6,California,Single mother,Partial emp.,Sliding scale,0.02188589
2024,6,California,Single mother,Partial emp.,Fixed (7%),0.01834943
2024,6,California,Single mother,Max emp.,Sliding scale,0.01952625
2024,6,California,Single mother,Max emp.,Fixed (7%),0.01613462
2024,8,Colorado,Single mother,Universal,Sliding scale,0.02853667
2024,8,Colorado,Single mother,Universal,Fixed (7%),0.02492675
2024,8,Colorado,Single mother,Partial emp.,Sliding scale,0.02005548
2024,8,Colorado,Single mother,Partial emp.,Fixed (7%),0.01672963
2024,8,Colorado,Single mother,Max emp.,Sliding scale,0.01747081
2024,8,Colorado,Single mother,Max emp.,Fixed (7%),0.01431635
2024,9,Connecticut,Single mother,Universal,Sliding scale,0.02601715
2024,9,Connecticut,Single mother,Universal,Fixed (7%),0.02221256
2024,9,Connecticut,Single mother,Partial emp.,Sliding scale,0.02112563
2024,9,Connecticut,Single mother,Partial emp.,Fixed (7%),0.01748445
2024,9,Connecticut,Single mother,Max emp.,Sliding scale,0.01869427
2024,9,Connecticut,Single mother,Max emp.,Fixed (7%),0.01515873
2024,10,Delaware,Single mother,Universal,Sliding scale,0.02323161
2024,10,Delaware,Single mother,Universal,Fixed (7%),0.01776938
2024,10,Delaware,Single mother,Partial emp.,Sliding scale,0.0188607
2024,10,Delaware,Single mother,Partial emp.,Fixed (7%),0.01369089
2024,10,Delaware,Single mother,Max emp.,Sliding scale,0.01658293
2024,10,Delaware,Single mother,Max emp.,Fixed (7%),0.01145242
2024,11,District of Columbia,Single mother,Universal,Sliding scale,0.05148285
2024,11,District of Columbia,Single mother,Universal,Fixed (7%),0.04849498
2024,11,District of Columbia,Single mother,Partial emp.,Sliding scale,0.0231991
2024,11,District of Columbia,Single mother,Partial emp.,Fixed (7%),0.02066929
2024,11,District of Columbia,Single mother,Max emp.,Sliding scale,0.02235579
2024,11,District of Columbia,Single mother,Max emp.,Fixed (7%),0.01999919
2024,12,Florida,Single mother,Universal,Sliding scale,0.02995962
2024,12,Florida,Single mother,Universal,Fixed (7%),0.02480745
2024,12,Florida,Single mother,Partial emp.,Sliding scale,0.02145458
2024,12,Florida,Single mother,Partial emp.,Fixed (7%),0.0166855
2024,12,Florida,Single mother,Max emp.,Sliding scale,0.01974598
2024,12,Florida,Single mother,Max emp.,Fixed (7%),0.01512848
2024,13,Georgia,Single mother,Universal,Sliding scale,0.02342966
2024,13,Georgia,Single mother,Universal,Fixed (7%),0.01803693
2024,13,Georgia,Single mother,Partial emp.,Sliding scale,0.01691228
2024,13,Georgia,Single mother,Partial emp.,Fixed (7%),0.01197617
2024,13,Georgia,Single mother,Max emp.,Sliding scale,0.01601015
2024,13,Georgia,Single mother,Max emp.,Fixed (7%),0.01115869
2024,15,Hawaii,Single mother,Universal,Sliding scale,0.01603416
2024,15,Hawaii,Single mother,Universal,Fixed (7%),0.01348439
2024,15,Hawaii,Single mother,Partial emp.,Sliding scale,0.01270627
2024,15,Hawaii,Single mother,Partial emp.,Fixed (7%),0.01038469
2024,15,Hawaii,Single mother,Max emp.,Sliding scale,0.01083723
2024,15,Hawaii,Single mother,Max emp.,Fixed (7%),0.00855767
2024,16,Idaho,Single mother,Universal,Sliding scale,0.0348208
2024,16,Idaho,Single mother,Universal,Fixed (7%),0.02775179
2024,16,Idaho,Single mother,Partial emp.,Sliding scale,0.02704983
2024,16,Idaho,Single mother,Partial emp.,Fixed (7%),0.02053804
2024,16,Idaho,Single mother,Max emp.,Sliding scale,0.02334357
2024,16,Idaho,Single mother,Max emp.,Fixed (7%),0.01727292
2024,17,Illinois,Single mother,Universal,Sliding scale,0.02103215
2024,17,Illinois,Single mother,Universal,Fixed (7%),0.01698873
2024,17,Illinois,Single mother,Partial emp.,Sliding scale,0.01576409
2024,17,Illinois,Single mother,Partial emp.,Fixed (7%),0.01203151
2024,17,Illinois,Single mother,Max emp.,Sliding scale,0.01369549
2024,17,Illinois,Single mother,Max emp.,Fixed (7%),0.01012114
2024,18,Indiana,Single mother,Universal,Sliding scale,0.03512002
2024,18,Indiana,Single mother,Universal,Fixed (7%),0.02968831
2024,18,Indiana,Single mother,Partial emp.,Sliding scale,0.02545993
2024,18,Indiana,Single mother,Partial emp.,Fixed (7%),0.02047181
2024,18,Indiana,Single mother,Max emp.,Sliding scale,0.02374952
2024,18,Indiana,Single mother,Max emp.,Fixed (7%),0.01893676
2024,19,Iowa,Single mother,Universal,Sliding scale,0.02338862
2024,19,Iowa,Single mother,Universal,Fixed (7%),0.01892345
2024,19,Iowa,Single mother,Partial emp.,Sliding scale,0.01906135
2024,19,Iowa,Single mother,Partial emp.,Fixed (7%),0.01479639
2024,19,Iowa,Single mother,Max emp.,Sliding scale,0.01730168
2024,19,Iowa,Single mother,Max emp.,Fixed (7%),0.01309543
2024,20,Kansas,Single mother,Universal,Sliding scale,0.01853983
2024,20,Kansas,Single mother,Universal,Fixed (7%),0.01384312
2024,20,Kansas,Single mother,Partial emp.,Sliding scale,0.01249256
2024,20,Kansas,Single mother,Partial emp.,Fixed (7%),0.00823679
2024,20,Kansas,Single mother,Max emp.,Sliding scale,0.01161631
2024,20,Kansas,Single mother,Max emp.,Fixed (7%),0.00744203
2024,21,Kentucky,Single mother,Universal,Sliding scale,0.03805116
2024,21,Kentucky,Single mother,Universal,Fixed (7%),0.03207564
2024,21,Kentucky,Single mother,Partial emp.,Sliding scale,0.02739134
2024,21,Kentucky,Single mother,Partial emp.,Fixed (7%),0.02201094
2024,21,Kentucky,Single mother,Max emp.,Sliding scale,0.02463703
2024,21,Kentucky,Single mother,Max emp.,Fixed (7%),0.01939314
2024,22,Louisiana,Single mother,Universal,Sliding scale,0.03884008
2024,22,Louisiana,Single mother,Universal,Fixed (7%),0.03295378
2024,22,Louisiana,Single mother,Partial emp.,Sliding scale,0.02849541
2024,22,Louisiana,Single mother,Partial emp.,Fixed (7%),0.02315821
2024,22,Louisiana,Single mother,Max emp.,Sliding scale,0.02655106
2024,22,Louisiana,Single mother,Max emp.,Fixed (7%),0.02137341
2024,23,Maine,Single mother,Universal,Sliding scale,0.03491867
2024,23,Maine,Single mother,Universal,Fixed (7%),0.029291
2024,23,Maine,Single mother,Partial emp.,Sliding scale,0.02647239
2024,23,Maine,Single mother,Partial emp.,Fixed (7%),0.02143802
2024,23,Maine,Single mother,Max emp.,Sliding scale,0.02185374
2024,23,Maine,Single mother,Max emp.,Fixed (7%),0.01750148
2024,24,Maryland,Single mother,Universal,Sliding scale,0.02761313
2024,24,Maryland,Single mother,Universal,Fixed (7%),0.02346831
2024,24,Maryland,Single mother,Partial emp.,Sliding scale,0.02148662
2024,24,Maryland,Single mother,Partial emp.,Fixed (7%),0.01759265
2024,24,Maryland,Single mother,Max emp.,Sliding scale,0.01986342
2024,24,Maryland,Single mother,Max emp.,Fixed (7%),0.01608711
2024,25,Massachusetts,Single mother,Universal,Sliding scale,0.02897911
2024,25,Massachusetts,Single mother,Universal,Fixed (7%),0.02545253
2024,25,Massachusetts,Single mother,Partial emp.,Sliding scale,0.02072628
2024,25,Massachusetts,Single mother,Partial emp.,Fixed (7%),0.01750218
2024,25,Massachusetts,Single mother,Max emp.,Sliding scale,0.01834347
2024,25,Massachusetts,Single mother,Max emp.,Fixed (7%),0.01521348
2024,26,Michigan,Single mother,Universal,Sliding scale,0.03365694
2024,26,Michigan,Single mother,Universal,Fixed (7%),0.02818899
2024,26,Michigan,Single mother,Partial emp.,Sliding scale,0.02411937
2024,26,Michigan,Single mother,Partial emp.,Fixed (7%),0.01916185
2024,26,Michigan,Single mother,Max emp.,Sliding scale,0.02221336
2024,26,Michigan,Single mother,Max emp.,Fixed (7%),0.01737956
2024,27,Minnesota,Single mother,Universal,Sliding scale,0.02625002
2024,27,Minnesota,Single mother,Universal,Fixed (7%),0.02289627
2024,27,Minnesota,Single mother,Partial emp.,Sliding scale,0.01840211
2024,27,Minnesota,Single mother,Partial emp.,Fixed (7%),0.01526505
2024,27,Minnesota,Single mother,Max emp.,Sliding scale,0.01681991
2024,27,Minnesota,Single mother,Max emp.,Fixed (7%),0.01374122
2024,28,Mississippi,Single mother,Universal,Sliding scale,0.02762653
2024,28,Mississippi,Single mother,Universal,Fixed (7%),0.02249843
2024,28,Mississippi,Single mother,Partial emp.,Sliding scale,0.01825066
2024,28,Mississippi,Single mother,Partial emp.,Fixed (7%),0.01370112
2024,28,Mississippi,Single mother,Max emp.,Sliding scale,0.01664685
2024,28,Mississippi,Single mother,Max emp.,Fixed (7%),0.01217222
2024,29,Missouri,Single mother,Universal,Sliding scale,0.03209856
2024,29,Missouri,Single mother,Universal,Fixed (7%),0.02706353
2024,29,Missouri,Single mother,Partial emp.,Sliding scale,0.02469132
2024,29,Missouri,Single mother,Partial emp.,Fixed (7%),0.01999476
2024,29,Missouri,Single mother,Max emp.,Sliding scale,0.02265079
2024,29,Missouri,Single mother,Max emp.,Fixed (7%),0.01812086
2024,30,Montana,Single mother,Universal,Sliding scale,0.03314388
2024,30,Montana,Single mother,Universal,Fixed (7%),0.02822662
2024,30,Montana,Single mother,Partial emp.,Sliding scale,0.02579341
2024,30,Montana,Single mother,Partial emp.,Fixed (7%),0.02105817
2024,30,Montana,Single mother,Max emp.,Sliding scale,0.02359354
2024,30,Montana,Single mother,Max emp.,Fixed (7%),0.01889197
2024,31,Nebraska,Single mother,Universal,Sliding scale,0.03549355
2024,31,Nebraska,Single mother,Universal,Fixed (7%),0.0311526
2024,31,Nebraska,Single mother,Partial emp.,Sliding scale,0.03117171
2024,31,Nebraska,Single mother,Partial emp.,Fixed (7%),0.02705976
2024,31,Nebraska,Single mother,Max emp.,Sliding scale,0.02140778
2024,31,Nebraska,Single mother,Max emp.,Fixed (7%),0.0177251
2024,32,Nevada,Single mother,Universal,Sliding scale,0.04166735
2024,32,Nevada,Single mother,Universal,Fixed (7%),0.03654352
2024,32,Nevada,Single mother,Partial emp.,Sliding scale,0.03282315
2024,32,Nevada,Single mother,Partial emp.,Fixed (7%),0.02814754
2024,32,Nevada,Single mother,Max emp.,Sliding scale,0.03046754
2024,32,Nevada,Single mother,Max emp.,Fixed (7%),0.02593474
2024,33,New Hampshire,Single mother,Universal,Sliding scale,0.02856332
2024,33,New Hampshire,Single mother,Universal,Fixed (7%),0.02407625
2024,33,New Hampshire,Single mother,Partial emp.,Sliding scale,0.02399406
2024,33,New Hampshire,Single mother,Partial emp.,Fixed (7%),0.01979549
2024,33,New Hampshire,Single mother,Max emp.,Sliding scale,0.02112903
2024,33,New Hampshire,Single mother,Max emp.,Fixed (7%),0.01700288
2024,34,New Jersey,Single mother,Universal,Sliding scale,0.02713663
2024,34,New Jersey,Single mother,Universal,Fixed (7%),0.02295855
2024,34,New Jersey,Single mother,Partial emp.,Sliding scale,0.0207143
2024,34,New Jersey,Single mother,Partial emp.,Fixed (7%),0.01682792
2024,34,New Jersey,Single mother,Max emp.,Sliding scale,0.01843609
2024,34,New Jersey,Single mother,Max emp.,Fixed (7%),0.01469436
2024,35,New Mexico,Single mother,Universal,Sliding scale,0.02845976
2024,35,New Mexico,Single mother,Universal,Fixed (7%),0.02340178
2024,35,New Mexico,Single mother,Partial emp.,Sliding scale,0.02097653
2024,35,New Mexico,Single mother,Partial emp.,Fixed (7%),0.01652121
2024,35,New Mexico,Single mother,Max emp.,Sliding scale,0.01870904
2024,35,New Mexico,Single mother,Max emp.,Fixed (7%),0.01444708
2024,36,New York,Single mother,Universal,Sliding scale,0.03584765
2024,36,New York,Single mother,Universal,Fixed (7%),0.03173314
2024,36,New York,Single mother,Partial emp.,Sliding scale,0.02528829
2024,36,New York,Single mother,Partial emp.,Fixed (7%),0.02158126
2024,36,New York,Single mother,Max emp.,Sliding scale,0.02279123
2024,36,New York,Single mother,Max emp.,Fixed (7%),0.01922081
2024,37,North Carolina,Single mother,Universal,Sliding scale,0.02806177
2024,37,North Carolina,Single mother,Universal,Fixed (7%),0.02246405
2024,37,North Carolina,Single mother,Partial emp.,Sliding scale,0.02090268
2024,37,North Carolina,Single mother,Partial emp.,Fixed (7%),0.01570657
2024,37,North Carolina,Single mother,Max emp.,Sliding scale,0.01911422
2024,37,North Carolina,Single mother,Max emp.,Fixed (7%),0.01407564
2024,38,North Dakota,Single mother,Universal,Sliding scale,0.02885733
2024,38,North Dakota,Single mother,Universal,Fixed (7%),0.02481096
2024,38,North Dakota,Single mother,Partial emp.,Sliding scale,0.02658566
2024,38,North Dakota,Single mother,Partial emp.,Fixed (7%),0.02268383
2024,38,North Dakota,Single mother,Max emp.,Sliding scale,0.01856742
2024,38,North Dakota,Single mother,Max emp.,Fixed (7%),0.01480848
2024,39,Ohio,Single mother,Universal,Sliding scale,0.03772538
2024,39,Ohio,Single mother,Universal,Fixed (7%),0.03273505
2024,39,Ohio,Single mother,Partial emp.,Sliding scale,0.02804844
2024,39,Ohio,Single mother,Partial emp.,Fixed (7%),0.02342839
2024,39,Ohio,Single mother,Max emp.,Sliding scale,0.02511646
2024,39,Ohio,Single mother,Max emp.,Fixed (7%),0.02069112
2024,40,Oklahoma,Single mother,Universal,Sliding scale,0.03714466
2024,40,Oklahoma,Single mother,Universal,Fixed (7%),0.0315657
2024,40,Oklahoma,Single mother,Partial emp.,Sliding scale,0.02538585
2024,40,Oklahoma,Single mother,Partial emp.,Fixed (7%),0.02035702
2024,40,Oklahoma,Single mother,Max emp.,Sliding scale,0.02379244
2024,40,Oklahoma,Single mother,Max emp.,Fixed (7%),0.0189026
2024,41,Oregon,Single mother,Universal,Sliding scale,0.02454529
2024,41,Oregon,Single mother,Universal,Fixed (7%),0.01976554
2024,41,Oregon,Single mother,Partial emp.,Sliding scale,0.01812566
2024,41,Oregon,Single mother,Partial emp.,Fixed (7%),0.01398758
2024,41,Oregon,Single mother,Max emp.,Sliding scale,0.01504897
2024,41,Oregon,Single mother,Max emp.,Fixed (7%),0.01116621
2024,42,Pennsylvania,Single mother,Universal,Sliding scale,0.03215348
2024,42,Pennsylvania,Single mother,Universal,Fixed (7%),0.02766726
2024,42,Pennsylvania,Single mother,Partial emp.,Sliding scale,0.02314471
2024,42,Pennsylvania,Single mother,Partial emp.,Fixed (7%),0.01901776
2024,42,Pennsylvania,Single mother,Max emp.,Sliding scale,0.02154226
2024,42,Pennsylvania,Single mother,Max emp.,Fixed (7%),0.01754582
2024,44,Rhode Island,Single mother,Universal,Sliding scale,0.02063833
2024,44,Rhode Island,Single mother,Universal,Fixed (7%),0.0157985
2024,44,Rhode Island,Single mother,Partial emp.,Sliding scale,0.01510629
2024,44,Rhode Island,Single mother,Partial emp.,Fixed (7%),0.01087111
2024,44,Rhode Island,Single mother,Max emp.,Sliding scale,0.0144075
2024,44,Rhode Island,Single mother,Max emp.,Fixed (7%),0.01031538
2024,45,South Carolina,Single mother,Universal,Sliding scale,0.03584668
2024,45,South Carolina,Single mother,Universal,Fixed (7%),0.03065135
2024,45,South Carolina,Single mother,Partial emp.,Sliding scale,0.02503952
2024,45,South Carolina,Single mother,Partial emp.,Fixed (7%),0.02036914
2024,45,South Carolina,Single mother,Max emp.,Sliding scale,0.02346202
2024,45,South Carolina,Single mother,Max emp.,Fixed (7%),0.0188778
2024,46,South Dakota,Single mother,Universal,Sliding scale,0.01992374
2024,46,South Dakota,Single mother,Universal,Fixed (7%),0.01565008
2024,46,South Dakota,Single mother,Partial emp.,Sliding scale,0.01460602
2024,46,South Dakota,Single mother,Partial emp.,Fixed (7%),0.01068972
2024,46,South Dakota,Single mother,Max emp.,Sliding scale,0.01446998
2024,46,South Dakota,Single mother,Max emp.,Fixed (7%),0.01055722
2024,47,Tennessee,Single mother,Universal,Sliding scale,0.02591243
2024,47,Tennessee,Single mother,Universal,Fixed (7%),0.01992714
2024,47,Tennessee,Single mother,Partial emp.,Sliding scale,0.01801345
2024,47,Tennessee,Single mother,Partial emp.,Fixed (7%),0.01277545
2024,47,Tennessee,Single mother,Max emp.,Sliding scale,0.01611026
2024,47,Tennessee,Single mother,Max emp.,Fixed (7%),0.01101365
2024,48,Texas,Single mother,Universal,Sliding scale,0.0311944
2024,48,Texas,Single mother,Universal,Fixed (7%),0.02607846
2024,48,Texas,Single mother,Partial emp.,Sliding scale,0.02295891
2024,48,Texas,Single mother,Partial emp.,Fixed (7%),0.01825121
2024,48,Texas,Single mother,Max emp.,Sliding scale,0.02119285
2024,48,Texas,Single mother,Max emp.,Fixed (7%),0.01665325
2024,49,Utah,Single mother,Universal,Sliding scale,0.03726413
2024,49,Utah,Single mother,Universal,Fixed (7%),0.03184033
2024,49,Utah,Single mother,Partial emp.,Sliding scale,0.0243537
2024,49,Utah,Single mother,Partial emp.,Fixed (7%),0.0195142
2024,49,Utah,Single mother,Max emp.,Sliding scale,0.0222475
2024,49,Utah,Single mother,Max emp.,Fixed (7%),0.01750975
2024,50,Vermont,Single mother,Universal,Sliding scale,0.02691467
2024,50,Vermont,Single mother,Universal,Fixed (7%),0.02172579
2024,50,Vermont,Single mother,Partial emp.,Sliding scale,0.02394026
2024,50,Vermont,Single mother,Partial emp.,Fixed (7%),0.01889162
2024,50,Vermont,Single mother,Max emp.,Sliding scale,0.02312616
2024,50,Vermont,Single mother,Max emp.,Fixed (7%),0.01813451
2024,51,Virginia,Single mother,Universal,Sliding scale,0.0300568
2024,51,Virginia,Single mother,Universal,Fixed (7%),0.02524129
2024,51,Virginia,Single mother,Partial emp.,Sliding scale,0.02277617
2024,51,Virginia,Single mother,Partial emp.,Fixed (7%),0.01841242
2024,51,Virginia,Single mother,Max emp.,Sliding scale,0.02037814
2024,51,Virginia,Single mother,Max emp.,Fixed (7%),0.01615028
2024,53,Washington,Single mother,Universal,Sliding scale,0.04373492
2024,53,Washington,Single mother,Universal,Fixed (7%),0.03822349
2024,53,Washington,Single mother,Partial emp.,Sliding scale,0.0343197
2024,53,Washington,Single mother,Partial emp.,Fixed (7%),0.02920994
2024,53,Washington,Single mother,Max emp.,Sliding scale,0.03223364
2024,53,Washington,Single mother,Max emp.,Fixed (7%),0.02725231
2024,54,West Virginia,Single mother,Universal,Sliding scale,0.05593792
2024,54,West Virginia,Single mother,Universal,Fixed (7%),0.04875711
2024,54,West Virginia,Single mother,Partial emp.,Sliding scale,0.04216488
2024,54,West Virginia,Single mother,Partial emp.,Fixed (7%),0.03552877
2024,54,West Virginia,Single mother,Max emp.,Sliding scale,0.03894613
2024,54,West Virginia,Single mother,Max emp.,Fixed (7%),0.03251134
2024,55,Wisconsin,Single mother,Universal,Sliding scale,0.03053133
2024,55,Wisconsin,Single mother,Universal,Fixed (7%),0.02640105
2024,55,Wisconsin,Single mother,Partial emp.,Sliding scale,0.02275164
2024,55,Wisconsin,Single mother,Partial emp.,Fixed (7%),0.01897106
2024,55,Wisconsin,Single mother,Max emp.,Sliding scale,0.0215312
2024,55,Wisconsin,Single mother,Max emp.,Fixed (7%),0.01781206
2024,56,Wyoming,Single mother,Universal,Sliding scale,0.03452629
2024,56,Wyoming,Single mother,Universal,Fixed (7%),0.02854512
2024,56,Wyoming,Single mother,Partial emp.,Sliding scale,0.02428427
2024,56,Wyoming,Single mother,Partial emp.,Fixed (7%),0.01908753
2024,56,Wyoming,Single mother,Max emp.,Sliding scale,0.02306576
2024,56,Wyoming,Single mother,Max emp.,Fixed (7%),0.01804563
2024,99999,United States,Single mother,Universal,Sliding scale,0.03116498
2024,99999,United States,Single mother,Universal,Fixed (7%),0.02633222
2024,99999,United States,Single mother,Partial emp.,Sliding scale,0.02265928
2024,99999,United States,Single mother,Partial emp.,Fixed (7%),0.01824072
2024,99999,United States,Single mother,Max emp.,Sliding scale,0.02064012
2024,99999,United States,Single mother,Max emp.,Fixed (7%),0.01636397
2024,1,Alabama,Single father,Universal,Sliding scale,0.00396502
2024,1,Alabama,Single father,Universal,Fixed (7%),0.00325132
2024,1,Alabama,Single father,Partial emp.,Sliding scale,0.00259651
2024,1,Alabama,Single father,Partial emp.,Fixed (7%),0.00198259
2024,1,Alabama,Single father,Max emp.,Sliding scale,0.00240527
2024,1,Alabama,Single father,Max emp.,Fixed (7%),0.00179898
2024,2,Alaska,Single father,Universal,Sliding scale,-0.00347831
2024,2,Alaska,Single father,Universal,Fixed (7%),-0.00274512
2024,2,Alaska,Single father,Partial emp.,Sliding scale,-0.00067641
2024,2,Alaska,Single father,Partial emp.,Fixed (7%),-0.00080691
2024,2,Alaska,Single father,Max emp.,Sliding scale,0.00134815
2024,2,Alaska,Single father,Max emp.,Fixed (7%),0.00109265
2024,4,Arizona,Single father,Universal,Sliding scale,-0.00450986
2024,4,Arizona,Single father,Universal,Fixed (7%),-0.00360203
2024,4,Arizona,Single father,Partial emp.,Sliding scale,-0.00299928
2024,4,Arizona,Single father,Partial emp.,Fixed (7%),-0.00220798
2024,4,Arizona,Single father,Max emp.,Sliding scale,-0.00297151
2024,4,Arizona,Single father,Max emp.,Fixed (7%),-0.00219651
2024,5,Arkansas,Single father,Universal,Sliding scale,0.00390054
2024,5,Arkansas,Single father,Universal,Fixed (7%),0.00311674
2024,5,Arkansas,Single father,Partial emp.,Sliding scale,0.00271485
2024,5,Arkansas,Single father,Partial emp.,Fixed (7%),0.00202974
2024,5,Arkansas,Single father,Max emp.,Sliding scale,0.00277981
2024,5,Arkansas,Single father,Max emp.,Fixed (7%),0.00209253
2024,6,California,Single father,Universal,Sliding scale,-0.00509665
2024,6,California,Single father,Universal,Fixed (7%),-0.00396109
2024,6,California,Single father,Partial emp.,Sliding scale,-0.00413559
2024,6,California,Single father,Partial emp.,Fixed (7%),-0.00307046
2024,6,California,Single father,Max emp.,Sliding scale,-0.00388468
2024,6,California,Single father,Max emp.,Fixed (7%),-0.00286309
2024,8,Colorado,Single father,Universal,Sliding scale,-0.00015096
2024,8,Colorado,Single father,Universal,Fixed (7%),-0.00024431
2024,8,Colorado,Single father,Partial emp.,Sliding scale,-6.60E-07
2024,8,Colorado,Single father,Partial emp.,Fixed (7%),-0.00010626
2024,8,Colorado,Single father,Max emp.,Sliding scale,0.00013197
2024,8,Colorado,Single father,Max emp.,Fixed (7%),2.12E-06
2024,9,Connecticut,Single father,Universal,Sliding scale,-0.00027262
2024,9,Connecticut,Single father,Universal,Fixed (7%),-0.00035266
2024,9,Connecticut,Single father,Partial emp.,Sliding scale,-0.00015158
2024,9,Connecticut,Single father,Partial emp.,Fixed (7%),-0.00021483
2024,9,Connecticut,Single father,Max emp.,Sliding scale,-0.00016223
2024,9,Connecticut,Single father,Max emp.,Fixed (7%),-0.00021501
2024,10,Delaware,Single father,Universal,Sliding scale,0.00234212
2024,10,Delaware,Single father,Universal,Fixed (7%),0.001296
2024,10,Delaware,Single father,Partial emp.,Sliding scale,0.00212356
2024,10,Delaware,Single father,Partial emp.,Fixed (7%),0.00108746
2024,10,Delaware,Single father,Max emp.,Sliding scale,0.00212356
2024,10,Delaware,Single father,Max emp.,Fixed (7%),0.00108746
2024,11,District of Columbia,Single father,Universal,Sliding scale,-0.00080848
2024,11,District of Columbia,Single father,Universal,Fixed (7%),-0.0006683
2024,11,District of Columbia,Single father,Partial emp.,Sliding scale,-0.00028237
2024,11,District of Columbia,Single father,Partial emp.,Fixed (7%),-0.00015748
2024,11,District of Columbia,Single father,Max emp.,Sliding scale,-0.00055542
2024,11,District of Columbia,Single father,Max emp.,Fixed (7%),-0.00042248
2024,12,Florida,Single father,Universal,Sliding scale,-0.00066412
2024,12,Florida,Single father,Universal,Fixed (7%),-0.00038024
2024,12,Florida,Single father,Partial emp.,Sliding scale,-0.000647
2024,12,Florida,Single father,Partial emp.,Fixed (7%),-0.0003847
2024,12,Florida,Single father,Max emp.,Sliding scale,-0.00072414
2024,12,Florida,Single father,Max emp.,Fixed (7%),-0.00045824
2024,13,Georgia,Single father,Universal,Sliding scale,0.00026085
2024,13,Georgia,Single father,Universal,Fixed (7%),0.00029797
2024,13,Georgia,Single father,Partial emp.,Sliding scale,-0.00017297
2024,13,Georgia,Single father,Partial emp.,Fixed (7%),-0.00010855
2024,13,Georgia,Single father,Max emp.,Sliding scale,-0.00017775
2024,13,Georgia,Single father,Max emp.,Fixed (7%),-0.00010888
2024,15,Hawaii,Single father,Universal,Sliding scale,-0.00767237
2024,15,Hawaii,Single father,Universal,Fixed (7%),-0.00576387
2024,15,Hawaii,Single father,Partial emp.,Sliding scale,-0.00627315
2024,15,Hawaii,Single father,Partial emp.,Fixed (7%),-0.00445381
2024,15,Hawaii,Single father,Max emp.,Sliding scale,-0.00597617
2024,15,Hawaii,Single father,Max emp.,Fixed (7%),-0.00416831
2024,16,Idaho,Single father,Universal,Sliding scale,0.00224782
2024,16,Idaho,Single father,Universal,Fixed (7%),0.00165152
2024,16,Idaho,Single father,Partial emp.,Sliding scale,0.00291098
2024,16,Idaho,Single father,Partial emp.,Fixed (7%),0.00228928
2024,16,Idaho,Single father,Max emp.,Sliding scale,0.00288843
2024,16,Idaho,Single father,Max emp.,Fixed (7%),0.00227373
2024,17,Illinois,Single father,Universal,Sliding scale,-0.0000481
2024,17,Illinois,Single father,Universal,Fixed (7%),-0.00002781
2024,17,Illinois,Single father,Partial emp.,Sliding scale,-0.0000337
2024,17,Illinois,Single father,Partial emp.,Fixed (7%),5.36E-06
2024,17,Illinois,Single father,Max emp.,Sliding scale,-2.11E-06
2024,17,Illinois,Single father,Max emp.,Fixed (7%),0.00003666
2024,18,Indiana,Single father,Universal,Sliding scale,0.00291024
2024,18,Indiana,Single father,Universal,Fixed (7%),0.00211434
2024,18,Indiana,Single father,Partial emp.,Sliding scale,0.00242603
2024,18,Indiana,Single father,Partial emp.,Fixed (7%),0.00168026
2024,18,Indiana,Single father,Max emp.,Sliding scale,0.0023655
2024,18,Indiana,Single father,Max emp.,Fixed (7%),0.00162476
2024,19,Iowa,Single father,Universal,Sliding scale,0.00202597
2024,19,Iowa,Single father,Universal,Fixed (7%),0.00142469
2024,19,Iowa,Single father,Partial emp.,Sliding scale,0.00162397
2024,19,Iowa,Single father,Partial emp.,Fixed (7%),0.00100124
2024,19,Iowa,Single father,Max emp.,Sliding scale,0.00165941
2024,19,Iowa,Single father,Max emp.,Fixed (7%),0.00102345
2024,20,Kansas,Single father,Universal,Sliding scale,0.00057054
2024,20,Kansas,Single father,Universal,Fixed (7%),0.00020553
2024,20,Kansas,Single father,Partial emp.,Sliding scale,0.00047556
2024,20,Kansas,Single father,Partial emp.,Fixed (7%),0.00007571
2024,20,Kansas,Single father,Max emp.,Sliding scale,0.00033928
2024,20,Kansas,Single father,Max emp.,Fixed (7%),-0.00004055
2024,21,Kentucky,Single father,Universal,Sliding scale,0.00429623
2024,21,Kentucky,Single father,Universal,Fixed (7%),0.00338015
2024,21,Kentucky,Single father,Partial emp.,Sliding scale,0.00299035
2024,21,Kentucky,Single father,Partial emp.,Fixed (7%),0.00217657
2024,21,Kentucky,Single father,Max emp.,Sliding scale,0.00297587
2024,21,Kentucky,Single father,Max emp.,Fixed (7%),0.00216804
2024,22,Louisiana,Single father,Universal,Sliding scale,0.00164687
2024,22,Louisiana,Single father,Universal,Fixed (7%),0.00113292
2024,22,Louisiana,Single father,Partial emp.,Sliding scale,0.00106225
2024,22,Louisiana,Single father,Partial emp.,Fixed (7%),0.00060032
2024,22,Louisiana,Single father,Max emp.,Sliding scale,0.00088525
2024,22,Louisiana,Single father,Max emp.,Fixed (7%),0.00044783
2024,23,Maine,Single father,Universal,Sliding scale,0.00416768
2024,23,Maine,Single father,Universal,Fixed (7%),0.003263
2024,23,Maine,Single father,Partial emp.,Sliding scale,0.00396656
2024,23,Maine,Single father,Partial emp.,Fixed (7%),0.00303867
2024,23,Maine,Single father,Max emp.,Sliding scale,0.00400968
2024,23,Maine,Single father,Max emp.,Fixed (7%),0.0030285
2024,24,Maryland,Single father,Universal,Sliding scale,0.00011018
2024,24,Maryland,Single father,Universal,Fixed (7%),0.00012534
2024,24,Maryland,Single father,Partial emp.,Sliding scale,2.96E-06
2024,24,Maryland,Single father,Partial emp.,Fixed (7%),0.00002072
2024,24,Maryland,Single father,Max emp.,Sliding scale,0.00010993
2024,24,Maryland,Single father,Max emp.,Fixed (7%),0.00012209
2024,25,Massachusetts,Single father,Universal,Sliding scale,0.00022991
2024,25,Massachusetts,Single father,Universal,Fixed (7%),0.00002829
2024,25,Massachusetts,Single father,Partial emp.,Sliding scale,0.00088478
2024,25,Massachusetts,Single father,Partial emp.,Fixed (7%),0.00070644
2024,25,Massachusetts,Single father,Max emp.,Sliding scale,0.00075419
2024,25,Massachusetts,Single father,Max emp.,Fixed (7%),0.0005904
2024,26,Michigan,Single father,Universal,Sliding scale,0.00250371
2024,26,Michigan,Single father,Universal,Fixed (7%),0.00197214
2024,26,Michigan,Single father,Partial emp.,Sliding scale,0.0018005
2024,26,Michigan,Single father,Partial emp.,Fixed (7%),0.00127692
2024,26,Michigan,Single father,Max emp.,Sliding scale,0.00172447
2024,26,Michigan,Single father,Max emp.,Fixed (7%),0.00121193
2024,27,Minnesota,Single father,Universal,Sliding scale,0.00216661
2024,27,Minnesota,Single father,Universal,Fixed (7%),0.00157037
2024,27,Minnesota,Single father,Partial emp.,Sliding scale,0.00182736
2024,27,Minnesota,Single father,Partial emp.,Fixed (7%),0.00124933
2024,27,Minnesota,Single father,Max emp.,Sliding scale,0.00183052
2024,27,Minnesota,Single father,Max emp.,Fixed (7%),0.00125659
2024,28,Mississippi,Single father,Universal,Sliding scale,0.00289467
2024,28,Mississippi,Single father,Universal,Fixed (7%),0.0020954
2024,28,Mississippi,Single father,Partial emp.,Sliding scale,0.00220475
2024,28,Mississippi,Single father,Partial emp.,Fixed (7%),0.00146501
2024,28,Mississippi,Single father,Max emp.,Sliding scale,0.00188511
2024,28,Mississippi,Single father,Max emp.,Fixed (7%),0.00114871
2024,29,Missouri,Single father,Universal,Sliding scale,0.00264014
2024,29,Missouri,Single father,Universal,Fixed (7%),0.00205387
2024,29,Missouri,Single father,Partial emp.,Sliding scale,0.00218403
2024,29,Missouri,Single father,Partial emp.,Fixed (7%),0.00166183
2024,29,Missouri,Single father,Max emp.,Sliding scale,0.0019677
2024,29,Missouri,Single father,Max emp.,Fixed (7%),0.00149158
2024,30,Montana,Single father,Universal,Sliding scale,0.00854367
2024,30,Montana,Single father,Universal,Fixed (7%),0.00764131
2024,30,Montana,Single father,Partial emp.,Sliding scale,0.00890362
2024,30,Montana,Single father,Partial emp.,Fixed (7%),0.00803852
2024,30,Montana,Single father,Max emp.,Sliding scale,0.00904381
2024,30,Montana,Single father,Max emp.,Fixed (7%),0.00819212
2024,31,Nebraska,Single father,Universal,Sliding scale,0.00296079
2024,31,Nebraska,Single father,Universal,Fixed (7%),0.00231524
2024,31,Nebraska,Single father,Partial emp.,Sliding scale,0.00305798
2024,31,Nebraska,Single father,Partial emp.,Fixed (7%),0.00235333
2024,31,Nebraska,Single father,Max emp.,Sliding scale,0.00287046
2024,31,Nebraska,Single father,Max emp.,Fixed (7%),0.002189
2024,32,Nevada,Single father,Universal,Sliding scale,-0.0033593
2024,32,Nevada,Single father,Universal,Fixed (7%),-0.00278593
2024,32,Nevada,Single father,Partial emp.,Sliding scale,-0.00310108
2024,32,Nevada,Single father,Partial emp.,Fixed (7%),-0.00252741
2024,32,Nevada,Single father,Max emp.,Sliding scale,-0.00326637
2024,32,Nevada,Single father,Max emp.,Fixed (7%),-0.00265077
2024,33,New Hampshire,Single father,Universal,Sliding scale,0.00433853
2024,33,New Hampshire,Single father,Universal,Fixed (7%),0.00342229
2024,33,New Hampshire,Single father,Partial emp.,Sliding scale,0.00397268
2024,33,New Hampshire,Single father,Partial emp.,Fixed (7%),0.00312245
2024,33,New Hampshire,Single father,Max emp.,Sliding scale,0.00344881
2024,33,New Hampshire,Single father,Max emp.,Fixed (7%),0.00263026
2024,34,New Jersey,Single father,Universal,Sliding scale,-0.0013869
2024,34,New Jersey,Single father,Universal,Fixed (7%),-0.00117736
2024,34,New Jersey,Single father,Partial emp.,Sliding scale,-0.00083844
2024,34,New Jersey,Single father,Partial emp.,Fixed (7%),-0.00065602
2024,34,New Jersey,Single father,Max emp.,Sliding scale,-0.00081031
2024,34,New Jersey,Single father,Max emp.,Fixed (7%),-0.00062453
2024,35,New Mexico,Single father,Universal,Sliding scale,-0.00677878
2024,35,New Mexico,Single father,Universal,Fixed (7%),-0.00533773
2024,35,New Mexico,Single father,Partial emp.,Sliding scale,-0.00449144
2024,35,New Mexico,Single father,Partial emp.,Fixed (7%),-0.00315916
2024,35,New Mexico,Single father,Max emp.,Sliding scale,-0.00428885
2024,35,New Mexico,Single father,Max emp.,Fixed (7%),-0.00300426
2024,36,New York,Single father,Universal,Sliding scale,-0.00142274
2024,36,New York,Single father,Universal,Fixed (7%),-0.00133855
2024,36,New York,Single father,Partial emp.,Sliding scale,-0.00069981
2024,36,New York,Single father,Partial emp.,Fixed (7%),-0.00066937
2024,36,New York,Single father,Max emp.,Sliding scale,-0.00065419
2024,36,New York,Single father,Max emp.,Fixed (7%),-0.00063219
2024,37,North Carolina,Single father,Universal,Sliding scale,0.00083933
2024,37,North Carolina,Single father,Universal,Fixed (7%),0.00060063
2024,37,North Carolina,Single father,Partial emp.,Sliding scale,0.00040793
2024,37,North Carolina,Single father,Partial emp.,Fixed (7%),0.00019071
2024,37,North Carolina,Single father,Max emp.,Sliding scale,0.00042202
2024,37,North Carolina,Single father,Max emp.,Fixed (7%),0.00019567
2024,38,North Dakota,Single father,Universal,Sliding scale,0.00106877
2024,38,North Dakota,Single father,Universal,Fixed (7%),0.00025886
2024,38,North Dakota,Single father,Partial emp.,Sliding scale,0.00233815
2024,38,North Dakota,Single father,Partial emp.,Fixed (7%),0.00156553
2024,38,North Dakota,Single father,Max emp.,Sliding scale,0.00233815
2024,38,North Dakota,Single father,Max emp.,Fixed (7%),0.00156553
2024,39,Ohio,Single father,Universal,Sliding scale,0.00312251
2024,39,Ohio,Single father,Universal,Fixed (7%),0.0023722
2024,39,Ohio,Single father,Partial emp.,Sliding scale,0.00235684
2024,39,Ohio,Single father,Partial emp.,Fixed (7%),0.00167456
2024,39,Ohio,Single father,Max emp.,Sliding scale,0.00222942
2024,39,Ohio,Single father,Max emp.,Fixed (7%),0.00153729
2024,40,Oklahoma,Single father,Universal,Sliding scale,0.00130142
2024,40,Oklahoma,Single father,Universal,Fixed (7%),0.001177
2024,40,Oklahoma,Single father,Partial emp.,Sliding scale,0.00112921
2024,40,Oklahoma,Single father,Partial emp.,Fixed (7%),0.00089096
2024,40,Oklahoma,Single father,Max emp.,Sliding scale,0.00118355
2024,40,Oklahoma,Single father,Max emp.,Fixed (7%),0.00091797
2024,41,Oregon,Single father,Universal,Sliding scale,0.00077252
2024,41,Oregon,Single father,Universal,Fixed (7%),0.00065036
2024,41,Oregon,Single father,Partial emp.,Sliding scale,0.00072294
2024,41,Oregon,Single father,Partial emp.,Fixed (7%),0.00063306
2024,41,Oregon,Single father,Max emp.,Sliding scale,0.00037675
2024,41,Oregon,Single father,Max emp.,Fixed (7%),0.00029131
2024,42,Pennsylvania,Single father,Universal,Sliding scale,0.00206334
2024,42,Pennsylvania,Single father,Universal,Fixed (7%),0.00143535
2024,42,Pennsylvania,Single father,Partial emp.,Sliding scale,0.00194052
2024,42,Pennsylvania,Single father,Partial emp.,Fixed (7%),0.00136522
2024,42,Pennsylvania,Single father,Max emp.,Sliding scale,0.00187822
2024,42,Pennsylvania,Single father,Max emp.,Fixed (7%),0.00130846
2024,44,Rhode Island,Single father,Universal,Sliding scale,-0.00024317
2024,44,Rhode Island,Single father,Universal,Fixed (7%),-0.00096222
2024,44,Rhode Island,Single father,Partial emp.,Sliding scale,0.00115961
2024,44,Rhode Island,Single father,Partial emp.,Fixed (7%),0.00044057
2024,44,Rhode Island,Single father,Max emp.,Sliding scale,0.00103657
2024,44,Rhode Island,Single father,Max emp.,Fixed (7%),0.00035323
2024,45,South Carolina,Single father,Universal,Sliding scale,0.00146284
2024,45,South Carolina,Single father,Universal,Fixed (7%),0.0011551
2024,45,South Carolina,Single father,Partial emp.,Sliding scale,0.0008607
2024,45,South Carolina,Single father,Partial emp.,Fixed (7%),0.00061431
2024,45,South Carolina,Single father,Max emp.,Sliding scale,0.00095896
2024,45,South Carolina,Single father,Max emp.,Fixed (7%),0.00070052
2024,46,South Dakota,Single father,Universal,Sliding scale,-0.00040281
2024,46,South Dakota,Single father,Universal,Fixed (7%),-0.00094236
2024,46,South Dakota,Single father,Partial emp.,Sliding scale,0.00026054
2024,46,South Dakota,Single father,Partial emp.,Fixed (7%),-0.00030788
2024,46,South Dakota,Single father,Max emp.,Sliding scale,0.00037659
2024,46,South Dakota,Single father,Max emp.,Fixed (7%),-0.00023845
2024,47,Tennessee,Single father,Universal,Sliding scale,0.00254111
2024,47,Tennessee,Single father,Universal,Fixed (7%),0.0015061
2024,47,Tennessee,Single father,Partial emp.,Sliding scale,0.00205483
2024,47,Tennessee,Single father,Partial emp.,Fixed (7%),0.00108067
2024,47,Tennessee,Single father,Max emp.,Sliding scale,0.00204618
2024,47,Tennessee,Single father,Max emp.,Fixed (7%),0.00108065
2024,48,Texas,Single father,Universal,Sliding scale,-0.00276861
2024,48,Texas,Single father,Universal,Fixed (7%),-0.00211945
2024,48,Texas,Single father,Partial emp.,Sliding scale,-0.00227038
2024,48,Texas,Single father,Partial emp.,Fixed (7%),-0.00166554
2024,48,Texas,Single father,Max emp.,Sliding scale,-0.00206306
2024,48,Texas,Single father,Max emp.,Fixed (7%),-0.00147728
2024,49,Utah,Single father,Universal,Sliding scale,0.00013507
2024,49,Utah,Single father,Universal,Fixed (7%),0.00028458
2024,49,Utah,Single father,Partial emp.,Sliding scale,0.00034857
2024,49,Utah,Single father,Partial emp.,Fixed (7%),0.00043749
2024,49,Utah,Single father,Max emp.,Sliding scale,0.00018923
2024,49,Utah,Single father,Max emp.,Fixed (7%),0.00027815
2024,50,Vermont,Single father,Universal,Sliding scale,0.00398972
2024,50,Vermont,Single father,Universal,Fixed (7%),0.0032981
2024,50,Vermont,Single father,Partial emp.,Sliding scale,0.00389601
2024,50,Vermont,Single father,Partial emp.,Fixed (7%),0.00321862
2024,50,Vermont,Single father,Max emp.,Sliding scale,0.00389601
2024,50,Vermont,Single father,Max emp.,Fixed (7%),0.00321862
2024,51,Virginia,Single father,Universal,Sliding scale,0.00063609
2024,51,Virginia,Single father,Universal,Fixed (7%),0.00046085
2024,51,Virginia,Single father,Partial emp.,Sliding scale,0.0005951
2024,51,Virginia,Single father,Partial emp.,Fixed (7%),0.00041554
2024,51,Virginia,Single father,Max emp.,Sliding scale,0.00060685
2024,51,Virginia,Single father,Max emp.,Fixed (7%),0.00042633
2024,53,Washington,Single father,Universal,Sliding scale,-0.00242692
2024,53,Washington,Single father,Universal,Fixed (7%),-0.00230759
2024,53,Washington,Single father,Partial emp.,Sliding scale,-0.00246734
2024,53,Washington,Single father,Partial emp.,Fixed (7%),-0.00233164
2024,53,Washington,Single father,Max emp.,Sliding scale,-0.00258362
2024,53,Washington,Single father,Max emp.,Fixed (7%),-0.00244383
2024,54,West Virginia,Single father,Universal,Sliding scale,0.00521725
2024,54,West Virginia,Single father,Universal,Fixed (7%),0.00453512
2024,54,West Virginia,Single father,Partial emp.,Sliding scale,0.00411184
2024,54,West Virginia,Single father,Partial emp.,Fixed (7%),0.00343042
2024,54,West Virginia,Single father,Max emp.,Sliding scale,0.00411184
2024,54,West Virginia,Single father,Max emp.,Fixed (7%),0.00343042
2024,55,Wisconsin,Single father,Universal,Sliding scale,0.00282194
2024,55,Wisconsin,Single father,Universal,Fixed (7%),0.00223864
2024,55,Wisconsin,Single father,Partial emp.,Sliding scale,0.0023151
2024,55,Wisconsin,Single father,Partial emp.,Fixed (7%),0.00177532
2024,55,Wisconsin,Single father,Max emp.,Sliding scale,0.00202132
2024,55,Wisconsin,Single father,Max emp.,Fixed (7%),0.00150039
2024,56,Wyoming,Single father,Universal,Sliding scale,0.00262526
2024,56,Wyoming,Single father,Universal,Fixed (7%),0.00147298
2024,56,Wyoming,Single father,Partial emp.,Sliding scale,0.00314917
2024,56,Wyoming,Single father,Partial emp.,Fixed (7%),0.0020498
2024,56,Wyoming,Single father,Max emp.,Sliding scale,0.00304511
2024,56,Wyoming,Single father,Max emp.,Fixed (7%),0.00202135
2024,99999,United States,Single father,Universal,Sliding scale,-0.00032004
2024,99999,United States,Single father,Universal,Fixed (7%),-0.00028512
2024,99999,United States,Single father,Partial emp.,Sliding scale,-0.0002167
2024,99999,United States,Single father,Partial emp.,Fixed (7%),-0.00018995
2024,99999,United States,Single father,Max emp.,Sliding scale,-0.00019371
2024,99999,United States,Single father,Max emp.,Fixed (7%),-0.00017304
