year,area,area_name,racecomp,scenario,model,pop,base,ss
2024,1,Alabama,Total,Universal,Sliding scale,429893.0577,43779.13103,0.19733581
2024,1,Alabama,Total,Universal,Fixed (7%),429893.0577,18973.20484,0.09628869
2024,1,Alabama,Total,Partial emp.,Sliding scale,429893.0577,41215.22914,0.18795107
2024,1,Alabama,Total,Partial emp.,Fixed (7%),429893.0577,18105.43995,0.09229124
2024,1,Alabama,Total,Max emp.,Sliding scale,429893.0577,32098.70577,0.15272699
2024,1,Alabama,Total,Max emp.,Fixed (7%),429893.0577,14799.35116,0.07673181
2024,1,Alabama,White,Universal,Sliding scale,263799.3058,28509.77525,0.18109283
2024,1,Alabama,White,Universal,Fixed (7%),263799.3058,10721.18446,0.07677554
2024,1,Alabama,White,Partial emp.,Sliding scale,263799.3058,27422.04426,0.17539546
2024,1,Alabama,White,Partial emp.,Fixed (7%),263799.3058,10428.20497,0.07483449
2024,1,Alabama,White,Max emp.,Sliding scale,263799.3058,19513.45577,0.13146084
2024,1,Alabama,White,Max emp.,Fixed (7%),263799.3058,7557.883679,0.05537725
2024,1,Alabama,Black,Universal,Sliding scale,110421.6379,10492.91659,0.27681431
2024,1,Alabama,Black,Universal,Fixed (7%),110421.6379,6033.991989,0.1804043
2024,1,Alabama,Black,Partial emp.,Sliding scale,110421.6379,9483.995694,0.25703937
2024,1,Alabama,Black,Partial emp.,Fixed (7%),110421.6379,5466.45659,0.16625721
2024,1,Alabama,Black,Max emp.,Sliding scale,110421.6379,8956.753797,0.2462689
2024,1,Alabama,Black,Max emp.,Fixed (7%),110421.6379,5295.965089,0.16191143
2024,1,Alabama,Hispanic,Universal,Sliding scale,29549.08048,2064.538203,0.17686534
2024,1,Alabama,Hispanic,Universal,Fixed (7%),29549.08048,1019.912797,0.09596187
2024,1,Alabama,Hispanic,Partial emp.,Sliding scale,29549.08048,1833.538207,0.16024717
2024,1,Alabama,Hispanic,Partial emp.,Fixed (7%),29549.08048,1019.912797,0.09596187
2024,1,Alabama,Hispanic,Max emp.,Sliding scale,29549.08048,1754.43431,0.15440112
2024,1,Alabama,Hispanic,Max emp.,Fixed (7%),29549.08048,1019.912797,0.09596187
2024,1,Alabama,Asian,Universal,Sliding scale,8875.012905,591.1714001,0.11066314
2024,1,Alabama,Asian,Universal,Fixed (7%),8875.012905,376.8213996,0.07348698
2024,1,Alabama,Asian,Partial emp.,Sliding scale,8875.012905,591.1714001,0.11066314
2024,1,Alabama,Asian,Partial emp.,Fixed (7%),8875.012905,376.8213996,0.07348698
2024,1,Alabama,Asian,Max emp.,Sliding scale,8875.012905,314.1729999,0.06202723
2024,1,Alabama,Asian,Max emp.,Fixed (7%),8875.012905,204.8213996,0.04133022
2024,1,Alabama,Other,Universal,Sliding scale,17248.02058,2120.729587,0.22327938
2024,1,Alabama,Other,Universal,Fixed (7%),17248.02058,821.2941914,0.10017416
2024,1,Alabama,Other,Partial emp.,Sliding scale,17248.02058,1884.479587,0.20346689
2024,1,Alabama,Other,Partial emp.,Fixed (7%),17248.02058,814.0441914,0.09937775
2024,1,Alabama,Other,Max emp.,Sliding scale,17248.02058,1559.88889,0.17453775
2024,1,Alabama,Other,Max emp.,Fixed (7%),17248.02058,720.7681918,0.08900419
2024,1,Alabama,People of Color,Universal,Sliding scale,166093.7519,15269.35578,0.23703152
2024,1,Alabama,People of Color,Universal,Fixed (7%),166093.7519,8252.020377,0.14375902
2024,1,Alabama,People of Color,Partial emp.,Sliding scale,166093.7519,13793.18489,0.21913798
2024,1,Alabama,People of Color,Partial emp.,Fixed (7%),166093.7519,7677.234978,0.13509843
2024,1,Alabama,People of Color,Max emp.,Sliding scale,166093.7519,12585.25,0.20385928
2024,1,Alabama,People of Color,Max emp.,Fixed (7%),166093.7519,7241.467478,0.12841484
2024,2,Alaska,Total,Universal,Sliding scale,68095.00001,8053.069091,0.24269417
2024,2,Alaska,Total,Universal,Fixed (7%),68095.00001,2747.201688,0.09855045
2024,2,Alaska,Total,Partial emp.,Sliding scale,68095.00001,7083.976391,0.21991137
2024,2,Alaska,Total,Partial emp.,Fixed (7%),68095.00001,2550.565791,0.09214652
2024,2,Alaska,Total,Max emp.,Sliding scale,68095.00001,4145.023095,0.14159441
2024,2,Alaska,Total,Max emp.,Fixed (7%),68095.00001,2097.683291,0.07704543
2024,2,Alaska,White,Universal,Sliding scale,36854.99998,4800.458785,0.22155235
2024,2,Alaska,White,Universal,Fixed (7%),36854.99998,1768.488789,0.09489938
2024,2,Alaska,White,Partial emp.,Sliding scale,36854.99998,3939.436687,0.18933813
2024,2,Alaska,White,Partial emp.,Fixed (7%),36854.99998,1629.992093,0.08812239
2024,2,Alaska,White,Max emp.,Sliding scale,36854.99998,2432.084494,0.12602124
2024,2,Alaska,White,Max emp.,Fixed (7%),36854.99998,1416.090594,0.07745391
2024,2,Alaska,Black,Universal,Sliding scale,1569,18.23909992,0.02410105
2024,2,Alaska,Black,Universal,Fixed (7%),1569,14.41109985,0.01913956
2024,2,Alaska,Black,Partial emp.,Sliding scale,1569,18.23909992,0.02410105
2024,2,Alaska,Black,Partial emp.,Fixed (7%),1569,14.41109985,0.01913956
2024,2,Alaska,Black,Max emp.,Sliding scale,1569,0,0
2024,2,Alaska,Black,Max emp.,Fixed (7%),1569,0,0
2024,2,Alaska,Hispanic,Universal,Sliding scale,5680.000005,708.285,0.34039628
2024,2,Alaska,Hispanic,Universal,Fixed (7%),5680.000005,3.624000072,0.00263352
2024,2,Alaska,Hispanic,Partial emp.,Sliding scale,5680.000005,708.285,0.34039628
2024,2,Alaska,Hispanic,Partial emp.,Fixed (7%),5680.000005,3.624000072,0.00263352
2024,2,Alaska,Hispanic,Max emp.,Sliding scale,5680.000005,643.661,0.3192538
2024,2,Alaska,Hispanic,Max emp.,Fixed (7%),5680.000005,0,0
2024,2,Alaska,Asian,Universal,Sliding scale,5017.000011,427.6012997,0.18606651
2024,2,Alaska,Asian,Universal,Fixed (7%),5017.000011,372.0304,0.16589696
2024,2,Alaska,Asian,Partial emp.,Sliding scale,5017.000011,427.6012997,0.18606651
2024,2,Alaska,Asian,Partial emp.,Fixed (7%),5017.000011,372.0304,0.16589696
2024,2,Alaska,Asian,Max emp.,Sliding scale,5017.000011,427.6012997,0.18606651
2024,2,Alaska,Asian,Max emp.,Fixed (7%),5017.000011,372.0304,0.16589696
2024,2,Alaska,Other,Universal,Sliding scale,18974.00002,2098.484907,0.32897118
2024,2,Alaska,Other,Universal,Fixed (7%),18974.00002,588.6473997,0.12089463
2024,2,Alaska,Other,Partial emp.,Sliding scale,18974.00002,1990.414305,0.31740682
2024,2,Alaska,Other,Partial emp.,Fixed (7%),18974.00002,530.5081983,0.11027086
2024,2,Alaska,Other,Max emp.,Sliding scale,18974.00002,641.6763014,0.13036574
2024,2,Alaska,Other,Max emp.,Fixed (7%),18974.00002,309.5622979,0.06744262
2024,2,Alaska,People of Color,Universal,Sliding scale,31240.00003,3252.610307,0.28247744
2024,2,Alaska,People of Color,Universal,Fixed (7%),31240.00003,978.7128996,0.10591343
2024,2,Alaska,People of Color,Partial emp.,Sliding scale,31240.00003,3144.539705,0.27567929
2024,2,Alaska,People of Color,Partial emp.,Fixed (7%),31240.00003,920.5736981,0.10025253
2024,2,Alaska,People of Color,Max emp.,Sliding scale,31240.00003,1712.938601,0.17172467
2024,2,Alaska,People of Color,Max emp.,Fixed (7%),31240.00003,681.5926978,0.07621039
2024,4,Arizona,Total,Universal,Sliding scale,592067.1896,86887.41832,0.27711759
2024,4,Arizona,Total,Universal,Fixed (7%),592067.1896,44480.96782,0.16405564
2024,4,Arizona,Total,Partial emp.,Sliding scale,592067.1896,83117.06512,0.26831905
2024,4,Arizona,Total,Partial emp.,Fixed (7%),592067.1896,42527.97933,0.1579906
2024,4,Arizona,Total,Max emp.,Sliding scale,592067.1896,58885.97064,0.20622783
2024,4,Arizona,Total,Max emp.,Fixed (7%),592067.1896,32172.63284,0.1243026
2024,4,Arizona,White,Universal,Sliding scale,258122.6255,43217.86321,0.25211652
2024,4,Arizona,White,Universal,Fixed (7%),258122.6255,22188.9554,0.1475415
2024,4,Arizona,White,Partial emp.,Sliding scale,258122.6255,41649.4207,0.24521043
2024,4,Arizona,White,Partial emp.,Fixed (7%),258122.6255,21834.9554,0.14553019
2024,4,Arizona,White,Max emp.,Sliding scale,258122.6255,30896.99261,0.1941994
2024,4,Arizona,White,Max emp.,Fixed (7%),258122.6255,17595.1877,0.12068235
2024,4,Arizona,Black,Universal,Sliding scale,30233,1620.625601,0.17300282
2024,4,Arizona,Black,Universal,Fixed (7%),30233,572,0.06875826
2024,4,Arizona,Black,Partial emp.,Sliding scale,30233,1579.625601,0.16936732
2024,4,Arizona,Black,Partial emp.,Fixed (7%),30233,531,0.06414593
2024,4,Arizona,Black,Max emp.,Sliding scale,30233,1504.625601,0.16263365
2024,4,Arizona,Black,Max emp.,Fixed (7%),30233,531,0.06414593
2024,4,Arizona,Hispanic,Universal,Sliding scale,227674.7459,30436.22751,0.33943808
2024,4,Arizona,Hispanic,Universal,Fixed (7%),227674.7459,15895.53362,0.21158551
2024,4,Arizona,Hispanic,Partial emp.,Sliding scale,227674.7459,28653.30531,0.32603706
2024,4,Arizona,Hispanic,Partial emp.,Fixed (7%),227674.7459,14553.53362,0.19724561
2024,4,Arizona,Hispanic,Max emp.,Sliding scale,227674.7459,20180.62032,0.2541291
2024,4,Arizona,Hispanic,Max emp.,Fixed (7%),227674.7459,10216.93623,0.14711801
2024,4,Arizona,Asian,Universal,Sliding scale,26363.00001,4755.6608,0.24056153
2024,4,Arizona,Asian,Universal,Fixed (7%),26363.00001,1522,0.09204528
2024,4,Arizona,Asian,Partial emp.,Sliding scale,26363.00001,4755.6608,0.24056153
2024,4,Arizona,Asian,Partial emp.,Fixed (7%),26363.00001,1522,0.09204528
2024,4,Arizona,Asian,Max emp.,Sliding scale,26363.00001,1414.6608,0.08611278
2024,4,Arizona,Asian,Max emp.,Fixed (7%),26363.00001,511,0.03291605
2024,4,Arizona,Other,Universal,Sliding scale,49673.81821,6857.041198,0.29408465
2024,4,Arizona,Other,Universal,Fixed (7%),49673.81821,4302.478801,0.2072286
2024,4,Arizona,Other,Partial emp.,Sliding scale,49673.81821,6479.052704,0.28245237
2024,4,Arizona,Other,Partial emp.,Fixed (7%),49673.81821,4086.490304,0.19889464
2024,4,Arizona,Other,Max emp.,Sliding scale,49673.81821,4889.071306,0.22901148
2024,4,Arizona,Other,Max emp.,Fixed (7%),49673.81821,3318.508907,0.16778769
2024,4,Arizona,People of Color,Universal,Sliding scale,333944.5641,43669.55511,0.30727308
2024,4,Arizona,People of Color,Universal,Fixed (7%),333944.5641,22292.01242,0.18462495
2024,4,Arizona,People of Color,Partial emp.,Sliding scale,333944.5641,41467.64441,0.29637152
2024,4,Arizona,People of Color,Partial emp.,Fixed (7%),333944.5641,20693.02392,0.17368202
2024,4,Arizona,People of Color,Max emp.,Sliding scale,333944.5641,27988.97803,0.22136329
2024,4,Arizona,People of Color,Max emp.,Fixed (7%),333944.5641,14577.44514,0.12897246
2024,5,Arkansas,Total,Universal,Sliding scale,278675.8822,31545.3258,0.20490722
2024,5,Arkansas,Total,Universal,Fixed (7%),278675.8822,13982.14171,0.1025188
2024,5,Arkansas,Total,Partial emp.,Sliding scale,278675.8822,30206.967,0.19793446
2024,5,Arkansas,Total,Partial emp.,Fixed (7%),278675.8822,13449.32601,0.09899888
2024,5,Arkansas,Total,Max emp.,Sliding scale,278675.8822,22266.04951,0.1539092
2024,5,Arkansas,Total,Max emp.,Fixed (7%),278675.8822,9815.388708,0.07423563
2024,5,Arkansas,White,Universal,Sliding scale,173648.2876,22938.49429,0.21213277
2024,5,Arkansas,White,Universal,Fixed (7%),173648.2876,10032.3654,0.10535256
2024,5,Arkansas,White,Partial emp.,Sliding scale,173648.2876,22194.61659,0.20667525
2024,5,Arkansas,White,Partial emp.,Fixed (7%),173648.2876,9802.511698,0.10318787
2024,5,Arkansas,White,Max emp.,Sliding scale,173648.2876,16384.3953,0.16129767
2024,5,Arkansas,White,Max emp.,Fixed (7%),173648.2876,7257.902403,0.07850443
2024,5,Arkansas,Black,Universal,Sliding scale,44324.58688,3972.427503,0.20371095
2024,5,Arkansas,Black,Universal,Fixed (7%),44324.58688,2146.068705,0.12142549
2024,5,Arkansas,Black,Partial emp.,Sliding scale,44324.58688,3758.952004,0.19489726
2024,5,Arkansas,Black,Partial emp.,Fixed (7%),44324.58688,2013.068705,0.11476392
2024,5,Arkansas,Black,Max emp.,Sliding scale,44324.58688,3559.839407,0.18649888
2024,5,Arkansas,Black,Max emp.,Fixed (7%),44324.58688,1984.739705,0.11333193
2024,5,Arkansas,Hispanic,Universal,Sliding scale,33034.3956,2141.433202,0.19245833
2024,5,Arkansas,Hispanic,Universal,Fixed (7%),33034.3956,841.3414004,0.08561838
2024,5,Arkansas,Hispanic,Partial emp.,Sliding scale,33034.3956,1869.421198,0.17222189
2024,5,Arkansas,Hispanic,Partial emp.,Fixed (7%),33034.3956,734.2326992,0.07554195
2024,5,Arkansas,Hispanic,Max emp.,Sliding scale,33034.3956,1070.054899,0.10641639
2024,5,Arkansas,Hispanic,Max emp.,Fixed (7%),33034.3956,294.0600011,0.03168967
2024,5,Arkansas,Asian,Universal,Sliding scale,6541.93179,479.794806,0.09519301
2024,5,Arkansas,Asian,Universal,Fixed (7%),6541.93179,381.2851076,0.07715633
2024,5,Arkansas,Asian,Partial emp.,Sliding scale,6541.93179,479.794806,0.09519301
2024,5,Arkansas,Asian,Partial emp.,Fixed (7%),6541.93179,381.2851076,0.07715633
2024,5,Arkansas,Asian,Max emp.,Sliding scale,6541.93179,172.000001,0.03634491
2024,5,Arkansas,Asian,Max emp.,Fixed (7%),6541.93179,145.7803011,0.03097611
2024,5,Arkansas,Other,Universal,Sliding scale,21126.68031,2013.176,0.19835605
2024,5,Arkansas,Other,Universal,Fixed (7%),21126.68031,581.0810972,0.06665907
2024,5,Arkansas,Other,Partial emp.,Sliding scale,21126.68031,1904.182401,0.18965373
2024,5,Arkansas,Other,Partial emp.,Fixed (7%),21126.68031,518.2277976,0.05988057
2024,5,Arkansas,Other,Max emp.,Sliding scale,21126.68031,1079.759897,0.11716287
2024,5,Arkansas,Other,Max emp.,Fixed (7%),21126.68031,132.906298,0.01607277
2024,5,Arkansas,People of Color,Universal,Sliding scale,105027.5946,8606.831511,0.18785405
2024,5,Arkansas,People of Color,Universal,Fixed (7%),105027.5946,3949.77631,0.09596262
2024,5,Arkansas,People of Color,Partial emp.,Sliding scale,105027.5946,8012.350409,0.17717774
2024,5,Arkansas,People of Color,Partial emp.,Fixed (7%),105027.5946,3646.814309,0.08925895
2024,5,Arkansas,People of Color,Max emp.,Sliding scale,105027.5946,5881.654204,0.1364925
2024,5,Arkansas,People of Color,Max emp.,Fixed (7%),105027.5946,2557.486306,0.06431138
2024,6,California,Total,Universal,Sliding scale,3026362.27,368055.9395,0.27307388
2024,6,California,Total,Universal,Fixed (7%),3026362.27,197092.4985,0.1674729
2024,6,California,Total,Partial emp.,Sliding scale,3026362.27,350815.5366,0.26365509
2024,6,California,Total,Partial emp.,Fixed (7%),3026362.27,188735.7506,0.16151895
2024,6,California,Total,Max emp.,Sliding scale,3026362.27,266341.5608,0.21373821
2024,6,California,Total,Max emp.,Fixed (7%),3026362.27,143020.2751,0.12737938
2024,6,California,White,Universal,Sliding scale,924834.8254,120741.8606,0.2277916
2024,6,California,White,Universal,Fixed (7%),924834.8254,71102.93149,0.14800311
2024,6,California,White,Partial emp.,Sliding scale,924834.8254,114295.2603,0.21828425
2024,6,California,White,Partial emp.,Fixed (7%),924834.8254,67620.63879,0.14178231
2024,6,California,White,Max emp.,Sliding scale,924834.8254,83805.8299,0.16995086
2024,6,California,White,Max emp.,Fixed (7%),924834.8254,50810.81169,0.11042876
2024,6,California,Black,Universal,Sliding scale,148251,19803.3212,0.35269232
2024,6,California,Black,Universal,Fixed (7%),148251,11111.3212,0.2341345
2024,6,California,Black,Partial emp.,Sliding scale,148251,17238.3212,0.3217065
2024,6,California,Black,Partial emp.,Fixed (7%),148251,9784.3212,0.21210321
2024,6,California,Black,Max emp.,Sliding scale,148251,14113.3212,0.27969879
2024,6,California,Black,Max emp.,Fixed (7%),148251,7253.3212,0.16636439
2024,6,California,Hispanic,Universal,Sliding scale,1309367.319,148255.5278,0.35591132
2024,6,California,Hispanic,Universal,Fixed (7%),1309367.319,68086.5412,0.20240786
2024,6,California,Hispanic,Partial emp.,Sliding scale,1309367.319,142357.5278,0.34666062
2024,6,California,Hispanic,Partial emp.,Fixed (7%),1309367.319,65606.5412,0.1964839
2024,6,California,Hispanic,Max emp.,Sliding scale,1309367.319,112350.8386,0.29515741
2024,6,California,Hispanic,Max emp.,Fixed (7%),1309367.319,51680.3232,0.16151279
2024,6,California,Asian,Universal,Sliding scale,486296.021,56764.575,0.21566021
2024,6,California,Asian,Universal,Fixed (7%),486296.021,34928.575,0.14470547
2024,6,California,Asian,Partial emp.,Sliding scale,486296.021,55377.575,0.21150524
2024,6,California,Asian,Partial emp.,Fixed (7%),486296.021,34227.575,0.14221431
2024,6,California,Asian,Max emp.,Sliding scale,486296.021,40802.575,0.1650249
2024,6,California,Asian,Max emp.,Fixed (7%),486296.021,25259.575,0.10901468
2024,6,California,Other,Universal,Sliding scale,157613.1045,22490.65489,0.27475351
2024,6,California,Other,Universal,Fixed (7%),157613.1045,11863.12961,0.16654671
2024,6,California,Other,Partial emp.,Sliding scale,157613.1045,21546.85229,0.26629402
2024,6,California,Other,Partial emp.,Fixed (7%),157613.1045,11496.67441,0.16223669
2024,6,California,Other,Max emp.,Sliding scale,157613.1045,15268.99609,0.20457975
2024,6,California,Other,Max emp.,Fixed (7%),157613.1045,8016.244006,0.11896509
2024,6,California,People of Color,Universal,Sliding scale,2101527.445,247314.0789,0.30242444
2024,6,California,People of Color,Universal,Fixed (7%),2101527.445,125989.567,0.18090332
2024,6,California,People of Color,Partial emp.,Sliding scale,2101527.445,236520.2763,0.29309396
2024,6,California,People of Color,Partial emp.,Fixed (7%),2101527.445,121115.1118,0.17513003
2024,6,California,People of Color,Max emp.,Sliding scale,2101527.445,182535.7309,0.24241354
2024,6,California,People of Color,Max emp.,Fixed (7%),2101527.445,92209.46341,0.13914905
2024,8,Colorado,Total,Universal,Sliding scale,485573.0528,88283.85275,0.29981297
2024,8,Colorado,Total,Universal,Fixed (7%),485573.0528,52407.05626,0.20266757
2024,8,Colorado,Total,Partial emp.,Sliding scale,485573.0528,83547.67357,0.28836698
2024,8,Colorado,Total,Partial emp.,Fixed (7%),485573.0528,50010.35538,0.19520838
2024,8,Colorado,Total,Max emp.,Sliding scale,485573.0528,64371.39288,0.23792735
2024,8,Colorado,Total,Max emp.,Fixed (7%),485573.0528,38257.46278,0.15651276
2024,8,Colorado,White,Universal,Sliding scale,293088.0215,59821.67708,0.2856605
2024,8,Colorado,White,Universal,Fixed (7%),293088.0215,37351.15069,0.19979779
2024,8,Colorado,White,Partial emp.,Sliding scale,293088.0215,57365.88889,0.27718413
2024,8,Colorado,White,Partial emp.,Fixed (7%),293088.0215,36154.2003,0.19464132
2024,8,Colorado,White,Max emp.,Sliding scale,293088.0215,43676.67979,0.22598755
2024,8,Colorado,White,Max emp.,Fixed (7%),293088.0215,27883.42559,0.15711005
2024,8,Colorado,Black,Universal,Sliding scale,22108.00737,2733.280688,0.3716034
2024,8,Colorado,Black,Universal,Fixed (7%),22108.00737,1737.147588,0.27316917
2024,8,Colorado,Black,Partial emp.,Sliding scale,22108.00737,2436.507694,0.34518298
2024,8,Colorado,Black,Partial emp.,Fixed (7%),22108.00737,1440.374594,0.23758896
2024,8,Colorado,Black,Max emp.,Sliding scale,22108.00737,1999.777294,0.30199599
2024,8,Colorado,Black,Max emp.,Fixed (7%),22108.00737,1166.644194,0.20153702
2024,8,Colorado,Hispanic,Universal,Sliding scale,123707.9932,18791.71929,0.37681707
2024,8,Colorado,Hispanic,Universal,Fixed (7%),123707.9932,9530.801483,0.23469857
2024,8,Colorado,Hispanic,Partial emp.,Sliding scale,123707.9932,17454.51229,0.35964659
2024,8,Colorado,Hispanic,Partial emp.,Fixed (7%),123707.9932,9219.392484,0.22878448
2024,8,Colorado,Hispanic,Max emp.,Sliding scale,123707.9932,13991.1042,0.31043748
2024,8,Colorado,Hispanic,Max emp.,Fixed (7%),123707.9932,6768.259391,0.17883615
2024,8,Colorado,Asian,Universal,Sliding scale,21107.01788,3034.617604,0.23651614
2024,8,Colorado,Asian,Universal,Fixed (7%),21107.01788,1352.446004,0.12131392
2024,8,Colorado,Asian,Partial emp.,Sliding scale,21107.01788,2609.617604,0.21035992
2024,8,Colorado,Asian,Partial emp.,Fixed (7%),21107.01788,969.4460039,0.09005271
2024,8,Colorado,Asian,Max emp.,Sliding scale,21107.01788,1992.968601,0.16905554
2024,8,Colorado,Asian,Max emp.,Fixed (7%),21107.01788,530.1085999,0.05133737
2024,8,Colorado,Other,Universal,Sliding scale,25562.01292,3902.55809,0.26030359
2024,8,Colorado,Other,Universal,Fixed (7%),25562.01292,2435.510494,0.18007091
2024,8,Colorado,Other,Partial emp.,Sliding scale,25562.01292,3681.147095,0.2492158
2024,8,Colorado,Other,Partial emp.,Fixed (7%),25562.01292,2226.941999,0.16722905
2024,8,Colorado,Other,Max emp.,Sliding scale,25562.01292,2710.862999,0.19643027
2024,8,Colorado,Other,Max emp.,Fixed (7%),25562.01292,1909.024999,0.14686163
2024,8,Colorado,People of Color,Universal,Sliding scale,192485.0313,28462.17567,0.33466093
2024,8,Colorado,People of Color,Universal,Fixed (7%),192485.0313,15055.90557,0.21015612
2024,8,Colorado,People of Color,Partial emp.,Sliding scale,192485.0313,26181.78468,0.31632964
2024,8,Colorado,People of Color,Partial emp.,Fixed (7%),192485.0313,13856.15508,0.19670365
2024,8,Colorado,People of Color,Max emp.,Sliding scale,192485.0313,20694.71309,0.26778756
2024,8,Colorado,People of Color,Max emp.,Fixed (7%),192485.0313,10374.03718,0.15492966
2024,9,Connecticut,Total,Universal,Sliding scale,294729,44809.5411,0.25879273
2024,9,Connecticut,Total,Universal,Fixed (7%),294729,21815.57658,0.14528762
2024,9,Connecticut,Total,Partial emp.,Sliding scale,294729,43571.5411,0.25345498
2024,9,Connecticut,Total,Partial emp.,Fixed (7%),294729,21045.57658,0.14088201
2024,9,Connecticut,Total,Max emp.,Sliding scale,294729,36257.91371,0.2202833
2024,9,Connecticut,Total,Max emp.,Fixed (7%),294729,17526.57659,0.12015581
2024,9,Connecticut,White,Universal,Sliding scale,160258,30627.3931,0.25761602
2024,9,Connecticut,White,Universal,Fixed (7%),160258,15328.57658,0.14797502
2024,9,Connecticut,White,Partial emp.,Sliding scale,160258,29711.3931,0.25185173
2024,9,Connecticut,White,Partial emp.,Fixed (7%),160258,14662.57658,0.14246168
2024,9,Connecticut,White,Max emp.,Sliding scale,160258,24188.91371,0.21510954
2024,9,Connecticut,White,Max emp.,Fixed (7%),160258,11832.57659,0.11821589
2024,9,Connecticut,Black,Universal,Sliding scale,34282.99998,4801.999999,0.35074136
2024,9,Connecticut,Black,Universal,Fixed (7%),34282.99998,1905,0.17648694
2024,9,Connecticut,Black,Partial emp.,Sliding scale,34282.99998,4697.999999,0.34577169
2024,9,Connecticut,Black,Partial emp.,Fixed (7%),34282.99998,1801,0.16847521
2024,9,Connecticut,Black,Max emp.,Sliding scale,34282.99998,4330,0.32755882
2024,9,Connecticut,Black,Max emp.,Fixed (7%),34282.99998,1721,0.16220547
2024,9,Connecticut,Hispanic,Universal,Sliding scale,65474.99999,5320.000005,0.24510924
2024,9,Connecticut,Hispanic,Universal,Fixed (7%),65474.99999,3090.000001,0.15866815
2024,9,Connecticut,Hispanic,Partial emp.,Sliding scale,65474.99999,5109.000005,0.23769857
2024,9,Connecticut,Hispanic,Partial emp.,Fixed (7%),65474.99999,3090.000001,0.15866815
2024,9,Connecticut,Hispanic,Max emp.,Sliding scale,65474.99999,4667.000005,0.22169327
2024,9,Connecticut,Hispanic,Max emp.,Fixed (7%),65474.99999,2903.000001,0.15051114
2024,9,Connecticut,Asian,Universal,Sliding scale,16896.00001,1731.999999,0.15758348
2024,9,Connecticut,Asian,Universal,Fixed (7%),16896.00001,629.9999994,0.06370715
2024,9,Connecticut,Asian,Partial emp.,Sliding scale,16896.00001,1731.999999,0.15758348
2024,9,Connecticut,Asian,Partial emp.,Fixed (7%),16896.00001,629.9999994,0.06370715
2024,9,Connecticut,Asian,Max emp.,Sliding scale,16896.00001,1115.999999,0.10756626
2024,9,Connecticut,Asian,Max emp.,Fixed (7%),16896.00001,334.9999994,0.03491766
2024,9,Connecticut,Other,Universal,Sliding scale,17817,2328.148,0.29567539
2024,9,Connecticut,Other,Universal,Fixed (7%),17817,861.9999993,0.13452246
2024,9,Connecticut,Other,Partial emp.,Sliding scale,17817,2321.148,0.29504868
2024,9,Connecticut,Other,Partial emp.,Fixed (7%),17817,861.9999993,0.13452246
2024,9,Connecticut,Other,Max emp.,Sliding scale,17817,1956,0.26073562
2024,9,Connecticut,Other,Max emp.,Fixed (7%),17817,734.9999993,0.11702234
2024,9,Connecticut,People of Color,Universal,Sliding scale,134471,14182.148,0.26137097
2024,9,Connecticut,People of Color,Universal,Fixed (7%),134471,6487,0.13930926
2024,9,Connecticut,People of Color,Partial emp.,Sliding scale,134471,13860.148,0.25696154
2024,9,Connecticut,People of Color,Partial emp.,Fixed (7%),134471,6383,0.13738268
2024,9,Connecticut,People of Color,Max emp.,Sliding scale,134471,12069,0.23143984
2024,9,Connecticut,People of Color,Max emp.,Fixed (7%),134471,5694,0.12439794
2024,10,Delaware,Total,Universal,Sliding scale,83113,10829,0.24050549
2024,10,Delaware,Total,Universal,Fixed (7%),83113,4625,0.11913348
2024,10,Delaware,Total,Partial emp.,Sliding scale,83113,10585,0.23636729
2024,10,Delaware,Total,Partial emp.,Fixed (7%),83113,4475,0.1157168
2024,10,Delaware,Total,Max emp.,Sliding scale,83113,9688,0.2207588
2024,10,Delaware,Total,Max emp.,Fixed (7%),83113,4261,0.11079619
2024,10,Delaware,White,Universal,Sliding scale,43292,5725,0.20233257
2024,10,Delaware,White,Universal,Fixed (7%),43292,3374,0.13004934
2024,10,Delaware,White,Partial emp.,Sliding scale,43292,5575,0.19808136
2024,10,Delaware,White,Partial emp.,Fixed (7%),43292,3224,0.12499031
2024,10,Delaware,White,Max emp.,Sliding scale,43292,4809,0.17564557
2024,10,Delaware,White,Max emp.,Fixed (7%),43292,3010,0.11767005
2024,10,Delaware,Black,Universal,Sliding scale,19153,3738,0.4317893
2024,10,Delaware,Black,Universal,Fixed (7%),19153,686,0.12239072
2024,10,Delaware,Black,Partial emp.,Sliding scale,19153,3644,0.42555179
2024,10,Delaware,Black,Partial emp.,Fixed (7%),19153,686,0.12239072
2024,10,Delaware,Black,Max emp.,Sliding scale,19153,3644,0.42555179
2024,10,Delaware,Black,Max emp.,Fixed (7%),19153,686,0.12239072
2024,10,Delaware,Hispanic,Universal,Sliding scale,10748,792,0.29398664
2024,10,Delaware,Hispanic,Universal,Fixed (7%),10748,498,0.2075
2024,10,Delaware,Hispanic,Partial emp.,Sliding scale,10748,792,0.29398664
2024,10,Delaware,Hispanic,Partial emp.,Fixed (7%),10748,498,0.2075
2024,10,Delaware,Hispanic,Max emp.,Sliding scale,10748,792,0.29398664
2024,10,Delaware,Hispanic,Max emp.,Fixed (7%),10748,498,0.2075
2024,10,Delaware,Asian,Universal,Sliding scale,6345,507,0.13886606
2024,10,Delaware,Asian,Universal,Fixed (7%),6345,0,0
2024,10,Delaware,Asian,Partial emp.,Sliding scale,6345,507,0.13886606
2024,10,Delaware,Asian,Partial emp.,Fixed (7%),6345,0,0
2024,10,Delaware,Asian,Max emp.,Sliding scale,6345,376,0.10681818
2024,10,Delaware,Asian,Max emp.,Fixed (7%),6345,0,0
2024,10,Delaware,Other,Universal,Sliding scale,3575,67,0.03875072
2024,10,Delaware,Other,Universal,Fixed (7%),3575,67,0.03875072
2024,10,Delaware,Other,Partial emp.,Sliding scale,3575,67,0.03875072
2024,10,Delaware,Other,Partial emp.,Fixed (7%),3575,67,0.03875072
2024,10,Delaware,Other,Max emp.,Sliding scale,3575,67,0.03875072
2024,10,Delaware,Other,Max emp.,Fixed (7%),3575,67,0.03875072
2024,10,Delaware,People of Color,Universal,Sliding scale,39821,5104,0.30506246
2024,10,Delaware,People of Color,Universal,Fixed (7%),39821,1251,0.09714241
2024,10,Delaware,People of Color,Partial emp.,Sliding scale,39821,5010,0.30113602
2024,10,Delaware,People of Color,Partial emp.,Fixed (7%),39821,1251,0.09714241
2024,10,Delaware,People of Color,Max emp.,Sliding scale,39821,4879,0.29558948
2024,10,Delaware,People of Color,Max emp.,Fixed (7%),39821,1251,0.09714241
2024,11,District of Columbia,Total,Universal,Sliding scale,55343,8459,0.29957148
2024,11,District of Columbia,Total,Universal,Fixed (7%),55343,4317,0.1791658
2024,11,District of Columbia,Total,Partial emp.,Sliding scale,55343,8214,0.29344098
2024,11,District of Columbia,Total,Partial emp.,Fixed (7%),55343,4140,0.1730914
2024,11,District of Columbia,Total,Max emp.,Sliding scale,55343,7155,0.26565923
2024,11,District of Columbia,Total,Max emp.,Fixed (7%),55343,3808,0.16145171
2024,11,District of Columbia,White,Universal,Sliding scale,16511,4470,0.30298922
2024,11,District of Columbia,White,Universal,Fixed (7%),16511,2862,0.21772537
2024,11,District of Columbia,White,Partial emp.,Sliding scale,16511,4470,0.30298922
2024,11,District of Columbia,White,Partial emp.,Fixed (7%),16511,2862,0.21772537
2024,11,District of Columbia,White,Max emp.,Sliding scale,16511,3903,0.27513041
2024,11,District of Columbia,White,Max emp.,Fixed (7%),16511,2583,0.2007617
2024,11,District of Columbia,Black,Universal,Sliding scale,25510,2253,0.35175644
2024,11,District of Columbia,Black,Universal,Fixed (7%),25510,594,0.12515803
2024,11,District of Columbia,Black,Partial emp.,Sliding scale,25510,2141,0.34021929
2024,11,District of Columbia,Black,Partial emp.,Fixed (7%),25510,550,0.1169715
2024,11,District of Columbia,Black,Max emp.,Sliding scale,25510,1746,0.29603255
2024,11,District of Columbia,Black,Max emp.,Fixed (7%),25510,550,0.1169715
2024,11,District of Columbia,Hispanic,Universal,Sliding scale,7203,1321,0.40784193
2024,11,District of Columbia,Hispanic,Universal,Fixed (7%),7203,636,0.24902114
2024,11,District of Columbia,Hispanic,Partial emp.,Sliding scale,7203,1188,0.38248551
2024,11,District of Columbia,Hispanic,Partial emp.,Fixed (7%),7203,503,0.20776539
2024,11,District of Columbia,Hispanic,Max emp.,Sliding scale,7203,1188,0.38248551
2024,11,District of Columbia,Hispanic,Max emp.,Fixed (7%),7203,503,0.20776539
2024,11,District of Columbia,Asian,Universal,Sliding scale,2506,157,0.08088614
2024,11,District of Columbia,Asian,Universal,Fixed (7%),2506,53,0.02885139
2024,11,District of Columbia,Asian,Partial emp.,Sliding scale,2506,157,0.08088614
2024,11,District of Columbia,Asian,Partial emp.,Fixed (7%),2506,53,0.02885139
2024,11,District of Columbia,Asian,Max emp.,Sliding scale,2506,60,0.03253796
2024,11,District of Columbia,Asian,Max emp.,Fixed (7%),2506,0,0
2024,11,District of Columbia,Other,Universal,Sliding scale,3613,258,0.13586098
2024,11,District of Columbia,Other,Universal,Fixed (7%),3613,172,0.09487038
2024,11,District of Columbia,Other,Partial emp.,Sliding scale,3613,258,0.13586098
2024,11,District of Columbia,Other,Partial emp.,Fixed (7%),3613,172,0.09487038
2024,11,District of Columbia,Other,Max emp.,Sliding scale,3613,258,0.13586098
2024,11,District of Columbia,Other,Max emp.,Fixed (7%),3613,172,0.09487038
2024,11,District of Columbia,People of Color,Universal,Sliding scale,38832,3989,0.2958321
2024,11,District of Columbia,People of Color,Universal,Fixed (7%),38832,1455,0.13287671
2024,11,District of Columbia,People of Color,Partial emp.,Sliding scale,38832,3744,0.28280082
2024,11,District of Columbia,People of Color,Partial emp.,Fixed (7%),38832,1278,0.11862991
2024,11,District of Columbia,People of Color,Max emp.,Sliding scale,38832,3252,0.25511885
2024,11,District of Columbia,People of Color,Max emp.,Fixed (7%),38832,1225,0.11427239
2024,12,Florida,Total,Universal,Sliding scale,1709677.23,160408.49,0.18585491
2024,12,Florida,Total,Universal,Fixed (7%),1709677.23,70911.22389,0.09166545
2024,12,Florida,Total,Partial emp.,Sliding scale,1709677.23,152041.0532,0.17788466
2024,12,Florida,Total,Partial emp.,Fixed (7%),1709677.23,67533.02999,0.08768143
2024,12,Florida,Total,Max emp.,Sliding scale,1709677.23,110338.4682,0.13571525
2024,12,Florida,Total,Max emp.,Fixed (7%),1709677.23,50228.41329,0.06671287
2024,12,Florida,White,Universal,Sliding scale,714007.5875,75014.20486,0.16513548
2024,12,Florida,White,Universal,Fixed (7%),714007.5875,32714.23119,0.07941145
2024,12,Florida,White,Partial emp.,Sliding scale,714007.5875,71028.61336,0.15774567
2024,12,Florida,White,Partial emp.,Fixed (7%),714007.5875,31299.50609,0.07623913
2024,12,Florida,White,Max emp.,Sliding scale,714007.5875,49303.41958,0.11504766
2024,12,Florida,White,Max emp.,Fixed (7%),714007.5875,22632.3738,0.05631671
2024,12,Florida,Black,Universal,Sliding scale,283620.7146,25506.0268,0.25139943
2024,12,Florida,Black,Universal,Fixed (7%),283620.7146,12797.04711,0.14419662
2024,12,Florida,Black,Partial emp.,Sliding scale,283620.7146,23114.2909,0.23332579
2024,12,Florida,Black,Partial emp.,Fixed (7%),283620.7146,11552.93711,0.1320289
2024,12,Florida,Black,Max emp.,Sliding scale,283620.7146,19559.41599,0.20479011
2024,12,Florida,Black,Max emp.,Fixed (7%),283620.7146,10441.4725,0.12086208
2024,12,Florida,Hispanic,Universal,Sliding scale,566550.9514,45140.47369,0.20136199
2024,12,Florida,Hispanic,Universal,Fixed (7%),566550.9514,18671.1299,0.09443867
2024,12,Florida,Hispanic,Partial emp.,Sliding scale,566550.9514,43398.02059,0.19510578
2024,12,Florida,Hispanic,Partial emp.,Fixed (7%),566550.9514,18178.4275,0.09217629
2024,12,Florida,Hispanic,Max emp.,Sliding scale,566550.9514,32646.18899,0.15422319
2024,12,Florida,Hispanic,Max emp.,Fixed (7%),566550.9514,13175.25379,0.06854595
2024,12,Florida,Asian,Universal,Sliding scale,60497.00001,5927,0.14967241
2024,12,Florida,Asian,Universal,Fixed (7%),60497.00001,2818,0.07722491
2024,12,Florida,Asian,Partial emp.,Sliding scale,60497.00001,5927,0.14967241
2024,12,Florida,Asian,Partial emp.,Fixed (7%),60497.00001,2818,0.07722491
2024,12,Florida,Asian,Max emp.,Sliding scale,60497.00001,3611,0.09685167
2024,12,Florida,Asian,Max emp.,Fixed (7%),60497.00001,1826,0.05143833
2024,12,Florida,Other,Universal,Sliding scale,85000.97601,8820.784693,0.20233853
2024,12,Florida,Other,Universal,Fixed (7%),85000.97601,3910.815697,0.10109588
2024,12,Florida,Other,Partial emp.,Sliding scale,85000.97601,8573.128294,0.19778116
2024,12,Florida,Other,Partial emp.,Fixed (7%),85000.97601,3684.159298,0.09579803
2024,12,Florida,Other,Max emp.,Sliding scale,85000.97601,5218.443598,0.13048767
2024,12,Florida,Other,Max emp.,Fixed (7%),85000.97601,2153.313198,0.05831314
2024,12,Florida,People of Color,Universal,Sliding scale,995669.6421,85394.28519,0.20887688
2024,12,Florida,People of Color,Universal,Fixed (7%),995669.6421,38196.9927,0.10562491
2024,12,Florida,People of Color,Partial emp.,Sliding scale,995669.6421,81012.43979,0.20030566
2024,12,Florida,People of Color,Partial emp.,Fixed (7%),995669.6421,36233.5239,0.10074237
2024,12,Florida,People of Color,Max emp.,Sliding scale,995669.6421,61035.04859,0.1587525
2024,12,Florida,People of Color,Max emp.,Fixed (7%),995669.6421,27596.03949,0.07861499
2024,13,Georgia,Total,Universal,Sliding scale,949001.6748,83270.7253,0.17423097
2024,13,Georgia,Total,Universal,Fixed (7%),949001.6748,25988.6853,0.06178207
2024,13,Georgia,Total,Partial emp.,Sliding scale,949001.6748,77956.31401,0.16494552
2024,13,Georgia,Total,Partial emp.,Fixed (7%),949001.6748,25034.79561,0.05964968
2024,13,Georgia,Total,Max emp.,Sliding scale,949001.6748,59829.35528,0.13164018
2024,13,Georgia,Total,Max emp.,Fixed (7%),949001.6748,19446.52,0.04695993
2024,13,Georgia,White,Universal,Sliding scale,435573.5603,43006.46062,0.16143873
2024,13,Georgia,White,Universal,Fixed (7%),435573.5603,14088.86711,0.05932721
2024,13,Georgia,White,Partial emp.,Sliding scale,435573.5603,41309.78091,0.15606367
2024,13,Georgia,White,Partial emp.,Fixed (7%),435573.5603,13743.22271,0.05795608
2024,13,Georgia,White,Max emp.,Sliding scale,435573.5603,30645.79808,0.12063647
2024,13,Georgia,White,Max emp.,Fixed (7%),435573.5603,10411.1271,0.04453013
2024,13,Georgia,Black,Universal,Sliding scale,294752.8149,23536.04357,0.1954341
2024,13,Georgia,Black,Universal,Fixed (7%),294752.8149,7019.510295,0.06755178
2024,13,Georgia,Black,Partial emp.,Sliding scale,294752.8149,20707.78729,0.17608467
2024,13,Georgia,Black,Partial emp.,Fixed (7%),294752.8149,6601.253402,0.06378345
2024,13,Georgia,Black,Max emp.,Sliding scale,294752.8149,18222.07598,0.15829372
2024,13,Georgia,Black,Max emp.,Fixed (7%),294752.8149,5607.274603,0.05470469
2024,13,Georgia,Hispanic,Universal,Sliding scale,120020.171,8625.809532,0.23715767
2024,13,Georgia,Hispanic,Universal,Fixed (7%),120020.171,3027.459406,0.0983795
2024,13,Georgia,Hispanic,Partial emp.,Sliding scale,120020.171,8282.450634,0.22988758
2024,13,Georgia,Hispanic,Partial emp.,Fixed (7%),120020.171,2924.459406,0.09535159
2024,13,Georgia,Hispanic,Max emp.,Sliding scale,120020.171,6362.358825,0.18653473
2024,13,Georgia,Hispanic,Max emp.,Fixed (7%),120020.171,2109.814205,0.07066722
2024,13,Georgia,Asian,Universal,Sliding scale,55535.99731,4163.327196,0.12627517
2024,13,Georgia,Asian,Universal,Fixed (7%),55535.99731,410.5559998,0.01405171
2024,13,Georgia,Asian,Partial emp.,Sliding scale,55535.99731,3982.331196,0.12145223
2024,13,Georgia,Asian,Partial emp.,Fixed (7%),55535.99731,410.5559998,0.01405171
2024,13,Georgia,Asian,Max emp.,Sliding scale,55535.99731,1943,0.0631871
2024,13,Georgia,Asian,Max emp.,Fixed (7%),55535.99731,337,0.01156329
2024,13,Georgia,Other,Universal,Sliding scale,43119.1312,3939.084385,0.18096935
2024,13,Georgia,Other,Universal,Fixed (7%),43119.1312,1442.292495,0.07484734
2024,13,Georgia,Other,Partial emp.,Sliding scale,43119.1312,3673.963986,0.17087043
2024,13,Georgia,Other,Partial emp.,Fixed (7%),43119.1312,1355.304093,0.07065204
2024,13,Georgia,Other,Max emp.,Sliding scale,43119.1312,2656.122396,0.12967055
2024,13,Georgia,Other,Max emp.,Fixed (7%),43119.1312,981.3040934,0.0521726
2024,13,Georgia,People of Color,Universal,Sliding scale,513428.1145,40264.26469,0.19034054
2024,13,Georgia,People of Color,Universal,Fixed (7%),513428.1145,11899.8182,0.0649647
2024,13,Georgia,People of Color,Partial emp.,Sliding scale,513428.1145,36646.5331,0.17625278
2024,13,Georgia,People of Color,Partial emp.,Fixed (7%),513428.1145,11291.5729,0.06184948
2024,13,Georgia,People of Color,Max emp.,Sliding scale,513428.1145,29183.5572,0.14558488
2024,13,Georgia,People of Color,Max emp.,Fixed (7%),513428.1145,9035.392902,0.05011056
2024,15,Hawaii,Total,Universal,Sliding scale,102890,2704.674609,0.11502025
2024,15,Hawaii,Total,Universal,Fixed (7%),102890,1010.309203,0.04630112
2024,15,Hawaii,Total,Partial emp.,Sliding scale,102890,2505.667709,0.10746669
2024,15,Hawaii,Total,Partial emp.,Fixed (7%),102890,942.3092027,0.04331977
2024,15,Hawaii,Total,Max emp.,Sliding scale,102890,2265.411306,0.09817385
2024,15,Hawaii,Total,Max emp.,Fixed (7%),102890,763.1071,0.03537292
2024,15,Hawaii,White,Universal,Sliding scale,24800.99996,625.4990034,0.09770791
2024,15,Hawaii,White,Universal,Fixed (7%),24800.99996,317.3092027,0.0520731
2024,15,Hawaii,White,Partial emp.,Sliding scale,24800.99996,496.4990034,0.07915206
2024,15,Hawaii,White,Partial emp.,Fixed (7%),24800.99996,249.3092027,0.04137546
2024,15,Hawaii,White,Max emp.,Sliding scale,24800.99996,317.2969008,0.05207119
2024,15,Hawaii,White,Max emp.,Fixed (7%),24800.99996,70.1071,0.01199164
2024,15,Hawaii,Black,Universal,Sliding scale,2623.999999,61,0.1101083
2024,15,Hawaii,Black,Universal,Fixed (7%),2623.999999,61,0.1101083
2024,15,Hawaii,Black,Partial emp.,Sliding scale,2623.999999,61,0.1101083
2024,15,Hawaii,Black,Partial emp.,Fixed (7%),2623.999999,61,0.1101083
2024,15,Hawaii,Black,Max emp.,Sliding scale,2623.999999,61,0.1101083
2024,15,Hawaii,Black,Max emp.,Fixed (7%),2623.999999,61,0.1101083
2024,15,Hawaii,Hispanic,Universal,Sliding scale,11444.00002,154,0.10052219
2024,15,Hawaii,Hispanic,Universal,Fixed (7%),11444.00002,98,0.06639566
2024,15,Hawaii,Hispanic,Partial emp.,Sliding scale,11444.00002,154,0.10052219
2024,15,Hawaii,Hispanic,Partial emp.,Fixed (7%),11444.00002,98,0.06639566
2024,15,Hawaii,Hispanic,Max emp.,Sliding scale,11444.00002,154,0.10052219
2024,15,Hawaii,Hispanic,Max emp.,Fixed (7%),11444.00002,98,0.06639566
2024,15,Hawaii,Asian,Universal,Sliding scale,37902,589.3796003,0.06327097
2024,15,Hawaii,Asian,Universal,Fixed (7%),37902,106,0.0120021
2024,15,Hawaii,Asian,Partial emp.,Sliding scale,37902,589.3727003,0.06327028
2024,15,Hawaii,Asian,Partial emp.,Fixed (7%),37902,106,0.0120021
2024,15,Hawaii,Asian,Max emp.,Sliding scale,37902,589.3184003,0.06326482
2024,15,Hawaii,Asian,Max emp.,Fixed (7%),37902,106,0.0120021
2024,15,Hawaii,Other,Universal,Sliding scale,26118.99999,1274.796005,0.2231833
2024,15,Hawaii,Other,Universal,Fixed (7%),26118.99999,428,0.08797383
2024,15,Hawaii,Other,Partial emp.,Sliding scale,26118.99999,1204.796005,0.21354517
2024,15,Hawaii,Other,Partial emp.,Fixed (7%),26118.99999,428,0.08797383
2024,15,Hawaii,Other,Max emp.,Sliding scale,26118.99999,1143.796005,0.20494907
2024,15,Hawaii,Other,Max emp.,Fixed (7%),26118.99999,428,0.08797383
2024,15,Hawaii,People of Color,Universal,Sliding scale,78089,2079.175605,0.12149653
2024,15,Hawaii,People of Color,Universal,Fixed (7%),78089,693,0.04406471
2024,15,Hawaii,People of Color,Partial emp.,Sliding scale,78089,2009.168705,0.11788794
2024,15,Hawaii,People of Color,Partial emp.,Fixed (7%),78089,693,0.04406471
2024,15,Hawaii,People of Color,Max emp.,Sliding scale,78089,1948.114405,0.11471654
2024,15,Hawaii,People of Color,Max emp.,Fixed (7%),78089,693,0.04406471
2024,16,Idaho,Total,Universal,Sliding scale,183860.3476,29671.8321,0.27665884
2024,16,Idaho,Total,Universal,Fixed (7%),183860.3476,14424.87291,0.15678586
2024,16,Idaho,Total,Partial emp.,Sliding scale,183860.3476,28836.462,0.27098054
2024,16,Idaho,Total,Partial emp.,Fixed (7%),183860.3476,14399.97881,0.15655764
2024,16,Idaho,Total,Max emp.,Sliding scale,183860.3476,20934.52232,0.2125045
2024,16,Idaho,Total,Max emp.,Fixed (7%),183860.3476,10381.9569,0.11802943
2024,16,Idaho,White,Universal,Sliding scale,142189.3218,22615.21578,0.26469704
2024,16,Idaho,White,Universal,Fixed (7%),142189.3218,11554.3643,0.15534807
2024,16,Idaho,White,Partial emp.,Sliding scale,142189.3218,21787.10468,0.25750035
2024,16,Idaho,White,Partial emp.,Fixed (7%),142189.3218,11529.4702,0.15506527
2024,16,Idaho,White,Max emp.,Sliding scale,142189.3218,15218.54059,0.1950059
2024,16,Idaho,White,Max emp.,Fixed (7%),142189.3218,8451.531093,0.11857733
2024,16,Idaho,Black,Universal,Sliding scale,1344,577.9999962,0.81869688
2024,16,Idaho,Black,Universal,Fixed (7%),1344,0,0
2024,16,Idaho,Black,Partial emp.,Sliding scale,1344,577.9999962,0.81869688
2024,16,Idaho,Black,Partial emp.,Fixed (7%),1344,0,0
2024,16,Idaho,Black,Max emp.,Sliding scale,1344,577.9999962,0.81869688
2024,16,Idaho,Black,Max emp.,Fixed (7%),1344,0,0
2024,16,Idaho,Hispanic,Universal,Sliding scale,30020.21364,5137.457431,0.33618739
2024,16,Idaho,Hispanic,Universal,Fixed (7%),30020.21364,2244.981008,0.18120683
2024,16,Idaho,Hispanic,Partial emp.,Sliding scale,30020.21364,5137.457431,0.33618739
2024,16,Idaho,Hispanic,Partial emp.,Fixed (7%),30020.21364,2244.981008,0.18120683
2024,16,Idaho,Hispanic,Max emp.,Sliding scale,30020.21364,4356.915232,0.30045646
2024,16,Idaho,Hispanic,Max emp.,Fixed (7%),30020.21364,1703.661411,0.1437964
2024,16,Idaho,Asian,Universal,Sliding scale,3572.996899,656.7631989,0.25594632
2024,16,Idaho,Asian,Universal,Fixed (7%),3572.996899,398.7631989,0.17277291
2024,16,Idaho,Asian,Partial emp.,Sliding scale,3572.996899,656.7631989,0.25594632
2024,16,Idaho,Asian,Partial emp.,Fixed (7%),3572.996899,398.7631989,0.17277291
2024,16,Idaho,Asian,Max emp.,Sliding scale,3572.996899,258,0.11904454
2024,16,Idaho,Asian,Max emp.,Fixed (7%),3572.996899,0,0
2024,16,Idaho,Other,Universal,Sliding scale,6733.815182,684.395696,0.21000431
2024,16,Idaho,Other,Universal,Fixed (7%),6733.815182,226.7643999,0.08094887
2024,16,Idaho,Other,Partial emp.,Sliding scale,6733.815182,677.1366962,0.20824075
2024,16,Idaho,Other,Partial emp.,Fixed (7%),6733.815182,226.7643999,0.08094887
2024,16,Idaho,Other,Max emp.,Sliding scale,6733.815182,523.0664969,0.16886017
2024,16,Idaho,Other,Max emp.,Fixed (7%),6733.815182,226.7643999,0.08094887
2024,16,Idaho,People of Color,Universal,Sliding scale,41671.02573,7056.616322,0.32351237
2024,16,Idaho,People of Color,Universal,Fixed (7%),41671.02573,2870.508607,0.16285279
2024,16,Idaho,People of Color,Partial emp.,Sliding scale,41671.02573,7049.357322,0.32328716
2024,16,Idaho,People of Color,Partial emp.,Fixed (7%),41671.02573,2870.508607,0.16285279
2024,16,Idaho,People of Color,Max emp.,Sliding scale,41671.02573,5715.981725,0.27921145
2024,16,Idaho,People of Color,Max emp.,Fixed (7%),41671.02573,1930.425811,0.11568914
2024,17,Illinois,Total,Universal,Sliding scale,1020939.893,97900.73364,0.17528585
2024,17,Illinois,Total,Universal,Fixed (7%),1020939.893,39779.25138,0.07949507
2024,17,Illinois,Total,Partial emp.,Sliding scale,1020939.893,94024.69355,0.16952247
2024,17,Illinois,Total,Partial emp.,Fixed (7%),1020939.893,38810.87678,0.07771025
2024,17,Illinois,Total,Max emp.,Sliding scale,1020939.893,76783.77335,0.14287918
2024,17,Illinois,Total,Max emp.,Fixed (7%),1020939.893,32588.41798,0.06607437
2024,17,Illinois,White,Universal,Sliding scale,563900.6317,61412.4202,0.16593176
2024,17,Illinois,White,Universal,Fixed (7%),563900.6317,28317.14828,0.08402435
2024,17,Illinois,White,Partial emp.,Sliding scale,563900.6317,59028.6857,0.16052497
2024,17,Illinois,White,Partial emp.,Fixed (7%),563900.6317,27576.77368,0.08200763
2024,17,Illinois,White,Max emp.,Sliding scale,563900.6317,48065.4505,0.13472787
2024,17,Illinois,White,Max emp.,Fixed (7%),563900.6317,22806.26567,0.06879711
2024,17,Illinois,Black,Universal,Sliding scale,142941.9969,10399.73314,0.19192172
2024,17,Illinois,Black,Universal,Fixed (7%),142941.9969,3806.335399,0.07997516
2024,17,Illinois,Black,Partial emp.,Sliding scale,142941.9969,9991.733138,0.18579119
2024,17,Illinois,Black,Partial emp.,Fixed (7%),142941.9969,3806.335399,0.07997516
2024,17,Illinois,Black,Max emp.,Sliding scale,142941.9969,9194.414437,0.17353829
2024,17,Illinois,Black,Max emp.,Fixed (7%),142941.9969,3716.022799,0.07822603
2024,17,Illinois,Hispanic,Universal,Sliding scale,204426.2207,18717.20701,0.26223945
2024,17,Illinois,Hispanic,Universal,Fixed (7%),204426.2207,5485.381506,0.09434348
2024,17,Illinois,Hispanic,Partial emp.,Sliding scale,204426.2207,18205.90141,0.25691622
2024,17,Illinois,Hispanic,Partial emp.,Fixed (7%),204426.2207,5257.381506,0.09077807
2024,17,Illinois,Hispanic,Max emp.,Sliding scale,204426.2207,15603.90111,0.22859113
2024,17,Illinois,Hispanic,Max emp.,Fixed (7%),204426.2207,4881.469505,0.08483794
2024,17,Illinois,Asian,Universal,Sliding scale,69156.9729,5222.1748,0.1212155
2024,17,Illinois,Asian,Universal,Fixed (7%),69156.9729,1635.1304,0.04140126
2024,17,Illinois,Asian,Partial emp.,Sliding scale,69156.9729,5038.1748,0.11744615
2024,17,Illinois,Asian,Partial emp.,Fixed (7%),69156.9729,1635.1304,0.04140126
2024,17,Illinois,Asian,Max emp.,Sliding scale,69156.9729,2799.0668,0.06884311
2024,17,Illinois,Asian,Max emp.,Fixed (7%),69156.9729,825.8576,0.02134803
2024,17,Illinois,Other,Universal,Sliding scale,40514.0708,2149.198497,0.10870804
2024,17,Illinois,Other,Universal,Fixed (7%),40514.0708,535.2557994,0.02948023
2024,17,Illinois,Other,Partial emp.,Sliding scale,40514.0708,1760.198497,0.09081908
2024,17,Illinois,Other,Partial emp.,Fixed (7%),40514.0708,535.2557994,0.02948023
2024,17,Illinois,Other,Max emp.,Sliding scale,40514.0708,1120.940499,0.05980864
2024,17,Illinois,Other,Max emp.,Fixed (7%),40514.0708,358.8023996,0.01995566
2024,17,Illinois,People of Color,Universal,Sliding scale,457039.2613,36488.31345,0.19366034
2024,17,Illinois,People of Color,Universal,Fixed (7%),457039.2613,11462.1031,0.07015276
2024,17,Illinois,People of Color,Partial emp.,Sliding scale,457039.2613,34996.00784,0.18722285
2024,17,Illinois,People of Color,Partial emp.,Fixed (7%),457039.2613,11234.1031,0.06885339
2024,17,Illinois,People of Color,Max emp.,Sliding scale,457039.2613,28718.32285,0.15897747
2024,17,Illinois,People of Color,Max emp.,Fixed (7%),457039.2613,9782.152304,0.06049276
2024,18,Indiana,Total,Universal,Sliding scale,601062.9657,91600.05605,0.27820548
2024,18,Indiana,Total,Universal,Fixed (7%),601062.9657,49380.84465,0.17203829
2024,18,Indiana,Total,Partial emp.,Sliding scale,601062.9657,87246.45686,0.26853356
2024,18,Indiana,Total,Partial emp.,Fixed (7%),601062.9657,47245.94805,0.16583395
2024,18,Indiana,Total,Max emp.,Sliding scale,601062.9657,65016.31428,0.2148096
2024,18,Indiana,Total,Max emp.,Fixed (7%),601062.9657,36192.24147,0.13216303
2024,18,Indiana,White,Universal,Sliding scale,429745.3407,72391.08714,0.27357939
2024,18,Indiana,White,Universal,Fixed (7%),429745.3407,38414.27874,0.16656206
2024,18,Indiana,White,Partial emp.,Sliding scale,429745.3407,68468.78106,0.26264956
2024,18,Indiana,White,Partial emp.,Fixed (7%),429745.3407,36384.79265,0.15916292
2024,18,Indiana,White,Max emp.,Sliding scale,429745.3407,50991.26787,0.20966165
2024,18,Indiana,White,Max emp.,Fixed (7%),429745.3407,28084.61817,0.12748307
2024,18,Indiana,Black,Universal,Sliding scale,60925.0429,6320.513599,0.31372794
2024,18,Indiana,Black,Universal,Fixed (7%),60925.0429,3226.882,0.18922833
2024,18,Indiana,Black,Partial emp.,Sliding scale,60925.0429,6232.513599,0.31071714
2024,18,Indiana,Black,Partial emp.,Fixed (7%),60925.0429,3226.882,0.18922833
2024,18,Indiana,Black,Max emp.,Sliding scale,60925.0429,5566.513599,0.28704496
2024,18,Indiana,Black,Max emp.,Fixed (7%),60925.0429,2964.882,0.17657726
2024,18,Indiana,Hispanic,Universal,Sliding scale,65894.46359,9070.810201,0.33641709
2024,18,Indiana,Hispanic,Universal,Fixed (7%),65894.46359,5088.413304,0.2214222
2024,18,Indiana,Hispanic,Partial emp.,Sliding scale,65894.46359,8905.810201,0.33233129
2024,18,Indiana,Hispanic,Partial emp.,Fixed (7%),65894.46359,4991.413304,0.21812193
2024,18,Indiana,Hispanic,Max emp.,Sliding scale,65894.46359,6392.709506,0.26323817
2024,18,Indiana,Hispanic,Max emp.,Fixed (7%),65894.46359,3709.687004,0.17172993
2024,18,Indiana,Asian,Universal,Sliding scale,19645.0155,1695.249596,0.21709302
2024,18,Indiana,Asian,Universal,Fixed (7%),19645.0155,1041.249596,0.14553034
2024,18,Indiana,Asian,Partial emp.,Sliding scale,19645.0155,1695.249596,0.21709302
2024,18,Indiana,Asian,Partial emp.,Fixed (7%),19645.0155,1041.249596,0.14553034
2024,18,Indiana,Asian,Max emp.,Sliding scale,19645.0155,737.1787949,0.1076049
2024,18,Indiana,Asian,Max emp.,Fixed (7%),19645.0155,347.1787949,0.05373626
2024,18,Indiana,Other,Universal,Sliding scale,24853.103,2122.395505,0.21818114
2024,18,Indiana,Other,Universal,Fixed (7%),24853.103,1610.021004,0.1747117
2024,18,Indiana,Other,Partial emp.,Sliding scale,24853.103,1944.102406,0.20358409
2024,18,Indiana,Other,Partial emp.,Fixed (7%),24853.103,1601.610505,0.1739578
2024,18,Indiana,Other,Max emp.,Sliding scale,24853.103,1328.644505,0.14871901
2024,18,Indiana,Other,Max emp.,Fixed (7%),24853.103,1085.875502,0.12494028
2024,18,Indiana,People of Color,Universal,Sliding scale,171317.625,19208.9689,0.29714084
2024,18,Indiana,People of Color,Universal,Fixed (7%),171317.625,10966.5659,0.19443023
2024,18,Indiana,People of Color,Partial emp.,Sliding scale,171317.625,18777.6758,0.29242014
2024,18,Indiana,People of Color,Partial emp.,Fixed (7%),171317.625,10861.1554,0.19292191
2024,18,Indiana,People of Color,Max emp.,Sliding scale,171317.625,14025.04641,0.23586536
2024,18,Indiana,People of Color,Max emp.,Fixed (7%),171317.625,8107.623301,0.15141796
2024,19,Iowa,Total,Universal,Sliding scale,288239.2511,41437.37628,0.22833628
2024,19,Iowa,Total,Universal,Fixed (7%),288239.2511,18720.89959,0.11792043
2024,19,Iowa,Total,Partial emp.,Sliding scale,288239.2511,39880.39459,0.22165844
2024,19,Iowa,Total,Partial emp.,Fixed (7%),288239.2511,17638.65739,0.11186612
2024,19,Iowa,Total,Max emp.,Sliding scale,288239.2511,32784.90269,0.18970248
2024,19,Iowa,Total,Max emp.,Fixed (7%),288239.2511,15283.5192,0.09839934
2024,19,Iowa,White,Universal,Sliding scale,225804.839,35922.11388,0.22727048
2024,19,Iowa,White,Universal,Fixed (7%),225804.839,16232.0109,0.11730979
2024,19,Iowa,White,Partial emp.,Sliding scale,225804.839,34759.60359,0.221545
2024,19,Iowa,White,Partial emp.,Fixed (7%),225804.839,15386.7745,0.11188467
2024,19,Iowa,White,Max emp.,Sliding scale,225804.839,28224.47588,0.18771113
2024,19,Iowa,White,Max emp.,Fixed (7%),225804.839,13267.953,0.09798739
2024,19,Iowa,Black,Universal,Sliding scale,17557.99653,1112.345599,0.24455283
2024,19,Iowa,Black,Universal,Fixed (7%),17557.99653,489.8800001,0.12477769
2024,19,Iowa,Black,Partial emp.,Sliding scale,17557.99653,954.8800001,0.21746189
2024,19,Iowa,Black,Partial emp.,Fixed (7%),17557.99653,489.8800001,0.12477769
2024,19,Iowa,Black,Max emp.,Sliding scale,17557.99653,954.8800001,0.21746189
2024,19,Iowa,Black,Max emp.,Fixed (7%),17557.99653,489.8800001,0.12477769
2024,19,Iowa,Hispanic,Universal,Sliding scale,26910.50297,2477.095508,0.25386359
2024,19,Iowa,Hispanic,Universal,Fixed (7%),26910.50297,1206.139897,0.14212238
2024,19,Iowa,Hispanic,Partial emp.,Sliding scale,26910.50297,2298.095508,0.23992015
2024,19,Iowa,Hispanic,Partial emp.,Fixed (7%),26910.50297,1027.139897,0.12363815
2024,19,Iowa,Hispanic,Max emp.,Sliding scale,26910.50297,1941.802411,0.2105553
2024,19,Iowa,Hispanic,Max emp.,Fixed (7%),26910.50297,948.8590972,0.11530185
2024,19,Iowa,Asian,Universal,Sliding scale,6880.942891,742.0818954,0.19553776
2024,19,Iowa,Asian,Universal,Fixed (7%),6880.942891,467.8225942,0.13287308
2024,19,Iowa,Asian,Partial emp.,Sliding scale,6880.942891,742.0818954,0.19553776
2024,19,Iowa,Asian,Partial emp.,Fixed (7%),6880.942891,467.8225942,0.13287308
2024,19,Iowa,Asian,Max emp.,Sliding scale,6880.942891,606.0818992,0.16563767
2024,19,Iowa,Asian,Max emp.,Fixed (7%),6880.942891,331.822598,0.09803248
2024,19,Iowa,Other,Universal,Sliding scale,11084.96971,1183.739398,0.22270853
2024,19,Iowa,Other,Universal,Fixed (7%),11084.96971,325.0461987,0.07293751
2024,19,Iowa,Other,Partial emp.,Sliding scale,11084.96971,1125.733599,0.2141322
2024,19,Iowa,Other,Partial emp.,Fixed (7%),11084.96971,267.0403994,0.06071175
2024,19,Iowa,Other,Max emp.,Sliding scale,11084.96971,1057.6625,0.20382315
2024,19,Iowa,Other,Max emp.,Fixed (7%),11084.96971,245.0044994,0.05598234
2024,19,Iowa,People of Color,Universal,Sliding scale,62434.4121,5515.2624,0.2355304
2024,19,Iowa,People of Color,Universal,Fixed (7%),62434.4121,2488.88869,0.12206432
2024,19,Iowa,People of Color,Partial emp.,Sliding scale,62434.4121,5120.791002,0.22243149
2024,19,Iowa,People of Color,Partial emp.,Fixed (7%),62434.4121,2251.882891,0.1117395
2024,19,Iowa,People of Color,Max emp.,Sliding scale,62434.4121,4560.42681,0.20303291
2024,19,Iowa,People of Color,Max emp.,Fixed (7%),62434.4121,2015.566195,0.10120004
2024,20,Kansas,Total,Universal,Sliding scale,264418.3684,32499.70242,0.20141388
2024,20,Kansas,Total,Universal,Fixed (7%),264418.3684,10739.01791,0.07692865
2024,20,Kansas,Total,Partial emp.,Sliding scale,264418.3684,30808.09871,0.19295316
2024,20,Kansas,Total,Partial emp.,Fixed (7%),264418.3684,9997.857406,0.07200164
2024,20,Kansas,Total,Max emp.,Sliding scale,264418.3684,23258.95511,0.15290169
2024,20,Kansas,Total,Max emp.,Fixed (7%),264418.3684,7659.598602,0.056107
2024,20,Kansas,White,Universal,Sliding scale,183807.0384,22348.26062,0.18257061
2024,20,Kansas,White,Universal,Fixed (7%),183807.0384,7362.31381,0.06853578
2024,20,Kansas,White,Partial emp.,Sliding scale,183807.0384,21483.77511,0.17675663
2024,20,Kansas,White,Partial emp.,Fixed (7%),183807.0384,6759.430709,0.06327868
2024,20,Kansas,White,Max emp.,Sliding scale,183807.0384,16267.8307,0.13984398
2024,20,Kansas,White,Max emp.,Fixed (7%),183807.0384,5688.488605,0.05379232
2024,20,Kansas,Black,Universal,Sliding scale,13579,1285.6996,0.36301769
2024,20,Kansas,Black,Universal,Fixed (7%),13579,404,0.1518797
2024,20,Kansas,Black,Partial emp.,Sliding scale,13579,1285.6996,0.36301769
2024,20,Kansas,Black,Partial emp.,Fixed (7%),13579,404,0.1518797
2024,20,Kansas,Black,Max emp.,Sliding scale,13579,1166.6996,0.34087116
2024,20,Kansas,Black,Max emp.,Fixed (7%),13579,404,0.1518797
2024,20,Kansas,Hispanic,Universal,Sliding scale,42281.197,6355.5425,0.30733735
2024,20,Kansas,Hispanic,Universal,Fixed (7%),42281.197,2229.079698,0.13466395
2024,20,Kansas,Hispanic,Partial emp.,Sliding scale,42281.197,6251.194104,0.30382444
2024,20,Kansas,Hispanic,Partial emp.,Fixed (7%),42281.197,2229.079698,0.13466395
2024,20,Kansas,Hispanic,Max emp.,Sliding scale,42281.197,4541.585204,0.24073608
2024,20,Kansas,Hispanic,Max emp.,Fixed (7%),42281.197,1190.525898,0.07673707
2024,20,Kansas,Asian,Universal,Sliding scale,10720.02192,690.4505987,0.10182581
2024,20,Kansas,Asian,Universal,Fixed (7%),10720.02192,383.0279999,0.05917062
2024,20,Kansas,Asian,Partial emp.,Sliding scale,10720.02192,418.0129995,0.06422802
2024,20,Kansas,Asian,Partial emp.,Fixed (7%),10720.02192,272.0279999,0.04275637
2024,20,Kansas,Asian,Max emp.,Sliding scale,10720.02192,239.0129995,0.03776315
2024,20,Kansas,Asian,Max emp.,Fixed (7%),10720.02192,93.02799988,0.01504509
2024,20,Kansas,Other,Universal,Sliding scale,14031.11108,1819.749107,0.2289807
2024,20,Kansas,Other,Universal,Fixed (7%),14031.11108,360.5963997,0.05557881
2024,20,Kansas,Other,Partial emp.,Sliding scale,14031.11108,1369.416897,0.18266587
2024,20,Kansas,Other,Partial emp.,Fixed (7%),14031.11108,333.3189996,0.05159144
2024,20,Kansas,Other,Max emp.,Sliding scale,14031.11108,1043.826598,0.14555713
2024,20,Kansas,Other,Max emp.,Fixed (7%),14031.11108,283.5560999,0.04422976
2024,20,Kansas,People of Color,Universal,Sliding scale,80611.33,10151.44181,0.26063458
2024,20,Kansas,People of Color,Universal,Fixed (7%),80611.33,3376.704098,0.10495066
2024,20,Kansas,People of Color,Partial emp.,Sliding scale,80611.33,9324.3236,0.24459278
2024,20,Kansas,People of Color,Partial emp.,Fixed (7%),80611.33,3238.426698,0.10108733
2024,20,Kansas,People of Color,Max emp.,Sliding scale,80611.33,6991.124402,0.19534486
2024,20,Kansas,People of Color,Max emp.,Fixed (7%),80611.33,1971.109997,0.06406236
2024,21,Kentucky,Total,Universal,Sliding scale,409094.9668,50528.82774,0.24532333
2024,21,Kentucky,Total,Universal,Fixed (7%),409094.9668,25705.88021,0.14190748
2024,21,Kentucky,Total,Partial emp.,Sliding scale,409094.9668,47016.81882,0.23223196
2024,21,Kentucky,Total,Partial emp.,Fixed (7%),409094.9668,24128.16921,0.13436814
2024,21,Kentucky,Total,Max emp.,Sliding scale,409094.9668,36022.96472,0.18814639
2024,21,Kentucky,Total,Max emp.,Fixed (7%),409094.9668,18310.9664,0.10538659
2024,21,Kentucky,White,Universal,Sliding scale,325132.9117,44340.47602,0.24657928
2024,21,Kentucky,White,Universal,Fixed (7%),325132.9117,22269.36899,0.14116759
2024,21,Kentucky,White,Partial emp.,Sliding scale,325132.9117,41084.46711,0.23268566
2024,21,Kentucky,White,Partial emp.,Fixed (7%),325132.9117,20869.65799,0.13347904
2024,21,Kentucky,White,Max emp.,Sliding scale,325132.9117,31638.48261,0.1893155
2024,21,Kentucky,White,Max emp.,Fixed (7%),325132.9117,15816.36309,0.10453762
2024,21,Kentucky,Black,Universal,Sliding scale,33523.13003,2465.226907,0.25863571
2024,21,Kentucky,Black,Universal,Fixed (7%),33523.13003,1727.990907,0.19648716
2024,21,Kentucky,Black,Partial emp.,Sliding scale,33523.13003,2285.226907,0.24436598
2024,21,Kentucky,Black,Partial emp.,Fixed (7%),33523.13003,1625.990907,0.18705846
2024,21,Kentucky,Black,Max emp.,Sliding scale,33523.13003,1553.6829,0.18023927
2024,21,Kentucky,Black,Max emp.,Fixed (7%),33523.13003,1183.789399,0.1434858
2024,21,Kentucky,Hispanic,Universal,Sliding scale,26456.03252,1657.091902,0.26197921
2024,21,Kentucky,Hispanic,Universal,Fixed (7%),26456.03252,1066.444703,0.18596564
2024,21,Kentucky,Hispanic,Partial emp.,Sliding scale,26456.03252,1657.091902,0.26197921
2024,21,Kentucky,Hispanic,Partial emp.,Fixed (7%),26456.03252,1066.444703,0.18596564
2024,21,Kentucky,Hispanic,Max emp.,Sliding scale,26456.03252,1274.151101,0.21441911
2024,21,Kentucky,Hispanic,Max emp.,Fixed (7%),26456.03252,830.6443,0.1510583
2024,21,Kentucky,Asian,Universal,Sliding scale,8720.035706,655.1228011,0.17363332
2024,21,Kentucky,Asian,Universal,Fixed (7%),8720.035706,0,0
2024,21,Kentucky,Asian,Partial emp.,Sliding scale,8720.035706,655.1228011,0.17363332
2024,21,Kentucky,Asian,Partial emp.,Fixed (7%),8720.035706,0,0
2024,21,Kentucky,Asian,Max emp.,Sliding scale,8720.035706,407.1228011,0.11549502
2024,21,Kentucky,Asian,Max emp.,Fixed (7%),8720.035706,0,0
2024,21,Kentucky,Other,Universal,Sliding scale,15262.8568,1410.910107,0.21653223
2024,21,Kentucky,Other,Universal,Fixed (7%),15262.8568,642.0756087,0.11172165
2024,21,Kentucky,Other,Partial emp.,Sliding scale,15262.8568,1334.910105,0.20728625
2024,21,Kentucky,Other,Partial emp.,Fixed (7%),15262.8568,566.0756068,0.09981758
2024,21,Kentucky,Other,Max emp.,Sliding scale,15262.8568,1149.525306,0.18379022
2024,21,Kentucky,Other,Max emp.,Fixed (7%),15262.8568,480.1696064,0.08597186
2024,21,Kentucky,People of Color,Universal,Sliding scale,83962.05505,6188.351717,0.23668538
2024,21,Kentucky,People of Color,Universal,Fixed (7%),83962.05505,3436.511219,0.14689676
2024,21,Kentucky,People of Color,Partial emp.,Sliding scale,83962.05505,5932.351715,0.2291377
2024,21,Kentucky,People of Color,Partial emp.,Fixed (7%),83962.05505,3258.511217,0.14035593
2024,21,Kentucky,People of Color,Max emp.,Sliding scale,83962.05505,4384.482108,0.18011984
2024,21,Kentucky,People of Color,Max emp.,Fixed (7%),83962.05505,2494.603306,0.11110755
2024,22,Louisiana,Total,Universal,Sliding scale,422183.5144,44034.17714,0.21016136
2024,22,Louisiana,Total,Universal,Fixed (7%),422183.5144,24655.63585,0.12966617
2024,22,Louisiana,Total,Partial emp.,Sliding scale,422183.5144,40821.17895,0.19786084
2024,22,Louisiana,Total,Partial emp.,Fixed (7%),422183.5144,23374.29686,0.12376148
2024,22,Louisiana,Total,Max emp.,Sliding scale,422183.5144,31310.93193,0.15909839
2024,22,Louisiana,Total,Max emp.,Fixed (7%),422183.5144,18383.71693,0.09997937
2024,22,Louisiana,White,Universal,Sliding scale,227720.9209,28045.16526,0.18897664
2024,22,Louisiana,White,Universal,Fixed (7%),227720.9209,16354.54134,0.11962521
2024,22,Louisiana,White,Partial emp.,Sliding scale,227720.9209,26446.49625,0.18014491
2024,22,Louisiana,White,Partial emp.,Fixed (7%),227720.9209,15774.14504,0.11587182
2024,22,Louisiana,White,Max emp.,Sliding scale,227720.9209,19515.69862,0.13952143
2024,22,Louisiana,White,Max emp.,Fixed (7%),227720.9209,11763.62741,0.0890348
2024,22,Louisiana,Black,Universal,Sliding scale,131876.6264,10051.0845,0.26578532
2024,22,Louisiana,Black,Universal,Fixed (7%),131876.6264,5022.042018,0.15316936
2024,22,Louisiana,Black,Partial emp.,Sliding scale,131876.6264,8681.963906,0.23820509
2024,22,Louisiana,Black,Partial emp.,Fixed (7%),131876.6264,4321.099322,0.13467004
2024,22,Louisiana,Black,Max emp.,Sliding scale,131876.6264,7580.049218,0.21445574
2024,22,Louisiana,Black,Max emp.,Fixed (7%),131876.6264,3873.023323,0.12241492
2024,22,Louisiana,Hispanic,Universal,Sliding scale,35111.04513,2647.752091,0.2645974
2024,22,Louisiana,Hispanic,Universal,Fixed (7%),35111.04513,1273.266696,0.1475014
2024,22,Louisiana,Hispanic,Partial emp.,Sliding scale,35111.04513,2627.641091,0.26311645
2024,22,Louisiana,Hispanic,Partial emp.,Fixed (7%),35111.04513,1273.266696,0.1475014
2024,22,Louisiana,Hispanic,Max emp.,Sliding scale,35111.04513,1963.843091,0.21064924
2024,22,Louisiana,Hispanic,Max emp.,Fixed (7%),35111.04513,1186.527896,0.13884834
2024,22,Louisiana,Asian,Universal,Sliding scale,7131.989596,646.3152015,0.18087286
2024,22,Louisiana,Asian,Universal,Fixed (7%),7131.989596,328.2261,0.1008306
2024,22,Louisiana,Asian,Partial emp.,Sliding scale,7131.989596,535.3152015,0.15461205
2024,22,Louisiana,Asian,Partial emp.,Fixed (7%),7131.989596,328.2261,0.1008306
2024,22,Louisiana,Asian,Max emp.,Sliding scale,7131.989596,158.3152006,0.05131254
2024,22,Louisiana,Asian,Max emp.,Fixed (7%),7131.989596,9.620100021,0.00327591
2024,22,Louisiana,Other,Universal,Sliding scale,20342.93237,2643.860097,0.27190352
2024,22,Louisiana,Other,Universal,Fixed (7%),20342.93237,1677.559696,0.19156298
2024,22,Louisiana,Other,Partial emp.,Sliding scale,20342.93237,2529.762497,0.26325846
2024,22,Louisiana,Other,Partial emp.,Fixed (7%),20342.93237,1677.559696,0.19156298
2024,22,Louisiana,Other,Max emp.,Sliding scale,20342.93237,2093.025799,0.22818018
2024,22,Louisiana,Other,Max emp.,Fixed (7%),20342.93237,1550.918197,0.17970032
2024,22,Louisiana,People of Color,Universal,Sliding scale,194462.5935,15989.01189,0.26159986
2024,22,Louisiana,People of Color,Universal,Fixed (7%),194462.5935,8301.09451,0.15535756
2024,22,Louisiana,People of Color,Partial emp.,Sliding scale,194462.5935,14374.6827,0.24156784
2024,22,Louisiana,People of Color,Partial emp.,Fixed (7%),194462.5935,7600.151814,0.14412994
2024,22,Louisiana,People of Color,Max emp.,Sliding scale,194462.5935,11795.23331,0.20720172
2024,22,Louisiana,People of Color,Max emp.,Fixed (7%),194462.5935,6620.089517,0.1279215
2024,23,Maine,Total,Universal,Sliding scale,106924.8029,15192.47058,0.24947366
2024,23,Maine,Total,Universal,Fixed (7%),106924.8029,9371.395793,0.17015074
2024,23,Maine,Total,Partial emp.,Sliding scale,106924.8029,14474.35208,0.24051774
2024,23,Maine,Total,Partial emp.,Fixed (7%),106924.8029,9041.171791,0.16514522
2024,23,Maine,Total,Max emp.,Sliding scale,106924.8029,12140.21928,0.20987193
2024,23,Maine,Total,Max emp.,Fixed (7%),106924.8029,7537.123293,0.1415615
2024,23,Maine,White,Universal,Sliding scale,96347.89081,13992.42206,0.24758924
2024,23,Maine,White,Universal,Fixed (7%),96347.89081,8750.116386,0.17065954
2024,23,Maine,White,Partial emp.,Sliding scale,96347.89081,13274.30356,0.23790549
2024,23,Maine,White,Partial emp.,Fixed (7%),96347.89081,8419.892384,0.16528347
2024,23,Maine,White,Max emp.,Sliding scale,96347.89081,11100.40937,0.20700972
2024,23,Maine,White,Max emp.,Fixed (7%),96347.89081,6961.487388,0.14068236
2024,23,Maine,Black,Universal,Sliding scale,2049.000002,318,0.28830462
2024,23,Maine,Black,Universal,Fixed (7%),2049.000002,0,0
2024,23,Maine,Black,Partial emp.,Sliding scale,2049.000002,318,0.28830462
2024,23,Maine,Black,Partial emp.,Fixed (7%),2049.000002,0,0
2024,23,Maine,Black,Max emp.,Sliding scale,2049.000002,318,0.28830462
2024,23,Maine,Black,Max emp.,Fixed (7%),2049.000002,0,0
2024,23,Maine,Hispanic,Universal,Sliding scale,3122.99708,143.587307,0.18755184
2024,23,Maine,Hispanic,Universal,Fixed (7%),3122.99708,0,0
2024,23,Maine,Hispanic,Partial emp.,Sliding scale,3122.99708,143.587307,0.18755184
2024,23,Maine,Hispanic,Partial emp.,Fixed (7%),3122.99708,0,0
2024,23,Maine,Hispanic,Max emp.,Sliding scale,3122.99708,134.1130066,0.17737164
2024,23,Maine,Hispanic,Max emp.,Fixed (7%),3122.99708,0,0
2024,23,Maine,Asian,Universal,Sliding scale,1771.00001,0,0
2024,23,Maine,Asian,Universal,Fixed (7%),1771.00001,0,0
2024,23,Maine,Asian,Partial emp.,Sliding scale,1771.00001,0,0
2024,23,Maine,Asian,Partial emp.,Fixed (7%),1771.00001,0,0
2024,23,Maine,Asian,Max emp.,Sliding scale,1771.00001,0,0
2024,23,Maine,Asian,Max emp.,Fixed (7%),1771.00001,0,0
2024,23,Maine,Other,Universal,Sliding scale,3633.915015,738.4612064,0.37507287
2024,23,Maine,Other,Universal,Fixed (7%),3633.915015,621.2794065,0.33552464
2024,23,Maine,Other,Partial emp.,Sliding scale,3633.915015,738.4612064,0.37507287
2024,23,Maine,Other,Partial emp.,Fixed (7%),3633.915015,621.2794065,0.33552464
2024,23,Maine,Other,Max emp.,Sliding scale,3633.915015,587.6969056,0.32325087
2024,23,Maine,Other,Max emp.,Fixed (7%),3633.915015,575.6359053,0.31873139
2024,23,Maine,People of Color,Universal,Sliding scale,10576.91211,1200.048513,0.273769
2024,23,Maine,People of Color,Universal,Fixed (7%),10576.91211,621.2794065,0.16329409
2024,23,Maine,People of Color,Partial emp.,Sliding scale,10576.91211,1200.048513,0.273769
2024,23,Maine,People of Color,Partial emp.,Fixed (7%),10576.91211,621.2794065,0.16329409
2024,23,Maine,People of Color,Max emp.,Sliding scale,10576.91211,1039.809912,0.24621398
2024,23,Maine,People of Color,Max emp.,Fixed (7%),10576.91211,575.6359053,0.15313449
2024,24,Maryland,Total,Universal,Sliding scale,529349.3833,88041.82678,0.29108458
2024,24,Maryland,Total,Universal,Fixed (7%),529349.3833,47444.65088,0.1811804
2024,24,Maryland,Total,Partial emp.,Sliding scale,529349.3833,83494.62848,0.28026408
2024,24,Maryland,Total,Partial emp.,Fixed (7%),529349.3833,45901.64588,0.176327
2024,24,Maryland,Total,Max emp.,Sliding scale,529349.3833,69958.92738,0.24600645
2024,24,Maryland,Total,Max emp.,Fixed (7%),529349.3833,39308.82049,0.15492484
2024,24,Maryland,White,Universal,Sliding scale,226140.7311,42851.12218,0.26863117
2024,24,Maryland,White,Universal,Fixed (7%),226140.7311,23073.27778,0.16511728
2024,24,Maryland,White,Partial emp.,Sliding scale,226140.7311,40708.58998,0.25867412
2024,24,Maryland,White,Partial emp.,Fixed (7%),226140.7311,22445.04718,0.1613469
2024,24,Maryland,White,Max emp.,Sliding scale,226140.7311,33320.58848,0.22215794
2024,24,Maryland,White,Max emp.,Fixed (7%),226140.7311,19426.15819,0.14274325
2024,24,Maryland,Black,Universal,Sliding scale,159195.4344,23388.4701,0.31692607
2024,24,Maryland,Black,Universal,Fixed (7%),159195.4344,12451.5246,0.19808051
2024,24,Maryland,Black,Partial emp.,Sliding scale,159195.4344,21474.4701,0.29873836
2024,24,Maryland,Black,Partial emp.,Fixed (7%),159195.4344,11573.5246,0.18672117
2024,24,Maryland,Black,Max emp.,Sliding scale,159195.4344,19766.0675,0.28166633
2024,24,Maryland,Black,Max emp.,Fixed (7%),159195.4344,10602.5246,0.1737779
2024,24,Maryland,Hispanic,Universal,Sliding scale,76933.0982,9315.03441,0.35494619
2024,24,Maryland,Hispanic,Universal,Fixed (7%),76933.0982,4298.878404,0.20251597
2024,24,Maryland,Hispanic,Partial emp.,Sliding scale,76933.0982,8974.36831,0.34646264
2024,24,Maryland,Hispanic,Partial emp.,Fixed (7%),76933.0982,4262.104005,0.201132
2024,24,Maryland,Hispanic,Max emp.,Sliding scale,76933.0982,7860.770707,0.31710404
2024,24,Maryland,Hispanic,Max emp.,Fixed (7%),76933.0982,3945.167603,0.18900234
2024,24,Maryland,Asian,Universal,Sliding scale,40350.03151,6246,0.24718003
2024,24,Maryland,Asian,Universal,Fixed (7%),40350.03151,3941,0.17161621
2024,24,Maryland,Asian,Partial emp.,Sliding scale,40350.03151,6246,0.24718003
2024,24,Maryland,Asian,Partial emp.,Fixed (7%),40350.03151,3941,0.17161621
2024,24,Maryland,Asian,Max emp.,Sliding scale,40350.03151,3616,0.15972415
2024,24,Maryland,Asian,Max emp.,Fixed (7%),40350.03151,2228,0.10484197
2024,24,Maryland,Other,Universal,Sliding scale,26730.08812,6241.200095,0.35392309
2024,24,Maryland,Other,Universal,Fixed (7%),26730.08812,3679.970098,0.24414139
2024,24,Maryland,Other,Partial emp.,Sliding scale,26730.08812,6091.200095,0.34838033
2024,24,Maryland,Other,Partial emp.,Fixed (7%),26730.08812,3679.970098,0.24414139
2024,24,Maryland,Other,Max emp.,Sliding scale,26730.08812,5395.500695,0.32137806
2024,24,Maryland,Other,Max emp.,Fixed (7%),26730.08812,3106.970098,0.21427217
2024,24,Maryland,People of Color,Universal,Sliding scale,303208.6522,45190.7046,0.31614104
2024,24,Maryland,People of Color,Universal,Fixed (7%),303208.6522,24371.3731,0.19956019
2024,24,Maryland,People of Color,Partial emp.,Sliding scale,303208.6522,42786.0385,0.3044401
2024,24,Maryland,People of Color,Partial emp.,Fixed (7%),303208.6522,23456.5987,0.19351929
2024,24,Maryland,People of Color,Max emp.,Sliding scale,303208.6522,36638.3389,0.27262212
2024,24,Maryland,People of Color,Max emp.,Fixed (7%),303208.6522,19882.6623,0.16901749
2024,25,Massachusetts,Total,Universal,Sliding scale,549544.7003,86486.8138,0.31022823
2024,25,Massachusetts,Total,Universal,Fixed (7%),549544.7003,49071.9855,0.20330636
2024,25,Massachusetts,Total,Partial emp.,Sliding scale,549544.7003,83735.81379,0.30335384
2024,25,Massachusetts,Total,Partial emp.,Fixed (7%),549544.7003,48049.9855,0.19991868
2024,25,Massachusetts,Total,Max emp.,Sliding scale,549544.7003,72534.6778,0.27388905
2024,25,Massachusetts,Total,Max emp.,Fixed (7%),549544.7003,43594.9855,0.18480858
2024,25,Massachusetts,White,Universal,Sliding scale,321806.5519,58598.8394,0.29856468
2024,25,Massachusetts,White,Universal,Fixed (7%),321806.5519,33883.9855,0.19751249
2024,25,Massachusetts,White,Partial emp.,Sliding scale,321806.5519,56831.83939,0.29219231
2024,25,Massachusetts,White,Partial emp.,Fixed (7%),321806.5519,33292.9855,0.19473837
2024,25,Massachusetts,White,Max emp.,Sliding scale,321806.5519,49113.83939,0.26294529
2024,25,Massachusetts,White,Max emp.,Fixed (7%),321806.5519,29868.9855,0.17828118
2024,25,Massachusetts,Black,Universal,Sliding scale,38909.01189,5153,0.39275915
2024,25,Massachusetts,Black,Universal,Fixed (7%),38909.01189,2365,0.2289005
2024,25,Massachusetts,Black,Partial emp.,Sliding scale,38909.01189,5054,0.38814223
2024,25,Massachusetts,Black,Partial emp.,Fixed (7%),38909.01189,2266,0.22144044
2024,25,Massachusetts,Black,Max emp.,Sliding scale,38909.01189,4142,0.34205963
2024,25,Massachusetts,Black,Max emp.,Fixed (7%),38909.01189,2266,0.22144044
2024,25,Massachusetts,Hispanic,Universal,Sliding scale,93435.0629,11002.13599,0.41175431
2024,25,Massachusetts,Hispanic,Universal,Fixed (7%),93435.0629,6518.999999,0.2931599
2024,25,Massachusetts,Hispanic,Partial emp.,Sliding scale,93435.0629,10508.13599,0.40067402
2024,25,Massachusetts,Hispanic,Partial emp.,Fixed (7%),93435.0629,6248.999999,0.28447201
2024,25,Massachusetts,Hispanic,Max emp.,Sliding scale,93435.0629,9371,0.37351013
2024,25,Massachusetts,Hispanic,Max emp.,Fixed (7%),93435.0629,5869,0.27187645
2024,25,Massachusetts,Asian,Universal,Sliding scale,46880,6228.999998,0.22912529
2024,25,Massachusetts,Asian,Universal,Fixed (7%),46880,3751.999998,0.1518475
2024,25,Massachusetts,Asian,Partial emp.,Sliding scale,46880,6228.999998,0.22912529
2024,25,Massachusetts,Asian,Partial emp.,Fixed (7%),46880,3751.999998,0.1518475
2024,25,Massachusetts,Asian,Max emp.,Sliding scale,46880,5330.999998,0.20279215
2024,25,Massachusetts,Asian,Max emp.,Fixed (7%),46880,3320.999998,0.13679051
2024,25,Massachusetts,Other,Universal,Sliding scale,48514.0736,5503.838409,0.35531929
2024,25,Massachusetts,Other,Universal,Fixed (7%),48514.0736,2552,0.20354123
2024,25,Massachusetts,Other,Partial emp.,Sliding scale,48514.0736,5112.838409,0.33862462
2024,25,Massachusetts,Other,Partial emp.,Fixed (7%),48514.0736,2490,0.1995832
2024,25,Massachusetts,Other,Max emp.,Sliding scale,48514.0736,4576.838409,0.31428203
2024,25,Massachusetts,Other,Max emp.,Fixed (7%),48514.0736,2270,0.1852154
2024,25,Massachusetts,People of Color,Universal,Sliding scale,227738.1484,27887.9744,0.33797057
2024,25,Massachusetts,People of Color,Universal,Fixed (7%),227738.1484,15188,0.21754322
2024,25,Massachusetts,People of Color,Partial emp.,Sliding scale,227738.1484,26903.9744,0.32998061
2024,25,Massachusetts,People of Color,Partial emp.,Fixed (7%),227738.1484,14757,0.21268282
2024,25,Massachusetts,People of Color,Max emp.,Sliding scale,227738.1484,23420.83841,0.30007923
2024,25,Massachusetts,People of Color,Max emp.,Fixed (7%),227738.1484,13726,0.20080753
2024,26,Michigan,Total,Universal,Sliding scale,808763.1914,115179.7959,0.24971256
2024,26,Michigan,Total,Universal,Fixed (7%),808763.1914,58717.10103,0.14505685
2024,26,Michigan,Total,Partial emp.,Sliding scale,808763.1914,110638.3514,0.2422518
2024,26,Michigan,Total,Partial emp.,Fixed (7%),808763.1914,56844.06852,0.14108246
2024,26,Michigan,Total,Max emp.,Sliding scale,808763.1914,82650.60345,0.19278444
2024,26,Michigan,Total,Max emp.,Fixed (7%),808763.1914,44090.88273,0.11300701
2024,26,Michigan,White,Universal,Sliding scale,557874.4856,82695.26847,0.23875065
2024,26,Michigan,White,Universal,Fixed (7%),557874.4856,40760.74963,0.13389108
2024,26,Michigan,White,Partial emp.,Sliding scale,557874.4856,79481.82056,0.23162195
2024,26,Michigan,White,Partial emp.,Fixed (7%),557874.4856,39449.02513,0.13014308
2024,26,Michigan,White,Max emp.,Sliding scale,557874.4856,60070.91945,0.18555164
2024,26,Michigan,White,Max emp.,Fixed (7%),557874.4856,31021.53354,0.10526731
2024,26,Michigan,Black,Universal,Sliding scale,111651,12828.15059,0.30199752
2024,26,Michigan,Black,Universal,Fixed (7%),111651,6867.481697,0.18806259
2024,26,Michigan,Black,Partial emp.,Sliding scale,111651,12224.15059,0.29192929
2024,26,Michigan,Black,Partial emp.,Fixed (7%),111651,6817.481697,0.18694934
2024,26,Michigan,Black,Max emp.,Sliding scale,111651,10212.15059,0.25618974
2024,26,Michigan,Black,Max emp.,Fixed (7%),111651,6276.481697,0.17470583
2024,26,Michigan,Hispanic,Universal,Sliding scale,54351.87349,5844.0236,0.25740109
2024,26,Michigan,Hispanic,Universal,Fixed (7%),54351.87349,3483.7592,0.17124516
2024,26,Michigan,Hispanic,Partial emp.,Sliding scale,54351.87349,5797.0236,0.25586063
2024,26,Michigan,Hispanic,Partial emp.,Fixed (7%),54351.87349,3483.7592,0.17124516
2024,26,Michigan,Hispanic,Max emp.,Sliding scale,54351.87349,4094.260001,0.19539095
2024,26,Michigan,Hispanic,Max emp.,Fixed (7%),54351.87349,2355.276201,0.12257353
2024,26,Michigan,Asian,Universal,Sliding scale,36719.9903,7214,0.28176143
2024,26,Michigan,Asian,Universal,Fixed (7%),36719.9903,4345,0.19112158
2024,26,Michigan,Asian,Partial emp.,Sliding scale,36719.9903,6878,0.2722104
2024,26,Michigan,Asian,Partial emp.,Fixed (7%),36719.9903,4009,0.17898744
2024,26,Michigan,Asian,Max emp.,Sliding scale,36719.9903,2908,0.13654364
2024,26,Michigan,Asian,Max emp.,Fixed (7%),36719.9903,1942,0.09551812
2024,26,Michigan,Other,Universal,Sliding scale,48165.84201,6598.3532,0.27381351
2024,26,Michigan,Other,Universal,Fixed (7%),48165.84201,3260.110498,0.15704004
2024,26,Michigan,Other,Partial emp.,Sliding scale,48165.84201,6257.356599,0.26339017
2024,26,Michigan,Other,Partial emp.,Fixed (7%),48165.84201,3084.802498,0.14986095
2024,26,Michigan,Other,Max emp.,Sliding scale,48165.84201,5365.2734,0.23465104
2024,26,Michigan,Other,Max emp.,Fixed (7%),48165.84201,2495.591299,0.12480939
2024,26,Michigan,People of Color,Universal,Sliding scale,250888.7058,32484.52739,0.28276225
2024,26,Michigan,People of Color,Universal,Fixed (7%),250888.7058,17956.35139,0.17892893
2024,26,Michigan,People of Color,Partial emp.,Sliding scale,250888.7058,31156.53079,0.27437432
2024,26,Michigan,People of Color,Partial emp.,Fixed (7%),250888.7058,17395.04339,0.17431065
2024,26,Michigan,People of Color,Max emp.,Sliding scale,250888.7058,22579.68399,0.2150897
2024,26,Michigan,People of Color,Max emp.,Fixed (7%),250888.7058,13069.3492,0.13689819
2024,27,Minnesota,Total,Universal,Sliding scale,481441.3997,107260.3724,0.36505722
2024,27,Minnesota,Total,Universal,Fixed (7%),481441.3997,59916.52603,0.24309459
2024,27,Minnesota,Total,Partial emp.,Sliding scale,481441.3997,105508.9367,0.36124966
2024,27,Minnesota,Total,Partial emp.,Fixed (7%),481441.3997,59393.08333,0.24148371
2024,27,Minnesota,Total,Max emp.,Sliding scale,481441.3997,88760.84876,0.3223934
2024,27,Minnesota,Total,Max emp.,Fixed (7%),481441.3997,51209.32403,0.21537615
2024,27,Minnesota,White,Universal,Sliding scale,348612.6424,85242.62518,0.3553849
2024,27,Minnesota,White,Universal,Fixed (7%),348612.6424,47568.25435,0.2352702
2024,27,Minnesota,White,Partial emp.,Sliding scale,348612.6424,83603.14098,0.35094852
2024,27,Minnesota,White,Partial emp.,Fixed (7%),348612.6424,47088.01315,0.23344945
2024,27,Minnesota,White,Max emp.,Sliding scale,348612.6424,71622.09217,0.31657646
2024,27,Minnesota,White,Max emp.,Fixed (7%),348612.6424,41592.39075,0.2119792
2024,27,Minnesota,Black,Universal,Sliding scale,44147.59867,4961.839096,0.47215863
2024,27,Minnesota,Black,Universal,Fixed (7%),44147.59867,2737.327293,0.3304224
2024,27,Minnesota,Black,Partial emp.,Sliding scale,44147.59867,4961.839096,0.47215863
2024,27,Minnesota,Black,Partial emp.,Fixed (7%),44147.59867,2737.327293,0.3304224
2024,27,Minnesota,Black,Max emp.,Sliding scale,44147.59867,4961.839096,0.47215863
2024,27,Minnesota,Black,Max emp.,Fixed (7%),44147.59867,2737.327293,0.3304224
2024,27,Minnesota,Hispanic,Universal,Sliding scale,35559.89511,5392.196984,0.36455196
2024,27,Minnesota,Hispanic,Universal,Fixed (7%),35559.89511,3151.244185,0.25108823
2024,27,Minnesota,Hispanic,Partial emp.,Sliding scale,35559.89511,5372.196984,0.36369158
2024,27,Minnesota,Hispanic,Partial emp.,Fixed (7%),35559.89511,3131.244185,0.24989288
2024,27,Minnesota,Hispanic,Max emp.,Sliding scale,35559.89511,3965.182491,0.29669995
2024,27,Minnesota,Hispanic,Max emp.,Fixed (7%),35559.89511,2426.170896,0.20516828
2024,27,Minnesota,Asian,Universal,Sliding scale,31703.991,7329.382504,0.42262859
2024,27,Minnesota,Asian,Universal,Fixed (7%),31703.991,4139.170405,0.29247622
2024,27,Minnesota,Asian,Partial emp.,Sliding scale,31703.991,7329.382504,0.42262859
2024,27,Minnesota,Asian,Partial emp.,Fixed (7%),31703.991,4139.170405,0.29247622
2024,27,Minnesota,Asian,Max emp.,Sliding scale,31703.991,4560.3674,0.31292497
2024,27,Minnesota,Asian,Max emp.,Fixed (7%),31703.991,2627.6188,0.20787122
2024,27,Minnesota,Other,Universal,Sliding scale,21417.27252,4334.3286,0.38304515
2024,27,Minnesota,Other,Universal,Fixed (7%),21417.27252,2320.529801,0.24947502
2024,27,Minnesota,Other,Partial emp.,Sliding scale,21417.27252,4242.3771,0.37799058
2024,27,Minnesota,Other,Partial emp.,Fixed (7%),21417.27252,2297.328301,0.24759827
2024,27,Minnesota,Other,Max emp.,Sliding scale,21417.27252,3651.367598,0.34341604
2024,27,Minnesota,Other,Max emp.,Fixed (7%),21417.27252,1825.816298,0.20731566
2024,27,Minnesota,People of Color,Universal,Sliding scale,132828.7573,22017.74718,0.40805373
2024,27,Minnesota,People of Color,Universal,Fixed (7%),132828.7573,12348.27169,0.27881449
2024,27,Minnesota,People of Color,Partial emp.,Sliding scale,132828.7573,21905.79568,0.40682301
2024,27,Minnesota,People of Color,Partial emp.,Fixed (7%),132828.7573,12305.07019,0.27811032
2024,27,Minnesota,People of Color,Max emp.,Sliding scale,132828.7573,17138.75658,0.34920774
2024,27,Minnesota,People of Color,Max emp.,Fixed (7%),132828.7573,9616.933287,0.23141466
2024,28,Mississippi,Total,Universal,Sliding scale,267795.5553,23199.37639,0.16919954
2024,28,Mississippi,Total,Universal,Fixed (7%),267795.5553,9673.339199,0.07827182
2024,28,Mississippi,Total,Partial emp.,Sliding scale,267795.5553,21879.60699,0.16112499
2024,28,Mississippi,Total,Partial emp.,Fixed (7%),267795.5553,9142.486498,0.07429555
2024,28,Mississippi,Total,Max emp.,Sliding scale,267795.5553,17999.05648,0.13644724
2024,28,Mississippi,Total,Max emp.,Fixed (7%),267795.5553,7842.913591,0.06441497
2024,28,Mississippi,White,Universal,Sliding scale,144801.6923,11739.3245,0.13121724
2024,28,Mississippi,White,Universal,Fixed (7%),144801.6923,4380.0964,0.05334713
2024,28,Mississippi,White,Partial emp.,Sliding scale,144801.6923,11175.8177,0.1257104
2024,28,Mississippi,White,Partial emp.,Fixed (7%),144801.6923,4171.512304,0.05093609
2024,28,Mississippi,White,Max emp.,Sliding scale,144801.6923,8656.034395,0.10020703
2024,28,Mississippi,White,Max emp.,Fixed (7%),144801.6923,3188.207297,0.03940257
2024,28,Mississippi,Black,Universal,Sliding scale,100394.9949,8636.47049,0.23057433
2024,28,Mississippi,Black,Universal,Fixed (7%),100394.9949,4569.3354,0.13685068
2024,28,Mississippi,Black,Partial emp.,Sliding scale,100394.9949,8017.219282,0.21763987
2024,28,Mississippi,Black,Partial emp.,Fixed (7%),100394.9949,4247.066794,0.12843847
2024,28,Mississippi,Black,Max emp.,Sliding scale,100394.9949,7408.665182,0.20449806
2024,28,Mississippi,Black,Max emp.,Fixed (7%),100394.9949,4090.978793,0.12430487
2024,28,Mississippi,Hispanic,Universal,Sliding scale,11118.93041,1698.285302,0.36797914
2024,28,Mississippi,Hispanic,Universal,Fixed (7%),11118.93041,345.424298,0.10588347
2024,28,Mississippi,Hispanic,Partial emp.,Sliding scale,11118.93041,1694.480702,0.36745769
2024,28,Mississippi,Hispanic,Partial emp.,Fixed (7%),11118.93041,345.424298,0.10588347
2024,28,Mississippi,Hispanic,Max emp.,Sliding scale,11118.93041,1131.923903,0.27956981
2024,28,Mississippi,Hispanic,Max emp.,Fixed (7%),11118.93041,303.2412994,0.09417071
2024,28,Mississippi,Asian,Universal,Sliding scale,3009.970197,363.2378008,0.216473
2024,28,Mississippi,Asian,Universal,Fixed (7%),3009.970197,172.2378008,0.11583045
2024,28,Mississippi,Asian,Partial emp.,Sliding scale,3009.970197,363.2378008,0.216473
2024,28,Mississippi,Asian,Partial emp.,Fixed (7%),3009.970197,172.2378008,0.11583045
2024,28,Mississippi,Asian,Max emp.,Sliding scale,3009.970197,251.7530005,0.16071079
2024,28,Mississippi,Asian,Max emp.,Fixed (7%),3009.970197,60.7530005,0.04416803
2024,28,Mississippi,Other,Universal,Sliding scale,8469.96751,762.058303,0.19548818
2024,28,Mississippi,Other,Universal,Fixed (7%),8469.96751,206.2453007,0.0617054
2024,28,Mississippi,Other,Partial emp.,Sliding scale,8469.96751,628.8515002,0.16702451
2024,28,Mississippi,Other,Partial emp.,Fixed (7%),8469.96751,206.2453007,0.0617054
2024,28,Mississippi,Other,Max emp.,Sliding scale,8469.96751,550.6800002,0.14936312
2024,28,Mississippi,Other,Max emp.,Fixed (7%),8469.96751,199.7332004,0.05987373
2024,28,Mississippi,People of Color,Universal,Sliding scale,122993.863,11460.0519,0.24051626
2024,28,Mississippi,People of Color,Universal,Fixed (7%),122993.863,5293.2428,0.12760671
2024,28,Mississippi,People of Color,Partial emp.,Sliding scale,122993.863,10703.78928,0.22826735
2024,28,Mississippi,People of Color,Partial emp.,Fixed (7%),122993.863,4970.974194,0.12077595
2024,28,Mississippi,People of Color,Max emp.,Sliding scale,122993.863,9343.022086,0.20520272
2024,28,Mississippi,People of Color,Max emp.,Fixed (7%),122993.863,4654.706293,0.11396757
2024,29,Missouri,Total,Universal,Sliding scale,535576.8039,87900.46296,0.27864612
2024,29,Missouri,Total,Universal,Fixed (7%),535576.8039,47260.33685,0.1719712
2024,29,Missouri,Total,Partial emp.,Sliding scale,535576.8039,85634.55427,0.27342717
2024,29,Missouri,Total,Partial emp.,Fixed (7%),535576.8039,46028.12635,0.16824178
2024,29,Missouri,Total,Max emp.,Sliding scale,535576.8039,69245.02188,0.23330525
2024,29,Missouri,Total,Max emp.,Fixed (7%),535576.8039,37387.91774,0.14111684
2024,29,Missouri,White,Universal,Sliding scale,404739.8021,68668.53107,0.26128192
2024,29,Missouri,White,Universal,Fixed (7%),404739.8021,35981.81364,0.15635618
2024,29,Missouri,White,Partial emp.,Sliding scale,404739.8021,66907.85718,0.25629964
2024,29,Missouri,White,Partial emp.,Fixed (7%),404739.8021,35187.63964,0.15343467
2024,29,Missouri,White,Max emp.,Sliding scale,404739.8021,54452.21958,0.21903757
2024,29,Missouri,White,Max emp.,Fixed (7%),404739.8021,28564.88704,0.12826029
2024,29,Missouri,Black,Universal,Sliding scale,60455.0666,8614.361787,0.49021035
2024,29,Missouri,Black,Universal,Fixed (7%),60455.0666,5368.0181,0.37469302
2024,29,Missouri,Black,Partial emp.,Sliding scale,60455.0666,8307.379389,0.48114639
2024,29,Missouri,Black,Partial emp.,Fixed (7%),60455.0666,5089.981602,0.36231737
2024,29,Missouri,Black,Max emp.,Sliding scale,60455.0666,6962.679193,0.43732389
2024,29,Missouri,Black,Max emp.,Fixed (7%),60455.0666,4202.400002,0.31931129
2024,29,Missouri,Hispanic,Universal,Sliding scale,31005.9042,4915.295803,0.3534505
2024,29,Missouri,Hispanic,Universal,Fixed (7%),31005.9042,2454.745801,0.21446221
2024,29,Missouri,Hispanic,Partial emp.,Sliding scale,31005.9042,4755.295803,0.34592515
2024,29,Missouri,Hispanic,Partial emp.,Fixed (7%),31005.9042,2294.745801,0.2033258
2024,29,Missouri,Hispanic,Max emp.,Sliding scale,31005.9042,3162.568207,0.26021068
2024,29,Missouri,Hispanic,Max emp.,Fixed (7%),31005.9042,1814.871903,0.1679476
2024,29,Missouri,Asian,Universal,Sliding scale,13361.98321,1401.1968,0.18230514
2024,29,Missouri,Asian,Universal,Fixed (7%),13361.98321,1242.1968,0.16503218
2024,29,Missouri,Asian,Partial emp.,Sliding scale,13361.98321,1401.1968,0.18230514
2024,29,Missouri,Asian,Partial emp.,Fixed (7%),13361.98321,1242.1968,0.16503218
2024,29,Missouri,Asian,Max emp.,Sliding scale,13361.98321,1078,0.14641168
2024,29,Missouri,Asian,Max emp.,Fixed (7%),13361.98321,985,0.13549203
2024,29,Missouri,Other,Universal,Sliding scale,26014.04779,4301.077499,0.31916056
2024,29,Missouri,Other,Universal,Fixed (7%),26014.04779,2213.562505,0.19436475
2024,29,Missouri,Other,Partial emp.,Sliding scale,26014.04779,4262.825098,0.31722249
2024,29,Missouri,Other,Partial emp.,Fixed (7%),26014.04779,2213.562505,0.19436475
2024,29,Missouri,Other,Max emp.,Sliding scale,26014.04779,3589.554903,0.28120959
2024,29,Missouri,Other,Max emp.,Fixed (7%),26014.04779,1820.758804,0.16558525
2024,29,Missouri,People of Color,Universal,Sliding scale,130837.0018,19231.93189,0.36533711
2024,29,Missouri,People of Color,Universal,Fixed (7%),130837.0018,11278.52321,0.2523826
2024,29,Missouri,People of Color,Partial emp.,Sliding scale,130837.0018,18726.69709,0.35918682
2024,29,Missouri,People of Color,Partial emp.,Fixed (7%),130837.0018,10840.48671,0.24498186
2024,29,Missouri,People of Color,Max emp.,Sliding scale,130837.0018,14792.8023,0.30688885
2024,29,Missouri,People of Color,Max emp.,Fixed (7%),130837.0018,8823.030709,0.20891465
2024,30,Montana,Total,Universal,Sliding scale,95373.7791,21428.64971,0.36152366
2024,30,Montana,Total,Universal,Fixed (7%),95373.7791,14349.07749,0.27492031
2024,30,Montana,Total,Partial emp.,Sliding scale,95373.7791,19529.32999,0.34038736
2024,30,Montana,Total,Partial emp.,Fixed (7%),95373.7791,12696.82528,0.25121666
2024,30,Montana,Total,Max emp.,Sliding scale,95373.7791,15611.38418,0.29204233
2024,30,Montana,Total,Max emp.,Fixed (7%),95373.7791,10302.70338,0.21398338
2024,30,Montana,White,Universal,Sliding scale,76622.85108,16754.7097,0.33652639
2024,30,Montana,White,Universal,Fixed (7%),76622.85108,10843.94119,0.24714724
2024,30,Montana,White,Partial emp.,Sliding scale,76622.85108,16382.74179,0.33153216
2024,30,Montana,White,Partial emp.,Fixed (7%),76622.85108,10700.55119,0.24467882
2024,30,Montana,White,Max emp.,Sliding scale,76622.85108,12935.78649,0.28140676
2024,30,Montana,White,Max emp.,Fixed (7%),76622.85108,8336.187092,0.20150959
2024,30,Montana,Black,Universal,Sliding scale,164.9750979,139.4810981,0.84546759
2024,30,Montana,Black,Universal,Fixed (7%),164.9750979,55.79280058,0.68636975
2024,30,Montana,Black,Partial emp.,Sliding scale,164.9750979,139.4810981,0.84546759
2024,30,Montana,Black,Partial emp.,Fixed (7%),164.9750979,55.79280058,0.68636975
2024,30,Montana,Black,Max emp.,Sliding scale,164.9750979,139.4810981,0.84546759
2024,30,Montana,Black,Max emp.,Fixed (7%),164.9750979,55.79280058,0.68636975
2024,30,Montana,Hispanic,Universal,Sliding scale,6125.785621,2479.888013,0.67314405
2024,30,Montana,Hispanic,Universal,Fixed (7%),6125.785621,2226.713808,0.64902433
2024,30,Montana,Hispanic,Partial emp.,Sliding scale,6125.785621,973.1831024,0.44696114
2024,30,Montana,Hispanic,Partial emp.,Fixed (7%),6125.785621,720.0088977,0.37419417
2024,30,Montana,Hispanic,Max emp.,Sliding scale,6125.785621,973.1831024,0.44696114
2024,30,Montana,Hispanic,Max emp.,Fixed (7%),6125.785621,720.0088977,0.37419417
2024,30,Montana,Asian,Universal,Sliding scale,229.9929004,201.7454001,1
2024,30,Montana,Asian,Universal,Fixed (7%),229.9929004,142.4834001,1
2024,30,Montana,Asian,Partial emp.,Sliding scale,229.9929004,201.7454001,1
2024,30,Montana,Asian,Partial emp.,Fixed (7%),229.9929004,142.4834001,1
2024,30,Montana,Asian,Max emp.,Sliding scale,229.9929004,150.7454001,1
2024,30,Montana,Asian,Max emp.,Fixed (7%),229.9929004,142.4834001,1
2024,30,Montana,Other,Universal,Sliding scale,12230.1744,1852.825494,0.34089416
2024,30,Montana,Other,Universal,Fixed (7%),12230.1744,1080.146294,0.23166609
2024,30,Montana,Other,Partial emp.,Sliding scale,12230.1744,1832.178593,0.33838084
2024,30,Montana,Other,Partial emp.,Fixed (7%),12230.1744,1077.988994,0.23131042
2024,30,Montana,Other,Max emp.,Sliding scale,12230.1744,1412.188093,0.28274551
2024,30,Montana,Other,Max emp.,Fixed (7%),12230.1744,1048.231194,0.22637056
2024,30,Montana,People of Color,Universal,Sliding scale,18750.92801,4673.940005,0.49272235
2024,30,Montana,People of Color,Universal,Fixed (7%),18750.92801,3505.136302,0.42143492
2024,30,Montana,People of Color,Partial emp.,Sliding scale,18750.92801,3146.588194,0.39536961
2024,30,Montana,People of Color,Partial emp.,Fixed (7%),18750.92801,1996.274092,0.29321248
2024,30,Montana,People of Color,Max emp.,Sliding scale,18750.92801,2675.597693,0.35733675
2024,30,Montana,People of Color,Max emp.,Fixed (7%),18750.92801,1966.516292,0.29010967
2024,31,Nebraska,Total,Universal,Sliding scale,186796.1068,35578.7828,0.34610068
2024,31,Nebraska,Total,Universal,Fixed (7%),186796.1068,20818.7262,0.23647195
2024,31,Nebraska,Total,Partial emp.,Sliding scale,186796.1068,35372.5022,0.3447859
2024,31,Nebraska,Total,Partial emp.,Fixed (7%),186796.1068,20783.8606,0.23616946
2024,31,Nebraska,Total,Max emp.,Sliding scale,186796.1068,29641.5973,0.30601963
2024,31,Nebraska,Total,Max emp.,Fixed (7%),186796.1068,17339.86249,0.20505983
2024,31,Nebraska,White,Universal,Sliding scale,131287.3976,28978.55031,0.3423749
2024,31,Nebraska,White,Universal,Fixed (7%),131287.3976,17582.7617,0.24005726
2024,31,Nebraska,White,Partial emp.,Sliding scale,131287.3976,28912.90571,0.34186446
2024,31,Nebraska,White,Partial emp.,Fixed (7%),131287.3976,17557.5321,0.2397954
2024,31,Nebraska,White,Max emp.,Sliding scale,131287.3976,24252.9767,0.30348751
2024,31,Nebraska,White,Max emp.,Fixed (7%),131287.3976,14917.1127,0.21135526
2024,31,Nebraska,Black,Universal,Sliding scale,8321.001703,550.420002,0.34739489
2024,31,Nebraska,Black,Universal,Fixed (7%),8321.001703,74.8125006,0.06747073
2024,31,Nebraska,Black,Partial emp.,Sliding scale,8321.001703,550.420002,0.34739489
2024,31,Nebraska,Black,Partial emp.,Fixed (7%),8321.001703,74.8125006,0.06747073
2024,31,Nebraska,Black,Max emp.,Sliding scale,8321.001703,550.420002,0.34739489
2024,31,Nebraska,Black,Max emp.,Fixed (7%),8321.001703,74.8125006,0.06747073
2024,31,Nebraska,Hispanic,Universal,Sliding scale,30485.60428,4239.099094,0.39275574
2024,31,Nebraska,Hispanic,Universal,Fixed (7%),30485.60428,2030.103596,0.23649237
2024,31,Nebraska,Hispanic,Partial emp.,Sliding scale,30485.60428,4108.099094,0.38529491
2024,31,Nebraska,Hispanic,Partial emp.,Fixed (7%),30485.60428,2030.103596,0.23649237
2024,31,Nebraska,Hispanic,Max emp.,Sliding scale,30485.60428,3376.701995,0.34002237
2024,31,Nebraska,Hispanic,Max emp.,Fixed (7%),30485.60428,1537.524894,0.19001386
2024,31,Nebraska,Asian,Universal,Sliding scale,6896.005203,1041.3039,0.35282842
2024,31,Nebraska,Asian,Universal,Fixed (7%),6896.005203,671.6179999,0.2601539
2024,31,Nebraska,Asian,Partial emp.,Sliding scale,6896.005203,1041.3039,0.35282842
2024,31,Nebraska,Asian,Partial emp.,Fixed (7%),6896.005203,671.6179999,0.2601539
2024,31,Nebraska,Asian,Max emp.,Sliding scale,6896.005203,873.3039,0.3137652
2024,31,Nebraska,Asian,Max emp.,Fixed (7%),6896.005203,503.6179999,0.20865688
2024,31,Nebraska,Other,Universal,Sliding scale,9806.098001,769.4095,0.27185979
2024,31,Nebraska,Other,Universal,Fixed (7%),9806.098001,459.4303993,0.18229982
2024,31,Nebraska,Other,Partial emp.,Sliding scale,9806.098001,759.7735,0.26937219
2024,31,Nebraska,Other,Partial emp.,Fixed (7%),9806.098001,449.7943993,0.17916133
2024,31,Nebraska,Other,Max emp.,Sliding scale,9806.098001,588.1947001,0.22204778
2024,31,Nebraska,Other,Max emp.,Fixed (7%),9806.098001,306.7943993,0.12958279
2024,31,Nebraska,People of Color,Universal,Sliding scale,55508.70919,6600.232496,0.36346662
2024,31,Nebraska,People of Color,Universal,Fixed (7%),55508.70919,3235.964495,0.21872239
2024,31,Nebraska,People of Color,Partial emp.,Sliding scale,55508.70919,6459.596496,0.35849841
2024,31,Nebraska,People of Color,Partial emp.,Fixed (7%),55508.70919,3226.328495,0.21821321
2024,31,Nebraska,People of Color,Max emp.,Sliding scale,55508.70919,5388.620597,0.31795954
2024,31,Nebraska,People of Color,Max emp.,Fixed (7%),55508.70919,2422.749794,0.17328089
2024,32,Nevada,Total,Universal,Sliding scale,248749.8438,37729.41741,0.28571588
2024,32,Nevada,Total,Universal,Fixed (7%),248749.8438,21341.59501,0.18451308
2024,32,Nevada,Total,Partial emp.,Sliding scale,248749.8438,35752.28431,0.27485881
2024,32,Nevada,Total,Partial emp.,Fixed (7%),248749.8438,20189.00721,0.17630502
2024,32,Nevada,Total,Max emp.,Sliding scale,248749.8438,25326.44591,0.21167241
2024,32,Nevada,Total,Max emp.,Fixed (7%),248749.8438,13328.84311,0.12381457
2024,32,Nevada,White,Universal,Sliding scale,93841.88523,14023.79171,0.21763263
2024,32,Nevada,White,Universal,Fixed (7%),93841.88523,8258.188209,0.14075104
2024,32,Nevada,White,Partial emp.,Sliding scale,93841.88523,13723.95061,0.21397512
2024,32,Nevada,White,Partial emp.,Fixed (7%),93841.88523,8160.05021,0.13931142
2024,32,Nevada,White,Max emp.,Sliding scale,93841.88523,9491.038804,0.15843442
2024,32,Nevada,White,Max emp.,Fixed (7%),93841.88523,5389.279004,0.09657618
2024,32,Nevada,Black,Universal,Sliding scale,23406.9796,3152.940199,0.3754868
2024,32,Nevada,Black,Universal,Fixed (7%),23406.9796,1987.401999,0.27482942
2024,32,Nevada,Black,Partial emp.,Sliding scale,23406.9796,3106.940199,0.37204675
2024,32,Nevada,Black,Partial emp.,Fixed (7%),23406.9796,1941.401999,0.27018697
2024,32,Nevada,Black,Max emp.,Sliding scale,23406.9796,3051.940199,0.36788358
2024,32,Nevada,Black,Max emp.,Fixed (7%),23406.9796,1941.401999,0.27018697
2024,32,Nevada,Hispanic,Universal,Sliding scale,88976.2712,13058.0204,0.39901595
2024,32,Nevada,Hispanic,Universal,Fixed (7%),88976.2712,7660.270598,0.28031045
2024,32,Nevada,Hispanic,Partial emp.,Sliding scale,88976.2712,12104.0204,0.38097029
2024,32,Nevada,Hispanic,Partial emp.,Fixed (7%),88976.2712,7120.270598,0.26580264
2024,32,Nevada,Hispanic,Max emp.,Sliding scale,88976.2712,8353.663604,0.29811938
2024,32,Nevada,Hispanic,Max emp.,Fixed (7%),88976.2712,4548.2299,0.187821
2024,32,Nevada,Asian,Universal,Sliding scale,24157.9572,3738.3286,0.25314925
2024,32,Nevada,Asian,Universal,Fixed (7%),24157.9572,1778.9542,0.13889489
2024,32,Nevada,Asian,Partial emp.,Sliding scale,24157.9572,3657.3286,0.24903011
2024,32,Nevada,Asian,Partial emp.,Fixed (7%),24157.9572,1778.9542,0.13889489
2024,32,Nevada,Asian,Max emp.,Sliding scale,24157.9572,2055.75,0.15711083
2024,32,Nevada,Asian,Max emp.,Fixed (7%),24157.9572,530,0.04585187
2024,32,Nevada,Other,Universal,Sliding scale,18366.75061,3756.336502,0.32038284
2024,32,Nevada,Other,Universal,Fixed (7%),18366.75061,1656.780003,0.17213355
2024,32,Nevada,Other,Partial emp.,Sliding scale,18366.75061,3160.0445,0.28396643
2024,32,Nevada,Other,Partial emp.,Fixed (7%),18366.75061,1188.330203,0.1297797
2024,32,Nevada,Other,Max emp.,Sliding scale,18366.75061,2374.0533,0.2295492
2024,32,Nevada,Other,Max emp.,Fixed (7%),18366.75061,919.9322027,0.10350132
2024,32,Nevada,People of Color,Universal,Sliding scale,154907.9586,23705.6257,0.35060069
2024,32,Nevada,People of Color,Universal,Fixed (7%),154907.9586,13083.4068,0.22956528
2024,32,Nevada,People of Color,Partial emp.,Sliding scale,154907.9586,22028.3337,0.33408141
2024,32,Nevada,People of Color,Partial emp.,Fixed (7%),154907.9586,12028.957,0.21504224
2024,32,Nevada,People of Color,Max emp.,Sliding scale,154907.9586,15835.4071,0.26505392
2024,32,Nevada,People of Color,Max emp.,Fixed (7%),154907.9586,7939.564102,0.15313079
2024,33,New Hampshire,Total,Universal,Sliding scale,101161.7836,16398.26985,0.23747678
2024,33,New Hampshire,Total,Universal,Fixed (7%),101161.7836,10094.67519,0.16087516
2024,33,New Hampshire,Total,Partial emp.,Sliding scale,101161.7836,15849.30815,0.23136617
2024,33,New Hampshire,Total,Partial emp.,Fixed (7%),101161.7836,9803.574091,0.15696417
2024,33,New Hampshire,Total,Max emp.,Sliding scale,101161.7836,12490.42705,0.1917349
2024,33,New Hampshire,Total,Max emp.,Fixed (7%),101161.7836,8009.282286,0.13202888
2024,33,New Hampshire,White,Universal,Sliding scale,84287.96304,14356.95546,0.23769984
2024,33,New Hampshire,White,Universal,Fixed (7%),84287.96304,8914.762092,0.16221245
2024,33,New Hampshire,White,Partial emp.,Sliding scale,84287.96304,13807.99376,0.23070786
2024,33,New Hampshire,White,Partial emp.,Fixed (7%),84287.96304,8623.66099,0.15775118
2024,33,New Hampshire,White,Max emp.,Sliding scale,84287.96304,10703.40435,0.18861965
2024,33,New Hampshire,White,Max emp.,Fixed (7%),84287.96304,6951.154985,0.13116942
2024,33,New Hampshire,Black,Universal,Sliding scale,2136.999998,192,0.92307692
2024,33,New Hampshire,Black,Universal,Fixed (7%),2136.999998,192,0.92307692
2024,33,New Hampshire,Black,Partial emp.,Sliding scale,2136.999998,192,0.92307692
2024,33,New Hampshire,Black,Partial emp.,Fixed (7%),2136.999998,192,0.92307692
2024,33,New Hampshire,Black,Max emp.,Sliding scale,2136.999998,192,0.92307692
2024,33,New Hampshire,Black,Max emp.,Fixed (7%),2136.999998,192,0.92307692
2024,33,New Hampshire,Hispanic,Universal,Sliding scale,7153.904493,405.2697001,0.09974138
2024,33,New Hampshire,Hispanic,Universal,Fixed (7%),7153.904493,112.1119995,0.02973755
2024,33,New Hampshire,Hispanic,Partial emp.,Sliding scale,7153.904493,405.2697001,0.09974138
2024,33,New Hampshire,Hispanic,Partial emp.,Fixed (7%),7153.904493,112.1119995,0.02973755
2024,33,New Hampshire,Hispanic,Max emp.,Sliding scale,7153.904493,302.7912998,0.07644841
2024,33,New Hampshire,Hispanic,Max emp.,Fixed (7%),7153.904493,16.81679916,0.00457631
2024,33,New Hampshire,Asian,Universal,Sliding scale,2455.999995,402.468401,0.27285993
2024,33,New Hampshire,Asian,Universal,Fixed (7%),2455.999995,277.1864033,0.20536616
2024,33,New Hampshire,Asian,Partial emp.,Sliding scale,2455.999995,402.468401,0.27285993
2024,33,New Hampshire,Asian,Partial emp.,Fixed (7%),2455.999995,277.1864033,0.20536616
2024,33,New Hampshire,Asian,Max emp.,Sliding scale,2455.999995,327.468401,0.233906
2024,33,New Hampshire,Asian,Max emp.,Fixed (7%),2455.999995,277.1864033,0.20536616
2024,33,New Hampshire,Other,Universal,Sliding scale,5126.916068,1041.576293,0.35837644
2024,33,New Hampshire,Other,Universal,Fixed (7%),5126.916068,598.6146984,0.24300214
2024,33,New Hampshire,Other,Partial emp.,Sliding scale,5126.916068,1041.576293,0.35837644
2024,33,New Hampshire,Other,Partial emp.,Fixed (7%),5126.916068,598.6146984,0.24300214
2024,33,New Hampshire,Other,Max emp.,Sliding scale,5126.916068,964.7629943,0.34095847
2024,33,New Hampshire,Other,Max emp.,Fixed (7%),5126.916068,572.1240983,0.23477318
2024,33,New Hampshire,People of Color,Universal,Sliding scale,16873.82055,2041.314394,0.23591973
2024,33,New Hampshire,People of Color,Universal,Fixed (7%),16873.82055,1179.913101,0.15144218
2024,33,New Hampshire,People of Color,Partial emp.,Sliding scale,16873.82055,2041.314394,0.23591973
2024,33,New Hampshire,People of Color,Partial emp.,Fixed (7%),16873.82055,1179.913101,0.15144218
2024,33,New Hampshire,People of Color,Max emp.,Sliding scale,16873.82055,1787.022695,0.21278415
2024,33,New Hampshire,People of Color,Max emp.,Fixed (7%),16873.82055,1058.127301,0.13796754
2024,34,New Jersey,Total,Universal,Sliding scale,774262,120604.5236,0.25946362
2024,34,New Jersey,Total,Universal,Fixed (7%),774262,61785.55462,0.15217986
2024,34,New Jersey,Total,Partial emp.,Sliding scale,774262,117594.7268,0.25463729
2024,34,New Jersey,Total,Partial emp.,Fixed (7%),774262,59954.55462,0.14833902
2024,34,New Jersey,Total,Max emp.,Sliding scale,774262,89425.24581,0.20621849
2024,34,New Jersey,Total,Max emp.,Fixed (7%),774262,47445.70172,0.12113889
2024,34,New Jersey,White,Universal,Sliding scale,339306,63283.73741,0.25745139
2024,34,New Jersey,White,Universal,Fixed (7%),339306,33240.29632,0.15405783
2024,34,New Jersey,White,Partial emp.,Sliding scale,339306,61657.86041,0.25250716
2024,34,New Jersey,White,Partial emp.,Fixed (7%),339306,32319.29632,0.15043142
2024,34,New Jersey,White,Max emp.,Sliding scale,339306,49833.40331,0.21446806
2024,34,New Jersey,White,Max emp.,Fixed (7%),339306,26473.91132,0.12667024
2024,34,New Jersey,Black,Universal,Sliding scale,102963,14115.3719,0.27532017
2024,34,New Jersey,Black,Universal,Fixed (7%),102963,7343,0.16502398
2024,34,New Jersey,Black,Partial emp.,Sliding scale,102963,13193.4521,0.26205033
2024,34,New Jersey,Black,Partial emp.,Fixed (7%),102963,6585,0.15055364
2024,34,New Jersey,Black,Max emp.,Sliding scale,102963,11339.5163,0.23383782
2024,34,New Jersey,Black,Max emp.,Fixed (7%),102963,5606,0.13110517
2024,34,New Jersey,Hispanic,Universal,Sliding scale,206663,25079.3262,0.32108543
2024,34,New Jersey,Hispanic,Universal,Fixed (7%),206663,12375.7904,0.18921948
2024,34,New Jersey,Hispanic,Partial emp.,Sliding scale,206663,24697.3262,0.31774877
2024,34,New Jersey,Hispanic,Partial emp.,Fixed (7%),206663,12303.7904,0.18832596
2024,34,New Jersey,Hispanic,Max emp.,Sliding scale,206663,17634.3262,0.24955546
2024,34,New Jersey,Hispanic,Max emp.,Fixed (7%),206663,9878.790401,0.15703697
2024,34,New Jersey,Asian,Universal,Sliding scale,97722.99999,13594,0.18501783
2024,34,New Jersey,Asian,Universal,Fixed (7%),97722.99999,6175,0.0934827
2024,34,New Jersey,Asian,Partial emp.,Sliding scale,97722.99999,13594,0.18501783
2024,34,New Jersey,Asian,Partial emp.,Fixed (7%),97722.99999,6175,0.0934827
2024,34,New Jersey,Asian,Max emp.,Sliding scale,97722.99999,7834,0.11569247
2024,34,New Jersey,Asian,Max emp.,Fixed (7%),97722.99999,3662,0.05763117
2024,34,New Jersey,Other,Universal,Sliding scale,27607,4532.088101,0.28039741
2024,34,New Jersey,Other,Universal,Fixed (7%),27607,2651.4679,0.18564494
2024,34,New Jersey,Other,Partial emp.,Sliding scale,27607,4452.088101,0.27681799
2024,34,New Jersey,Other,Partial emp.,Fixed (7%),27607,2571.4679,0.18105782
2024,34,New Jersey,Other,Max emp.,Sliding scale,27607,2784,0.19313215
2024,34,New Jersey,Other,Max emp.,Fixed (7%),27607,1825,0.13562723
2024,34,New Jersey,People of Color,Universal,Sliding scale,434956,57320.7862,0.26172204
2024,34,New Jersey,People of Color,Universal,Fixed (7%),434956,28545.2583,0.15004989
2024,34,New Jersey,People of Color,Partial emp.,Sliding scale,434956,55936.8664,0.2570273
2024,34,New Jersey,People of Color,Partial emp.,Fixed (7%),434956,27635.2583,0.14596464
2024,34,New Jersey,People of Color,Max emp.,Sliding scale,434956,39591.84249,0.19669541
2024,34,New Jersey,People of Color,Max emp.,Fixed (7%),434956,20971.7904,0.11481013
2024,35,New Mexico,Total,Universal,Sliding scale,160934.4522,20232.82129,0.22917673
2024,35,New Mexico,Total,Universal,Fixed (7%),160934.4522,11344.04611,0.14287927
2024,35,New Mexico,Total,Partial emp.,Sliding scale,160934.4522,19124.78589,0.2193794
2024,35,New Mexico,Total,Partial emp.,Fixed (7%),160934.4522,10911.95771,0.13818913
2024,35,New Mexico,Total,Max emp.,Sliding scale,160934.4522,12710.0026,0.15737606
2024,35,New Mexico,Total,Max emp.,Fixed (7%),160934.4522,7110.719308,0.09460437
2024,35,New Mexico,White,Universal,Sliding scale,47486.21723,6105.884275,0.18945102
2024,35,New Mexico,White,Universal,Fixed (7%),47486.21723,3581.51309,0.12056943
2024,35,New Mexico,White,Partial emp.,Sliding scale,47486.21723,5942.871876,0.18533052
2024,35,New Mexico,White,Partial emp.,Fixed (7%),47486.21723,3418.748691,0.11572417
2024,35,New Mexico,White,Max emp.,Sliding scale,47486.21723,3255.053591,0.11079704
2024,35,New Mexico,White,Max emp.,Fixed (7%),47486.21723,1688.522896,0.06071204
2024,35,New Mexico,Black,Universal,Sliding scale,4127.101407,574.6298065,0.22411028
2024,35,New Mexico,Black,Universal,Fixed (7%),4127.101407,148,0.06924237
2024,35,New Mexico,Black,Partial emp.,Sliding scale,4127.101407,574.6298065,0.22411028
2024,35,New Mexico,Black,Partial emp.,Fixed (7%),4127.101407,148,0.06924237
2024,35,New Mexico,Black,Max emp.,Sliding scale,4127.101407,574.6298065,0.22411028
2024,35,New Mexico,Black,Max emp.,Fixed (7%),4127.101407,148,0.06924237
2024,35,New Mexico,Hispanic,Universal,Sliding scale,88809.99618,10209.6542,0.23200849
2024,35,New Mexico,Hispanic,Universal,Fixed (7%),88809.99618,5412.659217,0.13804802
2024,35,New Mexico,Hispanic,Partial emp.,Sliding scale,88809.99618,9600.199802,0.22122282
2024,35,New Mexico,Hispanic,Partial emp.,Fixed (7%),88809.99618,5373.400216,0.13718409
2024,35,New Mexico,Hispanic,Max emp.,Sliding scale,88809.99618,6832.419199,0.16816903
2024,35,New Mexico,Hispanic,Max emp.,Fixed (7%),88809.99618,4144.365313,0.10923406
2024,35,New Mexico,Asian,Universal,Sliding scale,3475.061798,981.7513981,0.44282235
2024,35,New Mexico,Asian,Universal,Fixed (7%),3475.061798,981.7513981,0.44282235
2024,35,New Mexico,Asian,Partial emp.,Sliding scale,3475.061798,981.7513981,0.44282235
2024,35,New Mexico,Asian,Partial emp.,Fixed (7%),3475.061798,981.7513981,0.44282235
2024,35,New Mexico,Asian,Max emp.,Sliding scale,3475.061798,425.9999981,0.25642865
2024,35,New Mexico,Asian,Max emp.,Fixed (7%),3475.061798,425.9999981,0.25642865
2024,35,New Mexico,Other,Universal,Sliding scale,17036.07561,2360.901607,0.32479744
2024,35,New Mexico,Other,Universal,Fixed (7%),17036.07561,1220.122405,0.19910406
2024,35,New Mexico,Other,Partial emp.,Sliding scale,17036.07561,2025.333008,0.29211782
2024,35,New Mexico,Other,Partial emp.,Fixed (7%),17036.07561,990.0574052,0.16786328
2024,35,New Mexico,Other,Max emp.,Sliding scale,17036.07561,1621.900007,0.24838276
2024,35,New Mexico,Other,Max emp.,Fixed (7%),17036.07561,703.8311007,0.12542046
2024,35,New Mexico,People of Color,Universal,Sliding scale,113448.235,14126.93701,0.25201721
2024,35,New Mexico,People of Color,Universal,Fixed (7%),113448.235,7762.53302,0.15621595
2024,35,New Mexico,People of Color,Partial emp.,Sliding scale,113448.235,13181.91401,0.23919095
2024,35,New Mexico,People of Color,Partial emp.,Fixed (7%),113448.235,7493.209019,0.15161774
2024,35,New Mexico,People of Color,Max emp.,Sliding scale,113448.235,9454.949011,0.18400765
2024,35,New Mexico,People of Color,Max emp.,Fixed (7%),113448.235,5422.196411,0.11451142
2024,36,New York,Total,Universal,Sliding scale,1466212.907,189677.4954,0.28898398
2024,36,New York,Total,Universal,Fixed (7%),1466212.907,121406.5621,0.20644251
2024,36,New York,Total,Partial emp.,Sliding scale,1466212.907,182316.8097,0.28091993
2024,36,New York,Total,Partial emp.,Fixed (7%),1466212.907,117683.7803,0.20138705
2024,36,New York,Total,Max emp.,Sliding scale,1466212.907,149755.7627,0.2429372
2024,36,New York,Total,Max emp.,Fixed (7%),1466212.907,97887.52549,0.17338424
2024,36,New York,White,Universal,Sliding scale,727249.815,111997.2659,0.26479805
2024,36,New York,White,Universal,Fixed (7%),727249.815,75674.89401,0.19572891
2024,36,New York,White,Partial emp.,Sliding scale,727249.815,108056.8481,0.25788418
2024,36,New York,White,Partial emp.,Fixed (7%),727249.815,73998.88501,0.1922273
2024,36,New York,White,Max emp.,Sliding scale,727249.815,86620.3817,0.21787091
2024,36,New York,White,Max emp.,Fixed (7%),727249.815,60580.62539,0.16305414
2024,36,New York,Black,Universal,Sliding scale,197584.0126,24240.01269,0.42438083
2024,36,New York,Black,Universal,Fixed (7%),197584.0126,14058.29389,0.29951526
2024,36,New York,Black,Partial emp.,Sliding scale,197584.0126,22948.01269,0.41105921
2024,36,New York,Black,Partial emp.,Fixed (7%),197584.0126,13436.78899,0.29011546
2024,36,New York,Black,Max emp.,Sliding scale,197584.0126,20714.65569,0.38651663
2024,36,New York,Black,Max emp.,Fixed (7%),197584.0126,12660.88399,0.27802038
2024,36,New York,Hispanic,Universal,Sliding scale,327653.0288,30367.1604,0.34994904
2024,36,New York,Hispanic,Universal,Fixed (7%),327653.0288,17751.0967,0.23936252
2024,36,New York,Hispanic,Partial emp.,Sliding scale,327653.0288,29509.81,0.34346242
2024,36,New York,Hispanic,Partial emp.,Fixed (7%),327653.0288,17047.7463,0.23207937
2024,36,New York,Hispanic,Max emp.,Sliding scale,327653.0288,25287.3787,0.30952956
2024,36,New York,Hispanic,Max emp.,Fixed (7%),327653.0288,14676.4535,0.20646274
2024,36,New York,Asian,Universal,Sliding scale,139326.0057,13194.8099,0.24408265
2024,36,New York,Asian,Universal,Fixed (7%),139326.0057,8405.763899,0.17060705
2024,36,New York,Asian,Partial emp.,Sliding scale,139326.0057,12657.8099,0.2364983
2024,36,New York,Asian,Partial emp.,Fixed (7%),139326.0057,8049.763899,0.16457063
2024,36,New York,Asian,Max emp.,Sliding scale,139326.0057,9521.3027,0.18896996
2024,36,New York,Asian,Max emp.,Fixed (7%),139326.0057,5839.256699,0.12502898
2024,36,New York,Other,Universal,Sliding scale,74400.04454,9878.246523,0.27862849
2024,36,New York,Other,Universal,Fixed (7%),74400.04454,5516.513606,0.17742905
2024,36,New York,Other,Partial emp.,Sliding scale,74400.04454,9144.329023,0.26337966
2024,36,New York,Other,Partial emp.,Fixed (7%),74400.04454,5150.596106,0.16763284
2024,36,New York,Other,Max emp.,Sliding scale,74400.04454,7612.043922,0.22936889
2024,36,New York,Other,Max emp.,Fixed (7%),74400.04454,4130.305906,0.13904334
2024,36,New York,People of Color,Universal,Sliding scale,738963.0916,77680.22951,0.33281109
2024,36,New York,People of Color,Universal,Fixed (7%),738963.0916,45731.6681,0.22700369
2024,36,New York,People of Color,Partial emp.,Sliding scale,738963.0916,74259.96161,0.3228889
2024,36,New York,People of Color,Partial emp.,Fixed (7%),738963.0916,43684.8953,0.21906959
2024,36,New York,People of Color,Max emp.,Sliding scale,738963.0916,63135.38101,0.28847181
2024,36,New York,People of Color,Max emp.,Fixed (7%),738963.0916,37306.9001,0.19326691
2024,37,North Carolina,Total,Universal,Sliding scale,973098.3694,101096.8898,0.1917048
2024,37,North Carolina,Total,Universal,Fixed (7%),973098.3694,45514.48815,0.09647505
2024,37,North Carolina,Total,Partial emp.,Sliding scale,973098.3694,94847.57085,0.18201142
2024,37,North Carolina,Total,Partial emp.,Fixed (7%),973098.3694,43828.47385,0.09323448
2024,37,North Carolina,Total,Max emp.,Sliding scale,973098.3694,68158.37405,0.1378556
2024,37,North Carolina,Total,Max emp.,Fixed (7%),973098.3694,31846.59004,0.06951783
2024,37,North Carolina,White,Universal,Sliding scale,540091.7966,59906.46133,0.17342838
2024,37,North Carolina,White,Universal,Fixed (7%),540091.7966,26515.23984,0.0849756
2024,37,North Carolina,White,Partial emp.,Sliding scale,540091.7966,56911.92433,0.16620004
2024,37,North Carolina,White,Partial emp.,Fixed (7%),540091.7966,25730.73804,0.08266928
2024,37,North Carolina,White,Max emp.,Sliding scale,540091.7966,39164.59423,0.12062412
2024,37,North Carolina,White,Max emp.,Fixed (7%),540091.7966,17859.65065,0.0588693
2024,37,North Carolina,Black,Universal,Sliding scale,196626.5399,20064.54771,0.25640825
2024,37,North Carolina,Black,Universal,Fixed (7%),196626.5399,8208.874091,0.12363381
2024,37,North Carolina,Black,Partial emp.,Sliding scale,196626.5399,18214.127,0.23839879
2024,37,North Carolina,Black,Partial emp.,Fixed (7%),196626.5399,7533.49429,0.1146279
2024,37,North Carolina,Black,Max emp.,Sliding scale,196626.5399,15949.8463,0.21513828
2024,37,North Carolina,Black,Max emp.,Fixed (7%),196626.5399,5915.145892,0.09227572
2024,37,North Carolina,Hispanic,Universal,Sliding scale,132533.0592,9918.750416,0.27084006
2024,37,North Carolina,Hispanic,Universal,Fixed (7%),132533.0592,4775.729116,0.15171088
2024,37,North Carolina,Hispanic,Partial emp.,Sliding scale,132533.0592,9692.110816,0.26629948
2024,37,North Carolina,Hispanic,Partial emp.,Fixed (7%),132533.0592,4775.729116,0.15171088
2024,37,North Carolina,Hispanic,Max emp.,Sliding scale,132533.0592,6232.217413,0.18922414
2024,37,North Carolina,Hispanic,Max emp.,Fixed (7%),132533.0592,3742.821805,0.12293215
2024,37,North Carolina,Asian,Universal,Sliding scale,48924.9961,3702.994397,0.10707701
2024,37,North Carolina,Asian,Universal,Fixed (7%),48924.9961,1513.313,0.0467175
2024,37,North Carolina,Asian,Partial emp.,Sliding scale,48924.9961,3568.994397,0.10360366
2024,37,North Carolina,Asian,Partial emp.,Fixed (7%),48924.9961,1513.313,0.0467175
2024,37,North Carolina,Asian,Max emp.,Sliding scale,48924.9961,1947.898596,0.05933751
2024,37,North Carolina,Asian,Max emp.,Fixed (7%),48924.9961,792.2171974,0.02501336
2024,37,North Carolina,Other,Universal,Sliding scale,54921.97761,7504.135906,0.23107232
2024,37,North Carolina,Other,Universal,Fixed (7%),54921.97761,4501.332104,0.15273008
2024,37,North Carolina,Other,Partial emp.,Sliding scale,54921.97761,6460.414303,0.20553917
2024,37,North Carolina,Other,Partial emp.,Fixed (7%),54921.97761,4275.199402,0.14617899
2024,37,North Carolina,Other,Max emp.,Sliding scale,54921.97761,4863.817504,0.16302415
2024,37,North Carolina,Other,Max emp.,Fixed (7%),54921.97761,3536.754502,0.12406231
2024,37,North Carolina,People of Color,Universal,Sliding scale,433006.5728,41190.42843,0.22640522
2024,37,North Carolina,People of Color,Universal,Fixed (7%),433006.5728,18999.24831,0.11893773
2024,37,North Carolina,People of Color,Partial emp.,Sliding scale,433006.5728,37935.64652,0.21231346
2024,37,North Carolina,People of Color,Partial emp.,Fixed (7%),433006.5728,18097.73581,0.11393716
2024,37,North Carolina,People of Color,Max emp.,Sliding scale,433006.5728,28993.77982,0.17081724
2024,37,North Carolina,People of Color,Max emp.,Fixed (7%),433006.5728,13986.9394,0.09039646
2024,38,North Dakota,Total,Universal,Sliding scale,72942.99997,10651.79271,0.22082015
2024,38,North Dakota,Total,Universal,Fixed (7%),72942.99997,6879.615386,0.15471897
2024,38,North Dakota,Total,Partial emp.,Sliding scale,72942.99997,10553.4958,0.21922912
2024,38,North Dakota,Total,Partial emp.,Fixed (7%),72942.99997,6849.477986,0.15414567
2024,38,North Dakota,Total,Max emp.,Sliding scale,72942.99997,8455.79221,0.18365623
2024,38,North Dakota,Total,Max emp.,Fixed (7%),72942.99997,5743.453994,0.13255428
2024,38,North Dakota,White,Universal,Sliding scale,54298,8066.118395,0.20095556
2024,38,North Dakota,White,Universal,Fixed (7%),54298,5678.575697,0.15042077
2024,38,North Dakota,White,Partial emp.,Sliding scale,54298,8030.064396,0.20023718
2024,38,North Dakota,White,Partial emp.,Fixed (7%),54298,5656.958897,0.14993401
2024,38,North Dakota,White,Max emp.,Sliding scale,54298,6740.227303,0.17365934
2024,38,North Dakota,White,Max emp.,Fixed (7%),54298,4898.700502,0.13249973
2024,38,North Dakota,Black,Universal,Sliding scale,4913.000006,713.9444909,0.42146865
2024,38,North Dakota,Black,Universal,Fixed (7%),4913.000006,556.0553908,0.36200217
2024,38,North Dakota,Black,Partial emp.,Sliding scale,4913.000006,713.9444909,0.42146865
2024,38,North Dakota,Black,Partial emp.,Fixed (7%),4913.000006,556.0553908,0.36200217
2024,38,North Dakota,Black,Max emp.,Sliding scale,4913.000006,713.9444909,0.42146865
2024,38,North Dakota,Black,Max emp.,Fixed (7%),4913.000006,556.0553908,0.36200217
2024,38,North Dakota,Hispanic,Universal,Sliding scale,5655.999933,323.5761005,0.13920979
2024,38,North Dakota,Hispanic,Universal,Fixed (7%),5655.999933,245.7827011,0.10940285
2024,38,North Dakota,Hispanic,Partial emp.,Sliding scale,5655.999933,323.5761005,0.13920979
2024,38,North Dakota,Hispanic,Partial emp.,Fixed (7%),5655.999933,245.7827011,0.10940285
2024,38,North Dakota,Hispanic,Max emp.,Sliding scale,5655.999933,70.82380038,0.03418756
2024,38,North Dakota,Hispanic,Max emp.,Fixed (7%),5655.999933,60.03290033,0.02913039
2024,38,North Dakota,Asian,Universal,Sliding scale,1520.000003,428.3638065,0.68840202
2024,38,North Dakota,Asian,Universal,Fixed (7%),1520.000003,111.306501,0.36469912
2024,38,North Dakota,Asian,Partial emp.,Sliding scale,1520.000003,428.3638065,0.68840202
2024,38,North Dakota,Asian,Partial emp.,Fixed (7%),1520.000003,111.306501,0.36469912
2024,38,North Dakota,Asian,Max emp.,Sliding scale,1520.000003,124.7824008,0.39156412
2024,38,North Dakota,Asian,Max emp.,Fixed (7%),1520.000003,111.306501,0.36469912
2024,38,North Dakota,Other,Universal,Sliding scale,6556.000029,1119.789913,0.32382458
2024,38,North Dakota,Other,Universal,Fixed (7%),6556.000029,287.8950961,0.10962759
2024,38,North Dakota,Other,Partial emp.,Sliding scale,6556.000029,1057.547011,0.3114306
2024,38,North Dakota,Other,Partial emp.,Fixed (7%),6556.000029,279.3744963,0.10672932
2024,38,North Dakota,Other,Max emp.,Sliding scale,6556.000029,806.0142152,0.25634642
2024,38,North Dakota,Other,Max emp.,Fixed (7%),6556.000029,117.3587001,0.04779261
2024,38,North Dakota,People of Color,Universal,Sliding scale,18644.99997,2585.674311,0.31927447
2024,38,North Dakota,People of Color,Universal,Fixed (7%),18644.99997,1201.039689,0.17888694
2024,38,North Dakota,People of Color,Partial emp.,Sliding scale,18644.99997,2523.431409,0.31400213
2024,38,North Dakota,People of Color,Partial emp.,Fixed (7%),18644.99997,1192.519089,0.17784356
2024,38,North Dakota,People of Color,Max emp.,Sliding scale,18644.99997,1715.564907,0.23733396
2024,38,North Dakota,People of Color,Max emp.,Fixed (7%),18644.99997,844.7534923,0.13287149
2024,39,Ohio,Total,Universal,Sliding scale,1004455.844,157629.0623,0.2567745
2024,39,Ohio,Total,Universal,Fixed (7%),1004455.844,90831.58983,0.16602865
2024,39,Ohio,Total,Partial emp.,Sliding scale,1004455.844,149231.5266,0.24646661
2024,39,Ohio,Total,Partial emp.,Fixed (7%),1004455.844,87556.21713,0.16100562
2024,39,Ohio,Total,Max emp.,Sliding scale,1004455.844,112672.9844,0.19804534
2024,39,Ohio,Total,Max emp.,Fixed (7%),1004455.844,67652.61122,0.12913149
2024,39,Ohio,White,Universal,Sliding scale,718755.8562,119748.0146,0.24666139
2024,39,Ohio,White,Universal,Fixed (7%),718755.8562,69349.82874,0.15939663
2024,39,Ohio,White,Partial emp.,Sliding scale,718755.8562,113807.3125,0.23732868
2024,39,Ohio,White,Partial emp.,Fixed (7%),718755.8562,67460.28963,0.15572997
2024,39,Ohio,White,Max emp.,Sliding scale,718755.8562,83265.28854,0.18544914
2024,39,Ohio,White,Max emp.,Fixed (7%),718755.8562,50933.68373,0.12224251
2024,39,Ohio,Black,Universal,Sliding scale,143687.0063,16079,0.30161467
2024,39,Ohio,Black,Universal,Fixed (7%),143687.0063,8408,0.18422945
2024,39,Ohio,Black,Partial emp.,Sliding scale,143687.0063,14912,0.2859842
2024,39,Ohio,Black,Partial emp.,Fixed (7%),143687.0063,7804,0.17328844
2024,39,Ohio,Black,Max emp.,Sliding scale,143687.0063,12850,0.25658566
2024,39,Ohio,Black,Max emp.,Fixed (7%),143687.0063,6545,0.14951203
2024,39,Ohio,Hispanic,Universal,Sliding scale,55949.96148,6957.255806,0.26493192
2024,39,Ohio,Hispanic,Universal,Fixed (7%),55949.96148,4106.861999,0.17543085
2024,39,Ohio,Hispanic,Partial emp.,Sliding scale,55949.96148,6100.422207,0.24013905
2024,39,Ohio,Hispanic,Partial emp.,Fixed (7%),55949.96148,3443.0284,0.15136643
2024,39,Ohio,Hispanic,Max emp.,Sliding scale,55949.96148,5231.284707,0.21322096
2024,39,Ohio,Hispanic,Max emp.,Fixed (7%),55949.96148,3224.0284,0.14311641
2024,39,Ohio,Asian,Universal,Sliding scale,34874.03251,6458.88081,0.30170349
2024,39,Ohio,Asian,Universal,Fixed (7%),34874.03251,4504.880802,0.23156529
2024,39,Ohio,Asian,Partial emp.,Sliding scale,34874.03251,6458.88081,0.30170349
2024,39,Ohio,Asian,Partial emp.,Fixed (7%),34874.03251,4504.880802,0.23156529
2024,39,Ohio,Asian,Max emp.,Sliding scale,34874.03251,4735.88081,0.24058272
2024,39,Ohio,Asian,Max emp.,Fixed (7%),34874.03251,3360.880802,0.18355397
2024,39,Ohio,Other,Universal,Sliding scale,51188.98719,8385.911092,0.30574651
2024,39,Ohio,Other,Universal,Fixed (7%),51188.98719,4462.018296,0.18984269
2024,39,Ohio,Other,Partial emp.,Sliding scale,51188.98719,7952.911092,0.29461054
2024,39,Ohio,Other,Partial emp.,Fixed (7%),51188.98719,4344.018296,0.1857548
2024,39,Ohio,Other,Max emp.,Sliding scale,51188.98719,6590.530293,0.2571184
2024,39,Ohio,Other,Max emp.,Fixed (7%),51188.98719,3589.018296,0.15859023
2024,39,Ohio,People of Color,Universal,Sliding scale,285699.9875,37881.04771,0.29500999
2024,39,Ohio,People of Color,Universal,Fixed (7%),285699.9875,21481.7611,0.19178997
2024,39,Ohio,People of Color,Partial emp.,Sliding scale,285699.9875,35424.21411,0.28125807
2024,39,Ohio,People of Color,Partial emp.,Fixed (7%),285699.9875,20095.9275,0.1816649
2024,39,Ohio,People of Color,Max emp.,Sliding scale,285699.9875,29407.69581,0.24520179
2024,39,Ohio,People of Color,Max emp.,Fixed (7%),285699.9875,16718.9275,0.15589636
2024,40,Oklahoma,Total,Universal,Sliding scale,368316.706,51176.64078,0.26557174
2024,40,Oklahoma,Total,Universal,Fixed (7%),368316.706,27965.17678,0.16499391
2024,40,Oklahoma,Total,Partial emp.,Sliding scale,368316.706,48056.77239,0.25348568
2024,40,Oklahoma,Total,Partial emp.,Fixed (7%),368316.706,26157.73509,0.15599354
2024,40,Oklahoma,Total,Max emp.,Sliding scale,368316.706,36274.34381,0.20401614
2024,40,Oklahoma,Total,Max emp.,Fixed (7%),368316.706,19524.014,0.12122875
2024,40,Oklahoma,White,Universal,Sliding scale,219977.9224,31879.38762,0.2494687
2024,40,Oklahoma,White,Universal,Fixed (7%),219977.9224,17064.61742,0.15104859
2024,40,Oklahoma,White,Partial emp.,Sliding scale,219977.9224,30616.75461,0.24197899
2024,40,Oklahoma,White,Partial emp.,Fixed (7%),219977.9224,16320.31681,0.14541841
2024,40,Oklahoma,White,Max emp.,Sliding scale,219977.9224,23416.08571,0.19623652
2024,40,Oklahoma,White,Max emp.,Fixed (7%),219977.9224,12576.63671,0.11592826
2024,40,Oklahoma,Black,Universal,Sliding scale,22701.95649,2183.65329,0.22249715
2024,40,Oklahoma,Black,Universal,Fixed (7%),22701.95649,1331.887188,0.14860614
2024,40,Oklahoma,Black,Partial emp.,Sliding scale,22701.95649,1434.664892,0.15825879
2024,40,Oklahoma,Black,Partial emp.,Fixed (7%),22701.95649,854.6374884,0.10071999
2024,40,Oklahoma,Black,Max emp.,Sliding scale,22701.95649,1374.091291,0.15259652
2024,40,Oklahoma,Black,Max emp.,Fixed (7%),22701.95649,854.6374884,0.10071999
2024,40,Oklahoma,Hispanic,Universal,Sliding scale,59985.80828,6588.99579,0.30594318
2024,40,Oklahoma,Hispanic,Universal,Fixed (7%),59985.80828,4113.665096,0.21581202
2024,40,Oklahoma,Hispanic,Partial emp.,Sliding scale,59985.80828,6355.924995,0.29834989
2024,40,Oklahoma,Hispanic,Partial emp.,Fixed (7%),59985.80828,3908.4299,0.20727669
2024,40,Oklahoma,Hispanic,Max emp.,Sliding scale,59985.80828,4880.118399,0.24612521
2024,40,Oklahoma,Hispanic,Max emp.,Fixed (7%),59985.80828,2917.996803,0.16332986
2024,40,Oklahoma,Asian,Universal,Sliding scale,12033.066,1449.094687,0.23366619
2024,40,Oklahoma,Asian,Universal,Fixed (7%),12033.066,1189.547987,0.20019278
2024,40,Oklahoma,Asian,Partial emp.,Sliding scale,12033.066,1449.094687,0.23366619
2024,40,Oklahoma,Asian,Partial emp.,Fixed (7%),12033.066,1189.547987,0.20019278
2024,40,Oklahoma,Asian,Max emp.,Sliding scale,12033.066,950.5743995,0.16667857
2024,40,Oklahoma,Asian,Max emp.,Fixed (7%),12033.066,695.5354996,0.12766804
2024,40,Oklahoma,Other,Universal,Sliding scale,53617.95288,9075.509395,0.3316831
2024,40,Oklahoma,Other,Universal,Fixed (7%),53617.95288,4265.459089,0.18913935
2024,40,Oklahoma,Other,Partial emp.,Sliding scale,53617.95288,8200.333206,0.3096006
2024,40,Oklahoma,Other,Partial emp.,Fixed (7%),53617.95288,3884.8029,0.17521778
2024,40,Oklahoma,Other,Max emp.,Sliding scale,53617.95288,5653.474004,0.23615225
2024,40,Oklahoma,Other,Max emp.,Fixed (7%),53617.95288,2479.207501,0.11938962
2024,40,Oklahoma,People of Color,Universal,Sliding scale,148338.7836,19297.25316,0.29727179
2024,40,Oklahoma,People of Color,Universal,Fixed (7%),148338.7836,10900.55936,0.19286943
2024,40,Oklahoma,People of Color,Partial emp.,Sliding scale,148338.7836,17440.01778,0.27657423
2024,40,Oklahoma,People of Color,Partial emp.,Fixed (7%),148338.7836,9837.418275,0.17739565
2024,40,Oklahoma,People of Color,Max emp.,Sliding scale,148338.7836,12858.25809,0.21989131
2024,40,Oklahoma,People of Color,Max emp.,Fixed (7%),148338.7836,6947.377293,0.13216828
2024,41,Oregon,Total,Universal,Sliding scale,337249.0692,37533.9567,0.25010849
2024,41,Oregon,Total,Universal,Fixed (7%),337249.0692,19142.60199,0.14537285
2024,41,Oregon,Total,Partial emp.,Sliding scale,337249.0692,36301.3996,0.2438985
2024,41,Oregon,Total,Partial emp.,Fixed (7%),337249.0692,18702.77979,0.14250875
2024,41,Oregon,Total,Max emp.,Sliding scale,337249.0692,29909.61681,0.20997109
2024,41,Oregon,Total,Max emp.,Fixed (7%),337249.0692,15394.868,0.1203367
2024,41,Oregon,White,Universal,Sliding scale,224200.1377,24569.29359,0.22922422
2024,41,Oregon,White,Universal,Fixed (7%),224200.1377,11720.28508,0.1242404
2024,41,Oregon,White,Partial emp.,Sliding scale,224200.1377,24053.73649,0.22549887
2024,41,Oregon,White,Partial emp.,Fixed (7%),224200.1377,11465.29168,0.12186677
2024,41,Oregon,White,Max emp.,Sliding scale,224200.1377,19326.7153,0.18958547
2024,41,Oregon,White,Max emp.,Fixed (7%),224200.1377,9432.682485,0.10247577
2024,41,Oregon,Black,Universal,Sliding scale,6143.006801,523.0068011,0.22161159
2024,41,Oregon,Black,Universal,Fixed (7%),6143.006801,523.0068011,0.22161159
2024,41,Oregon,Black,Partial emp.,Sliding scale,6143.006801,523.0068011,0.22161159
2024,41,Oregon,Black,Partial emp.,Fixed (7%),6143.006801,523.0068011,0.22161159
2024,41,Oregon,Black,Max emp.,Sliding scale,6143.006801,324.0068011,0.14993265
2024,41,Oregon,Black,Max emp.,Fixed (7%),6143.006801,324.0068011,0.14993265
2024,41,Oregon,Hispanic,Universal,Sliding scale,65367.91281,7019.569714,0.30396032
2024,41,Oregon,Hispanic,Universal,Fixed (7%),65367.91281,3435.032514,0.17607274
2024,41,Oregon,Hispanic,Partial emp.,Sliding scale,65367.91281,6474.569714,0.28713711
2024,41,Oregon,Hispanic,Partial emp.,Fixed (7%),65367.91281,3257.032514,0.16848608
2024,41,Oregon,Hispanic,Max emp.,Sliding scale,65367.91281,5931.306513,0.26953818
2024,41,Oregon,Hispanic,Max emp.,Fixed (7%),65367.91281,2933.336315,0.15432544
2024,41,Oregon,Asian,Universal,Sliding scale,18784.00001,2161.6208,0.25442806
2024,41,Oregon,Asian,Universal,Fixed (7%),18784.00001,1559,0.1975073
2024,41,Oregon,Asian,Partial emp.,Sliding scale,18784.00001,2161.6208,0.25442806
2024,41,Oregon,Asian,Partial emp.,Fixed (7%),18784.00001,1559,0.1975073
2024,41,Oregon,Asian,Max emp.,Sliding scale,18784.00001,1377.6208,0.1786334
2024,41,Oregon,Asian,Max emp.,Fixed (7%),18784.00001,867,0.1203936
2024,41,Oregon,Other,Universal,Sliding scale,22754.01189,3260.465792,0.36485082
2024,41,Oregon,Other,Universal,Fixed (7%),22754.01189,1905.277597,0.25131453
2024,41,Oregon,Other,Partial emp.,Sliding scale,22754.01189,3088.465792,0.35238617
2024,41,Oregon,Other,Partial emp.,Fixed (7%),22754.01189,1898.448796,0.25063955
2024,41,Oregon,Other,Max emp.,Sliding scale,22754.01189,2949.967393,0.34198805
2024,41,Oregon,Other,Max emp.,Fixed (7%),22754.01189,1837.842396,0.24459521
2024,41,Oregon,People of Color,Universal,Sliding scale,113048.9315,12964.66311,0.30230416
2024,41,Oregon,People of Color,Universal,Fixed (7%),113048.9315,7422.316912,0.19875629
2024,41,Oregon,People of Color,Partial emp.,Sliding scale,113048.9315,12247.66311,0.29044128
2024,41,Oregon,People of Color,Partial emp.,Fixed (7%),113048.9315,7237.488112,0.1947709
2024,41,Oregon,People of Color,Max emp.,Sliding scale,113048.9315,10582.90151,0.26127787
2024,41,Oregon,People of Color,Max emp.,Fixed (7%),113048.9315,5962.185512,0.16615314
2024,42,Pennsylvania,Total,Universal,Sliding scale,1020607,148323.7674,0.24810009
2024,42,Pennsylvania,Total,Universal,Fixed (7%),1020607,88929.18917,0.16515964
2024,42,Pennsylvania,Total,Partial emp.,Sliding scale,1020607,142674.2838,0.24092697
2024,42,Pennsylvania,Total,Partial emp.,Fixed (7%),1020607,86579.47527,0.16150051
2024,42,Pennsylvania,Total,Max emp.,Sliding scale,1020607,113898.6991,0.20215832
2024,42,Pennsylvania,Total,Max emp.,Fixed (7%),1020607,70348.35566,0.13532095
2024,42,Pennsylvania,White,Universal,Sliding scale,692312.9999,112232.5434,0.24025895
2024,42,Pennsylvania,White,Universal,Fixed (7%),692312.9999,67269.12956,0.15934202
2024,42,Pennsylvania,White,Partial emp.,Sliding scale,692312.9999,107924.4597,0.23318708
2024,42,Pennsylvania,White,Partial emp.,Fixed (7%),692312.9999,66012.04766,0.15683133
2024,42,Pennsylvania,White,Max emp.,Sliding scale,692312.9999,86106.68505,0.19525072
2024,42,Pennsylvania,White,Max emp.,Fixed (7%),692312.9999,53686.08095,0.13139509
2024,42,Pennsylvania,Black,Universal,Sliding scale,112674,15235.55,0.37565921
2024,42,Pennsylvania,Black,Universal,Fixed (7%),112674,9275.775003,0.26810873
2024,42,Pennsylvania,Black,Partial emp.,Sliding scale,112674,14156.55,0.35859486
2024,42,Pennsylvania,Black,Partial emp.,Fixed (7%),112674,8433.775003,0.24985214
2024,42,Pennsylvania,Black,Max emp.,Sliding scale,112674,13606.306,0.34952855
2024,42,Pennsylvania,Black,Max emp.,Fixed (7%),112674,8189.531,0.24438468
2024,42,Pennsylvania,Hispanic,Universal,Sliding scale,117865,10293.9999,0.27663013
2024,42,Pennsylvania,Hispanic,Universal,Fixed (7%),117865,5792.412601,0.17708084
2024,42,Pennsylvania,Hispanic,Partial emp.,Sliding scale,117865,10043.3679,0.27172504
2024,42,Pennsylvania,Hispanic,Partial emp.,Fixed (7%),117865,5541.780602,0.17072686
2024,42,Pennsylvania,Hispanic,Max emp.,Sliding scale,117865,6342.850908,0.19069938
2024,42,Pennsylvania,Hispanic,Max emp.,Fixed (7%),117865,3802.731401,0.12378331
2024,42,Pennsylvania,Asian,Universal,Sliding scale,53099.99999,5382.042001,0.18022389
2024,42,Pennsylvania,Asian,Universal,Fixed (7%),53099.99999,3462.068401,0.12389701
2024,42,Pennsylvania,Asian,Partial emp.,Sliding scale,53099.99999,5382.042001,0.18022389
2024,42,Pennsylvania,Asian,Partial emp.,Fixed (7%),53099.99999,3462.068401,0.12389701
2024,42,Pennsylvania,Asian,Max emp.,Sliding scale,53099.99999,3307.042001,0.11900934
2024,42,Pennsylvania,Asian,Max emp.,Fixed (7%),53099.99999,1912.068401,0.07244573
2024,42,Pennsylvania,Other,Universal,Sliding scale,44655.00002,5179.632107,0.22447171
2024,42,Pennsylvania,Other,Universal,Fixed (7%),44655.00002,3129.803606,0.14886149
2024,42,Pennsylvania,Other,Partial emp.,Sliding scale,44655.00002,5167.864107,0.22407599
2024,42,Pennsylvania,Other,Partial emp.,Fixed (7%),44655.00002,3129.803606,0.14886149
2024,42,Pennsylvania,Other,Max emp.,Sliding scale,44655.00002,4535.815107,0.20221236
2024,42,Pennsylvania,Other,Max emp.,Fixed (7%),44655.00002,2757.943907,0.1335367
2024,42,Pennsylvania,People of Color,Universal,Sliding scale,328294,36091.22401,0.27612346
2024,42,Pennsylvania,People of Color,Universal,Fixed (7%),328294,21660.05961,0.18628196
2024,42,Pennsylvania,People of Color,Partial emp.,Sliding scale,328294,34749.82401,0.26861753
2024,42,Pennsylvania,People of Color,Partial emp.,Fixed (7%),328294,20567.42761,0.17856299
2024,42,Pennsylvania,People of Color,Max emp.,Sliding scale,328294,27792.01402,0.22704479
2024,42,Pennsylvania,People of Color,Max emp.,Fixed (7%),328294,16662.27471,0.14973572
2024,44,Rhode Island,Total,Universal,Sliding scale,85196.00002,7378.345604,0.14325676
2024,44,Rhode Island,Total,Universal,Fixed (7%),85196.00002,3393.000004,0.07140302
2024,44,Rhode Island,Total,Partial emp.,Sliding scale,85196.00002,7246.345604,0.14105538
2024,44,Rhode Island,Total,Partial emp.,Fixed (7%),85196.00002,3261.000004,0.06881634
2024,44,Rhode Island,Total,Max emp.,Sliding scale,85196.00002,4966.345604,0.10116334
2024,44,Rhode Island,Total,Max emp.,Fixed (7%),85196.00002,2429.000004,0.05217485
2024,44,Rhode Island,White,Universal,Sliding scale,48067.00003,5005.345604,0.14243061
2024,44,Rhode Island,White,Universal,Fixed (7%),48067.00003,2134.000004,0.06612748
2024,44,Rhode Island,White,Partial emp.,Sliding scale,48067.00003,4949.345604,0.14106187
2024,44,Rhode Island,White,Partial emp.,Fixed (7%),48067.00003,2078.000004,0.06450411
2024,44,Rhode Island,White,Max emp.,Sliding scale,48067.00003,3204.345604,0.09610727
2024,44,Rhode Island,White,Max emp.,Fixed (7%),48067.00003,1512.000004,0.04777402
2024,44,Rhode Island,Black,Universal,Sliding scale,4148.000002,29,0.01400966
2024,44,Rhode Island,Black,Universal,Fixed (7%),4148.000002,29,0.01400966
2024,44,Rhode Island,Black,Partial emp.,Sliding scale,4148.000002,29,0.01400966
2024,44,Rhode Island,Black,Partial emp.,Fixed (7%),4148.000002,29,0.01400966
2024,44,Rhode Island,Black,Max emp.,Sliding scale,4148.000002,29,0.01400966
2024,44,Rhode Island,Black,Max emp.,Fixed (7%),4148.000002,29,0.01400966
2024,44,Rhode Island,Hispanic,Universal,Sliding scale,23076,1546,0.19204969
2024,44,Rhode Island,Hispanic,Universal,Fixed (7%),23076,1037,0.13751492
2024,44,Rhode Island,Hispanic,Partial emp.,Sliding scale,23076,1470,0.18434913
2024,44,Rhode Island,Hispanic,Partial emp.,Fixed (7%),23076,961,0.12873409
2024,44,Rhode Island,Hispanic,Max emp.,Sliding scale,23076,982,0.1311782
2024,44,Rhode Island,Hispanic,Max emp.,Fixed (7%),23076,695,0.09654119
2024,44,Rhode Island,Asian,Universal,Sliding scale,5066,467,0.14190216
2024,44,Rhode Island,Asian,Universal,Fixed (7%),5066,84,0.02888583
2024,44,Rhode Island,Asian,Partial emp.,Sliding scale,5066,467,0.14190216
2024,44,Rhode Island,Asian,Partial emp.,Fixed (7%),5066,84,0.02888583
2024,44,Rhode Island,Asian,Max emp.,Sliding scale,5066,420,0.12946979
2024,44,Rhode Island,Asian,Max emp.,Fixed (7%),5066,84,0.02888583
2024,44,Rhode Island,Other,Universal,Sliding scale,4838.999996,331,0.11216537
2024,44,Rhode Island,Other,Universal,Fixed (7%),4838.999996,109,0.03994137
2024,44,Rhode Island,Other,Partial emp.,Sliding scale,4838.999996,331,0.11216537
2024,44,Rhode Island,Other,Partial emp.,Fixed (7%),4838.999996,109,0.03994137
2024,44,Rhode Island,Other,Max emp.,Sliding scale,4838.999996,331,0.11216537
2024,44,Rhode Island,Other,Max emp.,Fixed (7%),4838.999996,109,0.03994137
2024,44,Rhode Island,People of Color,Universal,Sliding scale,37128.99999,2373,0.14503117
2024,44,Rhode Island,People of Color,Universal,Fixed (7%),37128.99999,1259,0.08256821
2024,44,Rhode Island,People of Color,Partial emp.,Sliding scale,37128.99999,2297,0.14104139
2024,44,Rhode Island,People of Color,Partial emp.,Fixed (7%),37128.99999,1183,0.07797258
2024,44,Rhode Island,People of Color,Max emp.,Sliding scale,37128.99999,1762,0.11186591
2024,44,Rhode Island,People of Color,Max emp.,Fixed (7%),37128.99999,917,0.06151885
2024,45,South Carolina,Total,Universal,Sliding scale,467938.8893,66022.84589,0.25794952
2024,45,South Carolina,Total,Universal,Fixed (7%),467938.8893,35089.60462,0.15594039
2024,45,South Carolina,Total,Partial emp.,Sliding scale,467938.8893,63213.11529,0.24971321
2024,45,South Carolina,Total,Partial emp.,Fixed (7%),467938.8893,33969.86923,0.1517192
2024,45,South Carolina,Total,Max emp.,Sliding scale,467938.8893,46573.7637,0.19692632
2024,45,South Carolina,Total,Max emp.,Fixed (7%),467938.8893,25799.21682,0.11959088
2024,45,South Carolina,White,Universal,Sliding scale,268845.4055,40746.6639,0.23361658
2024,45,South Carolina,White,Universal,Fixed (7%),268845.4055,22639.48721,0.14483742
2024,45,South Carolina,White,Partial emp.,Sliding scale,268845.4055,39348.1766,0.22742199
2024,45,South Carolina,White,Partial emp.,Fixed (7%),268845.4055,22113.85641,0.14195201
2024,45,South Carolina,White,Max emp.,Sliding scale,268845.4055,29310.4361,0.17984002
2024,45,South Carolina,White,Max emp.,Fixed (7%),268845.4055,17415.24361,0.11526754
2024,45,South Carolina,Black,Universal,Sliding scale,123867.5347,14367.25561,0.31615186
2024,45,South Carolina,Black,Universal,Fixed (7%),123867.5347,7313.774716,0.19050913
2024,45,South Carolina,Black,Partial emp.,Sliding scale,123867.5347,13514.00991,0.30306645
2024,45,South Carolina,Black,Partial emp.,Fixed (7%),123867.5347,6719.670117,0.17778516
2024,45,South Carolina,Black,Max emp.,Sliding scale,123867.5347,11151.58771,0.26407734
2024,45,South Carolina,Black,Max emp.,Fixed (7%),123867.5347,5645.872514,0.15374307
2024,45,South Carolina,Hispanic,Universal,Sliding scale,41034.98158,5391.039689,0.35695178
2024,45,South Carolina,Hispanic,Universal,Fixed (7%),41034.98158,2540.4821,0.2073451
2024,45,South Carolina,Hispanic,Partial emp.,Sliding scale,41034.98158,5391.039689,0.35695178
2024,45,South Carolina,Hispanic,Partial emp.,Fixed (7%),41034.98158,2540.4821,0.2073451
2024,45,South Carolina,Hispanic,Max emp.,Sliding scale,41034.98158,3893.575595,0.28617601
2024,45,South Carolina,Hispanic,Max emp.,Fixed (7%),41034.98158,1585.6097,0.14034973
2024,45,South Carolina,Asian,Universal,Sliding scale,10524.9949,1187.894,0.14618444
2024,45,South Carolina,Asian,Universal,Fixed (7%),10524.9949,322.5600004,0.04442571
2024,45,South Carolina,Asian,Partial emp.,Sliding scale,10524.9949,1187.894,0.14618444
2024,45,South Carolina,Asian,Partial emp.,Fixed (7%),10524.9949,322.5600004,0.04442571
2024,45,South Carolina,Asian,Max emp.,Sliding scale,10524.9949,270.5243998,0.03752788
2024,45,South Carolina,Asian,Max emp.,Fixed (7%),10524.9949,72.19040012,0.01029777
2024,45,South Carolina,Other,Universal,Sliding scale,23665.97269,4329.992697,0.33663419
2024,45,South Carolina,Other,Universal,Fixed (7%),23665.97269,2273.300601,0.21037561
2024,45,South Carolina,Other,Partial emp.,Sliding scale,23665.97269,3771.995097,0.30655143
2024,45,South Carolina,Other,Partial emp.,Fixed (7%),23665.97269,2273.300601,0.21037561
2024,45,South Carolina,Other,Max emp.,Sliding scale,23665.97269,1947.639897,0.18583902
2024,45,South Carolina,Other,Max emp.,Fixed (7%),23665.97269,1080.300601,0.11238015
2024,45,South Carolina,People of Color,Universal,Sliding scale,199093.4838,25276.18199,0.31000121
2024,45,South Carolina,People of Color,Universal,Fixed (7%),199093.4838,12450.11742,0.18119887
2024,45,South Carolina,People of Color,Partial emp.,Sliding scale,199093.4838,23864.93869,0.29784818
2024,45,South Carolina,People of Color,Partial emp.,Fixed (7%),199093.4838,11856.01282,0.17405728
2024,45,South Carolina,People of Color,Max emp.,Sliding scale,199093.4838,17263.3276,0.23480206
2024,45,South Carolina,People of Color,Max emp.,Fixed (7%),199093.4838,8383.973215,0.12969545
2024,46,South Dakota,Total,Universal,Sliding scale,80616.79456,11030.90408,0.22192341
2024,46,South Dakota,Total,Universal,Fixed (7%),80616.79456,6025.609175,0.13479926
2024,46,South Dakota,Total,Partial emp.,Sliding scale,80616.79456,10733.16378,0.21723461
2024,46,South Dakota,Total,Partial emp.,Fixed (7%),80616.79456,5811.219276,0.13062965
2024,46,South Dakota,Total,Max emp.,Sliding scale,80616.79456,9088.681574,0.19028435
2024,46,South Dakota,Total,Max emp.,Fixed (7%),80616.79456,4830.035472,0.11102244
2024,46,South Dakota,White,Universal,Sliding scale,63443.55208,8410.831088,0.19432715
2024,46,South Dakota,White,Universal,Fixed (7%),63443.55208,4698.082782,0.11873121
2024,46,South Dakota,White,Partial emp.,Sliding scale,63443.55208,8177.953989,0.18996879
2024,46,South Dakota,White,Partial emp.,Fixed (7%),63443.55208,4485.843283,0.1139788
2024,46,South Dakota,White,Max emp.,Sliding scale,63443.55208,6794.661181,0.16307588
2024,46,South Dakota,White,Max emp.,Fixed (7%),63443.55208,3706.240081,0.09607328
2024,46,South Dakota,Black,Universal,Sliding scale,1536.01659,458.5719972,0.6728614
2024,46,South Dakota,Black,Universal,Fixed (7%),1536.01659,317.3641968,0.58736624
2024,46,South Dakota,Black,Partial emp.,Sliding scale,1536.01659,439.6309972,0.66350964
2024,46,South Dakota,Black,Partial emp.,Fixed (7%),1536.01659,317.3641968,0.58736624
2024,46,South Dakota,Black,Max emp.,Sliding scale,1536.01659,439.6309972,0.66350964
2024,46,South Dakota,Black,Max emp.,Fixed (7%),1536.01659,317.3641968,0.58736624
2024,46,South Dakota,Hispanic,Universal,Sliding scale,4001.188407,721.8947963,0.47525896
2024,46,South Dakota,Hispanic,Universal,Fixed (7%),4001.188407,150.0037999,0.15838901
2024,46,South Dakota,Hispanic,Partial emp.,Sliding scale,4001.188407,721.8947963,0.47525896
2024,46,South Dakota,Hispanic,Partial emp.,Fixed (7%),4001.188407,150.0037999,0.15838901
2024,46,South Dakota,Hispanic,Max emp.,Sliding scale,4001.188407,667.7989978,0.45588074
2024,46,South Dakota,Hispanic,Max emp.,Fixed (7%),4001.188407,150.0037999,0.15838901
2024,46,South Dakota,Asian,Universal,Sliding scale,1277.975095,31.02479982,0.06777357
2024,46,South Dakota,Asian,Universal,Fixed (7%),1277.975095,0,0
2024,46,South Dakota,Asian,Partial emp.,Sliding scale,1277.975095,31.02479982,0.06777357
2024,46,South Dakota,Asian,Partial emp.,Fixed (7%),1277.975095,0,0
2024,46,South Dakota,Asian,Max emp.,Sliding scale,1277.975095,31.02479982,0.06777357
2024,46,South Dakota,Asian,Max emp.,Fixed (7%),1277.975095,0,0
2024,46,South Dakota,Other,Universal,Sliding scale,10358.06239,1408.5814,0.37404098
2024,46,South Dakota,Other,Universal,Fixed (7%),10358.06239,860.1583962,0.26734375
2024,46,South Dakota,Other,Partial emp.,Sliding scale,10358.06239,1362.659201,0.36631356
2024,46,South Dakota,Other,Partial emp.,Fixed (7%),10358.06239,858.0079963,0.26685374
2024,46,South Dakota,Other,Max emp.,Sliding scale,10358.06239,1155.565599,0.32895556
2024,46,South Dakota,Other,Max emp.,Fixed (7%),10358.06239,656.4273942,0.21781489
2024,46,South Dakota,People of Color,Universal,Sliding scale,17173.24248,2620.072994,0.40785092
2024,46,South Dakota,People of Color,Universal,Fixed (7%),17173.24248,1327.526393,0.258699
2024,46,South Dakota,People of Color,Partial emp.,Sliding scale,17173.24248,2555.209794,0.40181109
2024,46,South Dakota,People of Color,Partial emp.,Fixed (7%),17173.24248,1325.375993,0.25838823
2024,46,South Dakota,People of Color,Max emp.,Sliding scale,17173.24248,2294.020394,0.37618966
2024,46,South Dakota,People of Color,Max emp.,Fixed (7%),17173.24248,1123.795391,0.22805136
2024,47,Tennessee,Total,Universal,Sliding scale,621966.4213,53778.43042,0.1497549
2024,47,Tennessee,Total,Universal,Fixed (7%),621966.4213,22606.1243,0.06893428
2024,47,Tennessee,Total,Partial emp.,Sliding scale,621966.4213,49047.66371,0.13840459
2024,47,Tennessee,Total,Partial emp.,Fixed (7%),621966.4213,21072.82859,0.06456056
2024,47,Tennessee,Total,Max emp.,Sliding scale,621966.4213,34018.67722,0.10024661
2024,47,Tennessee,Total,Max emp.,Fixed (7%),621966.4213,14399.8656,0.04503743
2024,47,Tennessee,White,Universal,Sliding scale,427611.4313,40180.01622,0.13979555
2024,47,Tennessee,White,Universal,Fixed (7%),427611.4313,16512.33461,0.06260549
2024,47,Tennessee,White,Partial emp.,Sliding scale,427611.4313,36894.07302,0.12984749
2024,47,Tennessee,White,Partial emp.,Fixed (7%),427611.4313,15498.9322,0.0589899
2024,47,Tennessee,White,Max emp.,Sliding scale,427611.4313,24193.96492,0.08913394
2024,47,Tennessee,White,Max emp.,Fixed (7%),427611.4313,10238.79451,0.03976561
2024,47,Tennessee,Black,Universal,Sliding scale,102946.3681,7498.157508,0.20619961
2024,47,Tennessee,Black,Universal,Fixed (7%),102946.3681,3462.8933,0.10711639
2024,47,Tennessee,Black,Partial emp.,Sliding scale,102946.3681,6505.179405,0.18391482
2024,47,Tennessee,Black,Partial emp.,Fixed (7%),102946.3681,3095,0.0968385
2024,47,Tennessee,Black,Max emp.,Sliding scale,102946.3681,6123.179405,0.17500494
2024,47,Tennessee,Black,Max emp.,Fixed (7%),102946.3681,2803,0.08851086
2024,47,Tennessee,Hispanic,Universal,Sliding scale,52546.34068,3140.110595,0.20082047
2024,47,Tennessee,Hispanic,Universal,Fixed (7%),52546.34068,1102.777394,0.0810921
2024,47,Tennessee,Hispanic,Partial emp.,Sliding scale,52546.34068,2879.110595,0.18725427
2024,47,Tennessee,Hispanic,Partial emp.,Fixed (7%),52546.34068,1019.777394,0.07544923
2024,47,Tennessee,Hispanic,Max emp.,Sliding scale,52546.34068,2275.110595,0.15402125
2024,47,Tennessee,Hispanic,Max emp.,Fixed (7%),52546.34068,912.7773943,0.06807162
2024,47,Tennessee,Asian,Universal,Sliding scale,14505.02299,986.1615982,0.11231673
2024,47,Tennessee,Asian,Universal,Fixed (7%),14505.02299,588,0.07015013
2024,47,Tennessee,Asian,Partial emp.,Sliding scale,14505.02299,917.1615982,0.10528552
2024,47,Tennessee,Asian,Partial emp.,Fixed (7%),14505.02299,519,0.06243216
2024,47,Tennessee,Asian,Max emp.,Sliding scale,14505.02299,246.1615982,0.03061641
2024,47,Tennessee,Asian,Max emp.,Fixed (7%),14505.02299,0,0
2024,47,Tennessee,Other,Universal,Sliding scale,24357.25821,1973.984497,0.18093958
2024,47,Tennessee,Other,Universal,Fixed (7%),24357.25821,940.1189965,0.09519452
2024,47,Tennessee,Other,Partial emp.,Sliding scale,24357.25821,1852.139096,0.17168849
2024,47,Tennessee,Other,Partial emp.,Fixed (7%),24357.25821,940.1189965,0.09519452
2024,47,Tennessee,Other,Max emp.,Sliding scale,24357.25821,1180.260699,0.11667371
2024,47,Tennessee,Other,Max emp.,Fixed (7%),24357.25821,445.2936987,0.0474679
2024,47,Tennessee,People of Color,Universal,Sliding scale,194354.99,13598.4142,0.18968405
2024,47,Tennessee,People of Color,Universal,Fixed (7%),194354.99,6093.789691,0.09494075
2024,47,Tennessee,People of Color,Partial emp.,Sliding scale,194354.99,12153.59069,0.17301719
2024,47,Tennessee,People of Color,Partial emp.,Fixed (7%),194354.99,5573.896391,0.08755
2024,47,Tennessee,People of Color,Max emp.,Sliding scale,194354.99,9824.712297,0.14465952
2024,47,Tennessee,People of Color,Max emp.,Fixed (7%),194354.99,4161.071093,0.06684186
2024,48,Texas,Total,Universal,Sliding scale,2858247.22,306426.258,0.18867469
2024,48,Texas,Total,Universal,Fixed (7%),2858247.22,153026.9455,0.10405048
2024,48,Texas,Total,Partial emp.,Sliding scale,2858247.22,289829.8741,0.1802983
2024,48,Texas,Total,Partial emp.,Fixed (7%),2858247.22,145971.4577,0.09973156
2024,48,Texas,Total,Max emp.,Sliding scale,2858247.22,202754.3206,0.13335359
2024,48,Texas,Total,Max emp.,Fixed (7%),2858247.22,102945.7005,0.07246544
2024,48,Texas,White,Universal,Sliding scale,992945.2047,103809.7058,0.14448734
2024,48,Texas,White,Universal,Fixed (7%),992945.2047,53750.00592,0.08041478
2024,48,Texas,White,Partial emp.,Sliding scale,992945.2047,98778.09084,0.13845372
2024,48,Texas,White,Partial emp.,Fixed (7%),992945.2047,51319.22002,0.07705835
2024,48,Texas,White,Max emp.,Sliding scale,992945.2047,65468.94124,0.09625967
2024,48,Texas,White,Max emp.,Fixed (7%),992945.2047,34029.57353,0.05245899
2024,48,Texas,Black,Universal,Sliding scale,355643.1078,31754.9911,0.19529315
2024,48,Texas,Black,Universal,Fixed (7%),355643.1078,15478.9646,0.10578437
2024,48,Texas,Black,Partial emp.,Sliding scale,355643.1078,28594.5678,0.17934236
2024,48,Texas,Black,Partial emp.,Fixed (7%),355643.1078,14627.44569,0.10055016
2024,48,Texas,Black,Max emp.,Sliding scale,355643.1078,23134.028,0.15023979
2024,48,Texas,Black,Max emp.,Fixed (7%),355643.1078,12612.77069,0.08791872
2024,48,Texas,Hispanic,Universal,Sliding scale,1210083.235,144278.3171,0.26692966
2024,48,Texas,Hispanic,Universal,Fixed (7%),1210083.235,69666.559,0.14953151
2024,48,Texas,Hispanic,Partial emp.,Sliding scale,1210083.235,137272.3178,0.25730296
2024,48,Texas,Hispanic,Partial emp.,Fixed (7%),1210083.235,66381.4962,0.14349225
2024,48,Texas,Hispanic,Max emp.,Sliding scale,1210083.235,98967.82487,0.1998542
2024,48,Texas,Hispanic,Max emp.,Fixed (7%),1210083.235,47408.35838,0.10686207
2024,48,Texas,Asian,Universal,Sliding scale,201474.9433,17591.80839,0.12326499
2024,48,Texas,Asian,Universal,Fixed (7%),201474.9433,9273.834897,0.06900308
2024,48,Texas,Asian,Partial emp.,Sliding scale,201474.9433,16913.49839,0.11907807
2024,48,Texas,Asian,Partial emp.,Fixed (7%),201474.9433,9212.865897,0.06858055
2024,48,Texas,Asian,Max emp.,Sliding scale,201474.9433,8659.684396,0.06472921
2024,48,Texas,Asian,Max emp.,Fixed (7%),201474.9433,5355.476898,0.04104473
2024,48,Texas,Other,Universal,Sliding scale,98100.72956,8991.435597,0.15035465
2024,48,Texas,Other,Universal,Fixed (7%),98100.72956,4857.581097,0.08726038
2024,48,Texas,Other,Partial emp.,Sliding scale,98100.72956,8271.399296,0.13999987
2024,48,Texas,Other,Partial emp.,Fixed (7%),98100.72956,4430.429898,0.08020255
2024,48,Texas,Other,Max emp.,Sliding scale,98100.72956,6523.842096,0.11378678
2024,48,Texas,Other,Max emp.,Fixed (7%),98100.72956,3539.520997,0.06512506
2024,48,Texas,People of Color,Universal,Sliding scale,1865302.016,202616.5522,0.22373015
2024,48,Texas,People of Color,Universal,Fixed (7%),1865302.016,99276.93959,0.12374203
2024,48,Texas,People of Color,Partial emp.,Sliding scale,1865302.016,191051.7833,0.21368906
2024,48,Texas,People of Color,Partial emp.,Fixed (7%),1865302.016,94652.23769,0.11866166
2024,48,Texas,People of Color,Max emp.,Sliding scale,1865302.016,137285.3794,0.16337702
2024,48,Texas,People of Color,Max emp.,Fixed (7%),1865302.016,68916.12697,0.08927784
2024,49,Utah,Total,Universal,Sliding scale,319518.4333,61681.08527,0.35032917
2024,49,Utah,Total,Universal,Fixed (7%),319518.4333,28274.40019,0.19819514
2024,49,Utah,Total,Partial emp.,Sliding scale,319518.4333,60579.60827,0.34623921
2024,49,Utah,Total,Partial emp.,Fixed (7%),319518.4333,27997.02278,0.19663313
2024,49,Utah,Total,Max emp.,Sliding scale,319518.4333,41122.64469,0.26444131
2024,49,Utah,Total,Max emp.,Fixed (7%),319518.4333,19464.71169,0.14542214
2024,49,Utah,White,Universal,Sliding scale,237394.7877,47933.67058,0.34094893
2024,49,Utah,White,Universal,Fixed (7%),237394.7877,22931.55459,0.19839235
2024,49,Utah,White,Partial emp.,Sliding scale,237394.7877,47071.78428,0.33688367
2024,49,Utah,White,Partial emp.,Fixed (7%),237394.7877,22664.46709,0.19653578
2024,49,Utah,White,Max emp.,Sliding scale,237394.7877,32465.75579,0.25947469
2024,49,Utah,White,Max emp.,Fixed (7%),237394.7877,16061.23469,0.14773493
2024,49,Utah,Black,Universal,Sliding scale,3123.997199,322,0.53936348
2024,49,Utah,Black,Universal,Fixed (7%),3123.997199,69,0.2005814
2024,49,Utah,Black,Partial emp.,Sliding scale,3123.997199,322,0.53936348
2024,49,Utah,Black,Partial emp.,Fixed (7%),3123.997199,69,0.2005814
2024,49,Utah,Black,Max emp.,Sliding scale,3123.997199,322,0.53936348
2024,49,Utah,Black,Max emp.,Fixed (7%),3123.997199,69,0.2005814
2024,49,Utah,Hispanic,Universal,Sliding scale,54183.77551,9538.443195,0.41911866
2024,49,Utah,Hispanic,Universal,Fixed (7%),54183.77551,3894.090502,0.22753853
2024,49,Utah,Hispanic,Partial emp.,Sliding scale,54183.77551,9306.153295,0.41312858
2024,49,Utah,Hispanic,Partial emp.,Fixed (7%),54183.77551,3883.800602,0.2270738
2024,49,Utah,Hispanic,Max emp.,Sliding scale,54183.77551,6409.750098,0.32653422
2024,49,Utah,Hispanic,Max emp.,Fixed (7%),54183.77551,2565.614902,0.16252977
2024,49,Utah,Asian,Universal,Sliding scale,9141.993804,1270.760399,0.28146796
2024,49,Utah,Asian,Universal,Fixed (7%),9141.993804,126.2561998,0.0374619
2024,49,Utah,Asian,Partial emp.,Sliding scale,9141.993804,1270.760399,0.28146796
2024,49,Utah,Asian,Partial emp.,Fixed (7%),9141.993804,126.2561998,0.0374619
2024,49,Utah,Asian,Max emp.,Sliding scale,9141.993804,186.7603993,0.05443703
2024,49,Utah,Asian,Max emp.,Fixed (7%),9141.993804,23.25619984,0.00711796
2024,49,Utah,Other,Universal,Sliding scale,15673.87909,2616.211098,0.34392217
2024,49,Utah,Other,Universal,Fixed (7%),15673.87909,1253.498898,0.20074375
2024,49,Utah,Other,Partial emp.,Sliding scale,15673.87909,2608.910299,0.34329189
2024,49,Utah,Other,Partial emp.,Fixed (7%),15673.87909,1253.498898,0.20074375
2024,49,Utah,Other,Max emp.,Sliding scale,15673.87909,1738.378397,0.25833539
2024,49,Utah,Other,Max emp.,Fixed (7%),15673.87909,745.605898,0.12997845
2024,49,Utah,People of Color,Universal,Sliding scale,82123.64561,13747.41469,0.38750128
2024,49,Utah,People of Color,Universal,Fixed (7%),82123.64561,5342.845599,0.19735314
2024,49,Utah,People of Color,Partial emp.,Sliding scale,82123.64561,13507.82399,0.38333671
2024,49,Utah,People of Color,Partial emp.,Fixed (7%),82123.64561,5332.555699,0.19704795
2024,49,Utah,People of Color,Max emp.,Sliding scale,82123.64561,8656.888894,0.28489207
2024,49,Utah,People of Color,Max emp.,Fixed (7%),82123.64561,3403.477,0.13541787
2024,50,Vermont,Total,Universal,Sliding scale,50200.42689,10694.77,0.32540852
2024,50,Vermont,Total,Universal,Fixed (7%),50200.42689,7060.116791,0.24152824
2024,50,Vermont,Total,Partial emp.,Sliding scale,50200.42689,10361.1856,0.31849125
2024,50,Vermont,Total,Partial emp.,Fixed (7%),50200.42689,6858.281792,0.23625472
2024,50,Vermont,Total,Max emp.,Sliding scale,50200.42689,9017.778394,0.28913625
2024,50,Vermont,Total,Max emp.,Fixed (7%),50200.42689,5969.068988,0.21212065
2024,50,Vermont,White,Universal,Sliding scale,45877.59829,9655.076699,0.31849498
2024,50,Vermont,White,Universal,Fixed (7%),45877.59829,6135.588793,0.22898087
2024,50,Vermont,White,Partial emp.,Sliding scale,45877.59829,9502.492301,0.31504738
2024,50,Vermont,White,Partial emp.,Fixed (7%),45877.59829,6114.753794,0.22838089
2024,50,Vermont,White,Max emp.,Sliding scale,45877.59829,8187.085095,0.28381359
2024,50,Vermont,White,Max emp.,Fixed (7%),45877.59829,5239.143389,0.20229324
2024,50,Vermont,Black,Universal,Sliding scale,475.9999962,114.9999962,0.24159663
2024,50,Vermont,Black,Universal,Fixed (7%),475.9999962,82.05249786,0.18519814
2024,50,Vermont,Black,Partial emp.,Sliding scale,475.9999962,114.9999962,0.24159663
2024,50,Vermont,Black,Partial emp.,Fixed (7%),475.9999962,82.05249786,0.18519814
2024,50,Vermont,Black,Max emp.,Sliding scale,475.9999962,114.9999962,0.24159663
2024,50,Vermont,Black,Max emp.,Fixed (7%),475.9999962,82.05249786,0.18519814
2024,50,Vermont,Hispanic,Universal,Sliding scale,1007.937313,217.2998996,0.41550065
2024,50,Vermont,Hispanic,Universal,Fixed (7%),1007.937313,202.9022994,0.398954
2024,50,Vermont,Hispanic,Partial emp.,Sliding scale,1007.937313,36.29989958,0.10614524
2024,50,Vermont,Hispanic,Partial emp.,Fixed (7%),1007.937313,21.9022994,0.06685975
2024,50,Vermont,Hispanic,Max emp.,Sliding scale,1007.937313,8.299900055,0.02643421
2024,50,Vermont,Hispanic,Max emp.,Fixed (7%),1007.937313,8.299900055,0.02643421
2024,50,Vermont,Asian,Universal,Sliding scale,1067.989902,95.97020245,1
2024,50,Vermont,Asian,Universal,Fixed (7%),1067.989902,61.58980083,1
2024,50,Vermont,Asian,Partial emp.,Sliding scale,1067.989902,95.97020245,1
2024,50,Vermont,Asian,Partial emp.,Fixed (7%),1067.989902,61.58980083,1
2024,50,Vermont,Asian,Max emp.,Sliding scale,1067.989902,95.97020245,1
2024,50,Vermont,Asian,Max emp.,Fixed (7%),1067.989902,61.58980083,1
2024,50,Vermont,Other,Universal,Sliding scale,1770.901395,611.4232007,0.4199251
2024,50,Vermont,Other,Universal,Fixed (7%),1770.901395,577.9834004,0.40628969
2024,50,Vermont,Other,Partial emp.,Sliding scale,1770.901395,611.4232007,0.4199251
2024,50,Vermont,Other,Partial emp.,Fixed (7%),1770.901395,577.9834004,0.40628969
2024,50,Vermont,Other,Max emp.,Sliding scale,1770.901395,611.4232007,0.4199251
2024,50,Vermont,Other,Max emp.,Fixed (7%),1770.901395,577.9834004,0.40628969
2024,50,Vermont,People of Color,Universal,Sliding scale,4322.828606,1039.693299,0.4075658
2024,50,Vermont,People of Color,Universal,Fixed (7%),4322.828606,924.5279985,0.37955554
2024,50,Vermont,People of Color,Partial emp.,Sliding scale,4322.828606,858.6932989,0.36232049
2024,50,Vermont,People of Color,Partial emp.,Fixed (7%),4322.828606,743.5279985,0.32975087
2024,50,Vermont,People of Color,Max emp.,Sliding scale,4322.828606,830.6932994,0.3546966
2024,50,Vermont,People of Color,Max emp.,Fixed (7%),4322.828606,729.9255992,0.32568299
2024,51,Virginia,Total,Universal,Sliding scale,764864.9587,110407.7449,0.25658623
2024,51,Virginia,Total,Universal,Fixed (7%),764864.9587,51321.82099,0.13825587
2024,51,Virginia,Total,Partial emp.,Sliding scale,764864.9587,105822.72,0.24857944
2024,51,Virginia,Total,Partial emp.,Fixed (7%),764864.9587,49627.55978,0.13430469
2024,51,Virginia,Total,Max emp.,Sliding scale,764864.9587,81399.56929,0.20284641
2024,51,Virginia,Total,Max emp.,Fixed (7%),764864.9587,39990.89888,0.11112347
2024,51,Virginia,White,Universal,Sliding scale,414581.0395,70397.1093,0.26160789
2024,51,Virginia,White,Universal,Fixed (7%),414581.0395,32647.57822,0.14112108
2024,51,Virginia,White,Partial emp.,Sliding scale,414581.0395,67723.33439,0.25419744
2024,51,Virginia,White,Partial emp.,Fixed (7%),414581.0395,31557.91051,0.13705648
2024,51,Virginia,White,Max emp.,Sliding scale,414581.0395,51213.984,0.20492901
2024,51,Virginia,White,Max emp.,Fixed (7%),414581.0395,25165.3268,0.11241437
2024,51,Virginia,Black,Universal,Sliding scale,146921.8082,16676.2811,0.25150936
2024,51,Virginia,Black,Universal,Fixed (7%),146921.8082,7147.236578,0.12588534
2024,51,Virginia,Black,Partial emp.,Sliding scale,146921.8082,15547.34338,0.23854445
2024,51,Virginia,Black,Partial emp.,Fixed (7%),146921.8082,6630.100275,0.11785037
2024,51,Virginia,Black,Max emp.,Sliding scale,146921.8082,13803.76688,0.21761417
2024,51,Virginia,Black,Max emp.,Fixed (7%),146921.8082,6151.389674,0.11027964
2024,51,Virginia,Hispanic,Universal,Sliding scale,103865.9885,10935.48811,0.28802762
2024,51,Virginia,Hispanic,Universal,Fixed (7%),103865.9885,6012.649901,0.18195909
2024,51,Virginia,Hispanic,Partial emp.,Sliding scale,103865.9885,10668.94741,0.28299398
2024,51,Virginia,Hispanic,Partial emp.,Fixed (7%),103865.9885,5952.6499,0.18047102
2024,51,Virginia,Hispanic,Max emp.,Sliding scale,103865.9885,8507.650408,0.23938937
2024,51,Virginia,Hispanic,Max emp.,Fixed (7%),103865.9885,5127.5911,0.15944544
2024,51,Virginia,Asian,Universal,Sliding scale,57435.0498,7273.800501,0.21620796
2024,51,Virginia,Asian,Universal,Fixed (7%),57435.0498,3886.263797,0.12844998
2024,51,Virginia,Asian,Partial emp.,Sliding scale,57435.0498,7223.800501,0.21504135
2024,51,Virginia,Asian,Partial emp.,Fixed (7%),57435.0498,3886.263797,0.12844998
2024,51,Virginia,Asian,Max emp.,Sliding scale,57435.0498,4846.789901,0.15526819
2024,51,Virginia,Asian,Max emp.,Fixed (7%),57435.0498,2487.408501,0.08620008
2024,51,Virginia,Other,Universal,Sliding scale,42061.07265,5125.065889,0.22008563
2024,51,Virginia,Other,Universal,Fixed (7%),42061.07265,1628.092493,0.08226962
2024,51,Virginia,Other,Partial emp.,Sliding scale,42061.07265,4659.29429,0.20416769
2024,51,Virginia,Other,Partial emp.,Fixed (7%),42061.07265,1600.635294,0.08099455
2024,51,Virginia,Other,Max emp.,Sliding scale,42061.07265,3027.378096,0.14287497
2024,51,Virginia,Other,Max emp.,Fixed (7%),42061.07265,1059.182799,0.05510605
2024,51,Virginia,People of Color,Universal,Sliding scale,350283.9192,40010.6356,0.24820352
2024,51,Virginia,People of Color,Universal,Fixed (7%),350283.9192,18674.24277,0.13351665
2024,51,Virginia,People of Color,Partial emp.,Sliding scale,350283.9192,38099.38558,0.23918303
2024,51,Virginia,People of Color,Partial emp.,Fixed (7%),350283.9192,18069.64927,0.12975483
2024,51,Virginia,People of Color,Max emp.,Sliding scale,350283.9192,30185.58529,0.19940817
2024,51,Virginia,People of Color,Max emp.,Fixed (7%),350283.9192,14825.57207,0.10899885
2024,53,Washington,Total,Universal,Sliding scale,659800.9788,102339.2294,0.26233739
2024,53,Washington,Total,Universal,Fixed (7%),659800.9788,62806.93937,0.17915504
2024,53,Washington,Total,Partial emp.,Sliding scale,659800.9788,98213.42181,0.25445237
2024,53,Washington,Total,Partial emp.,Fixed (7%),659800.9788,60787.38539,0.17439898
2024,53,Washington,Total,Max emp.,Sliding scale,659800.9788,69092.39541,0.19361283
2024,53,Washington,Total,Max emp.,Fixed (7%),659800.9788,43107.95478,0.13028506
2024,53,Washington,White,Universal,Sliding scale,387532.9173,60516.29949,0.24294892
2024,53,Washington,White,Universal,Fixed (7%),387532.9173,38566.81558,0.16979229
2024,53,Washington,White,Partial emp.,Sliding scale,387532.9173,57943.5451,0.23504804
2024,53,Washington,White,Partial emp.,Fixed (7%),387532.9173,37276.48879,0.16504916
2024,53,Washington,White,Max emp.,Sliding scale,387532.9173,38654.59599,0.170113
2024,53,Washington,White,Max emp.,Fixed (7%),387532.9173,25336.13288,0.1184427
2024,53,Washington,Black,Universal,Sliding scale,28024.99298,5239.238198,0.53145786
2024,53,Washington,Black,Universal,Fixed (7%),28024.99298,2634.020596,0.36316188
2024,53,Washington,Black,Partial emp.,Sliding scale,28024.99298,5083.238198,0.52392428
2024,53,Washington,Black,Partial emp.,Fixed (7%),28024.99298,2478.020596,0.34916351
2024,53,Washington,Black,Max emp.,Sliding scale,28024.99298,3735.217596,0.44710561
2024,53,Washington,Black,Max emp.,Fixed (7%),28024.99298,1665.999994,0.26507558
2024,53,Washington,Hispanic,Universal,Sliding scale,112843.0625,17503.38001,0.37971894
2024,53,Washington,Hispanic,Universal,Fixed (7%),112843.0625,10048.7006,0.26005321
2024,53,Washington,Hispanic,Partial emp.,Sliding scale,112843.0625,16467.41411,0.36545807
2024,53,Washington,Hispanic,Partial emp.,Fixed (7%),112843.0625,9619.662801,0.25174519
2024,53,Washington,Hispanic,Max emp.,Sliding scale,112843.0625,13723.56433,0.32431297
2024,53,Washington,Hispanic,Max emp.,Fixed (7%),112843.0625,8131.022805,0.22141341
2024,53,Washington,Asian,Universal,Sliding scale,79203.98289,10713.1416,0.19534512
2024,53,Washington,Asian,Universal,Fixed (7%),79203.98289,6321.6308,0.12530335
2024,53,Washington,Asian,Partial emp.,Sliding scale,79203.98289,10547.568,0.19290844
2024,53,Washington,Asian,Partial emp.,Fixed (7%),79203.98289,6293,0.12480668
2024,53,Washington,Asian,Max emp.,Sliding scale,79203.98289,7351.915195,0.1428086
2024,53,Washington,Asian,Max emp.,Fixed (7%),79203.98289,4170,0.08633722
2024,53,Washington,Other,Universal,Sliding scale,52196.02318,8367.170103,0.27688644
2024,53,Washington,Other,Universal,Fixed (7%),52196.02318,5235.771804,0.19329192
2024,53,Washington,Other,Partial emp.,Sliding scale,52196.02318,8171.656403,0.27217747
2024,53,Washington,Other,Partial emp.,Fixed (7%),52196.02318,5120.213204,0.18983564
2024,53,Washington,Other,Max emp.,Sliding scale,52196.02318,5627.102306,0.20478043
2024,53,Washington,Other,Max emp.,Fixed (7%),52196.02318,3804.799107,0.1482982
2024,53,Washington,People of Color,Universal,Sliding scale,272268.0615,41822.92991,0.29658547
2024,53,Washington,People of Color,Universal,Fixed (7%),272268.0615,24240.1238,0.19638451
2024,53,Washington,People of Color,Partial emp.,Sliding scale,272268.0615,40269.87671,0.28875221
2024,53,Washington,People of Color,Partial emp.,Fixed (7%),272268.0615,23510.8966,0.19160859
2024,53,Washington,People of Color,Max emp.,Sliding scale,272268.0615,30437.79942,0.23480588
2024,53,Washington,People of Color,Max emp.,Fixed (7%),272268.0615,17771.82191,0.15194312
2024,54,West Virginia,Total,Universal,Sliding scale,148472.6688,18021.89383,0.26218057
2024,54,West Virginia,Total,Universal,Fixed (7%),148472.6688,8372.351976,0.14169068
2024,54,West Virginia,Total,Partial emp.,Sliding scale,148472.6688,17299.94193,0.25434909
2024,54,West Virginia,Total,Partial emp.,Fixed (7%),148472.6688,8113.422177,0.13791299
2024,54,West Virginia,Total,Max emp.,Sliding scale,148472.6688,12533.78755,0.19816148
2024,54,West Virginia,Total,Max emp.,Fixed (7%),148472.6688,5894.182788,0.10411769
2024,54,West Virginia,White,Universal,Sliding scale,130677.7411,17589.74303,0.27767773
2024,54,West Virginia,White,Universal,Fixed (7%),130677.7411,8092.146875,0.15027675
2024,54,West Virginia,White,Partial emp.,Sliding scale,130677.7411,16886.58893,0.26956979
2024,54,West Virginia,White,Partial emp.,Fixed (7%),130677.7411,7852.014876,0.14647051
2024,54,West Virginia,White,Max emp.,Sliding scale,130677.7411,12120.43455,0.20941863
2024,54,West Virginia,White,Max emp.,Fixed (7%),130677.7411,5632.775486,0.10961069
2024,54,West Virginia,Black,Universal,Sliding scale,5754.002301,120.6859031,0.11964952
2024,54,West Virginia,Black,Universal,Fixed (7%),5754.002301,38.90199995,0.04197101
2024,54,West Virginia,Black,Partial emp.,Sliding scale,5754.002301,120.6859031,0.11964952
2024,54,West Virginia,Black,Partial emp.,Fixed (7%),5754.002301,38.90199995,0.04197101
2024,54,West Virginia,Black,Max emp.,Sliding scale,5754.002301,120.6859031,0.11964952
2024,54,West Virginia,Black,Max emp.,Fixed (7%),5754.002301,38.90199995,0.04197101
2024,54,West Virginia,Hispanic,Universal,Sliding scale,4289.018606,161.4384007,0.12307958
2024,54,West Virginia,Hispanic,Universal,Fixed (7%),4289.018606,139.8096008,0.10837702
2024,54,West Virginia,Hispanic,Partial emp.,Sliding scale,4289.018606,142.6406007,0.11032943
2024,54,West Virginia,Hispanic,Partial emp.,Fixed (7%),4289.018606,121.0118008,0.09519253
2024,54,West Virginia,Hispanic,Max emp.,Sliding scale,4289.018606,142.6406007,0.11032943
2024,54,West Virginia,Hispanic,Max emp.,Fixed (7%),4289.018606,121.0118008,0.09519253
2024,54,West Virginia,Asian,Universal,Sliding scale,1864.000002,27.6060009,0.01756107
2024,54,West Virginia,Asian,Universal,Fixed (7%),1864.000002,27.6060009,0.01756107
2024,54,West Virginia,Asian,Partial emp.,Sliding scale,1864.000002,27.6060009,0.01756107
2024,54,West Virginia,Asian,Partial emp.,Fixed (7%),1864.000002,27.6060009,0.01756107
2024,54,West Virginia,Asian,Max emp.,Sliding scale,1864.000002,27.6060009,0.01756107
2024,54,West Virginia,Asian,Max emp.,Fixed (7%),1864.000002,27.6060009,0.01756107
2024,54,West Virginia,Other,Universal,Sliding scale,5887.906812,122.4204996,0.08159899
2024,54,West Virginia,Other,Universal,Fixed (7%),5887.906812,73.88749981,0.05089594
2024,54,West Virginia,Other,Partial emp.,Sliding scale,5887.906812,122.4204996,0.08159899
2024,54,West Virginia,Other,Partial emp.,Fixed (7%),5887.906812,73.88749981,0.05089594
2024,54,West Virginia,Other,Max emp.,Sliding scale,5887.906812,122.4204996,0.08159899
2024,54,West Virginia,Other,Max emp.,Fixed (7%),5887.906812,73.88749981,0.05089594
2024,54,West Virginia,People of Color,Universal,Sliding scale,17794.92772,432.1508043,0.08013789
2024,54,West Virginia,People of Color,Universal,Fixed (7%),17794.92772,280.2051015,0.05346768
2024,54,West Virginia,People of Color,Partial emp.,Sliding scale,17794.92772,413.3530042,0.07692017
2024,54,West Virginia,People of Color,Partial emp.,Fixed (7%),17794.92772,261.4073014,0.05006032
2024,54,West Virginia,People of Color,Max emp.,Sliding scale,17794.92772,413.3530042,0.07692017
2024,54,West Virginia,People of Color,Max emp.,Fixed (7%),17794.92772,261.4073014,0.05006032
2024,55,Wisconsin,Total,Universal,Sliding scale,476725.4507,102409.0008,0.34971298
2024,55,Wisconsin,Total,Universal,Fixed (7%),476725.4507,62089.31728,0.24588114
2024,55,Wisconsin,Total,Partial emp.,Sliding scale,476725.4507,99858.13138,0.34399863
2024,55,Wisconsin,Total,Partial emp.,Fixed (7%),476725.4507,61172.14908,0.24313212
2024,55,Wisconsin,Total,Max emp.,Sliding scale,476725.4507,84463.10087,0.3072599
2024,55,Wisconsin,Total,Max emp.,Fixed (7%),476725.4507,52958.82048,0.2175909
2024,55,Wisconsin,White,Universal,Sliding scale,354316.1211,80895.5754,0.3395065
2024,55,Wisconsin,White,Universal,Fixed (7%),354316.1211,48234.63529,0.23458935
2024,55,Wisconsin,White,Partial emp.,Sliding scale,354316.1211,79254.7213,0.33492653
2024,55,Wisconsin,White,Partial emp.,Fixed (7%),354316.1211,47657.48239,0.2324348
2024,55,Wisconsin,White,Max emp.,Sliding scale,354316.1211,66364.84329,0.29661157
2024,55,Wisconsin,White,Max emp.,Fixed (7%),354316.1211,40962.01339,0.20652375
2024,55,Wisconsin,Black,Universal,Sliding scale,36806.00002,6236.284698,0.53487713
2024,55,Wisconsin,Black,Universal,Fixed (7%),36806.00002,4347,0.44493347
2024,55,Wisconsin,Black,Partial emp.,Sliding scale,36806.00002,5562.284698,0.5063396
2024,55,Wisconsin,Black,Partial emp.,Fixed (7%),36806.00002,4243,0.43896131
2024,55,Wisconsin,Black,Max emp.,Sliding scale,36806.00002,4856.284698,0.47243411
2024,55,Wisconsin,Black,Max emp.,Fixed (7%),36806.00002,3648,0.40216073
2024,55,Wisconsin,Hispanic,Universal,Sliding scale,47375.14861,10626.11999,0.48330765
2024,55,Wisconsin,Hispanic,Universal,Fixed (7%),47375.14861,6366.577393,0.35915183
2024,55,Wisconsin,Hispanic,Partial emp.,Sliding scale,47375.14861,10531.11999,0.48106539
2024,55,Wisconsin,Hispanic,Partial emp.,Fixed (7%),47375.14861,6271.577393,0.35569893
2024,55,Wisconsin,Hispanic,Max emp.,Sliding scale,47375.14861,9338.526986,0.45116596
2024,55,Wisconsin,Hispanic,Max emp.,Fixed (7%),47375.14861,5644.895793,0.33195467
2024,55,Wisconsin,Asian,Universal,Sliding scale,18868.00597,2137,0.1841288
2024,55,Wisconsin,Asian,Universal,Fixed (7%),18868.00597,1591.813202,0.14391458
2024,55,Wisconsin,Asian,Partial emp.,Sliding scale,18868.00597,2137,0.1841288
2024,55,Wisconsin,Asian,Partial emp.,Fixed (7%),18868.00597,1591.813202,0.14391458
2024,55,Wisconsin,Asian,Max emp.,Sliding scale,18868.00597,1976,0.17265172
2024,55,Wisconsin,Asian,Max emp.,Fixed (7%),18868.00597,1547,0.14043202
2024,55,Wisconsin,Other,Universal,Sliding scale,19360.17497,2514.02069,0.26998378
2024,55,Wisconsin,Other,Universal,Fixed (7%),19360.17497,1549.291391,0.18561017
2024,55,Wisconsin,Other,Partial emp.,Sliding scale,19360.17497,2373.00539,0.25875856
2024,55,Wisconsin,Other,Partial emp.,Fixed (7%),19360.17497,1408.276091,0.17161536
2024,55,Wisconsin,Other,Max emp.,Sliding scale,19360.17497,1927.445895,0.22090634
2024,55,Wisconsin,Other,Max emp.,Fixed (7%),19360.17497,1156.911295,0.14543859
2024,55,Wisconsin,People of Color,Universal,Sliding scale,122409.3296,21513.42537,0.39428393
2024,55,Wisconsin,People of Color,Universal,Fixed (7%),122409.3296,13854.68199,0.29538041
2024,55,Wisconsin,People of Color,Partial emp.,Sliding scale,122409.3296,20603.41007,0.38401036
2024,55,Wisconsin,People of Color,Partial emp.,Fixed (7%),122409.3296,13514.66669,0.29023526
2024,55,Wisconsin,People of Color,Max emp.,Sliding scale,122409.3296,18098.25758,0.35384017
2024,55,Wisconsin,People of Color,Max emp.,Fixed (7%),122409.3296,11996.80709,0.26631955
2024,56,Wyoming,Total,Universal,Sliding scale,54192.78691,6753.609099,0.22744576
2024,56,Wyoming,Total,Universal,Fixed (7%),54192.78691,3933.064397,0.14635895
2024,56,Wyoming,Total,Partial emp.,Sliding scale,54192.78691,6485.692196,0.22041168
2024,56,Wyoming,Total,Partial emp.,Fixed (7%),54192.78691,3770.067696,0.14114959
2024,56,Wyoming,Total,Max emp.,Sliding scale,54192.78691,4272.126997,0.15699543
2024,56,Wyoming,Total,Max emp.,Fixed (7%),54192.78691,2344.7042,0.09273335
2024,56,Wyoming,White,Universal,Sliding scale,45068.69951,5640.015897,0.2176793
2024,56,Wyoming,White,Universal,Fixed (7%),45068.69951,3554.541995,0.14919833
2024,56,Wyoming,White,Partial emp.,Sliding scale,45068.69951,5419.727094,0.21097085
2024,56,Wyoming,White,Partial emp.,Fixed (7%),45068.69951,3428.541995,0.14467476
2024,56,Wyoming,White,Max emp.,Sliding scale,45068.69951,3309.905297,0.14037134
2024,56,Wyoming,White,Max emp.,Fixed (7%),45068.69951,2091.8979,0.09354854
2024,56,Wyoming,Black,Universal,Sliding scale,380.9987013,0,0
2024,56,Wyoming,Black,Universal,Fixed (7%),380.9987013,0,0
2024,56,Wyoming,Black,Partial emp.,Sliding scale,380.9987013,0,0
2024,56,Wyoming,Black,Partial emp.,Fixed (7%),380.9987013,0,0
2024,56,Wyoming,Black,Max emp.,Sliding scale,380.9987013,0,0
2024,56,Wyoming,Black,Max emp.,Fixed (7%),380.9987013,0,0
2024,56,Wyoming,Hispanic,Universal,Sliding scale,5827.01719,442.0881009,0.27811171
2024,56,Wyoming,Hispanic,Universal,Fixed (7%),5827.01719,116.4019008,0.09209594
2024,56,Wyoming,Hispanic,Partial emp.,Sliding scale,5827.01719,442.0881009,0.27811171
2024,56,Wyoming,Hispanic,Partial emp.,Fixed (7%),5827.01719,116.4019008,0.09209594
2024,56,Wyoming,Hispanic,Max emp.,Sliding scale,5827.01719,344.0978999,0.23068799
2024,56,Wyoming,Hispanic,Max emp.,Fixed (7%),5827.01719,27.68249941,0.02355555
2024,56,Wyoming,Asian,Universal,Sliding scale,355.9963015,0,0
2024,56,Wyoming,Asian,Universal,Fixed (7%),355.9963015,0,0
2024,56,Wyoming,Asian,Partial emp.,Sliding scale,355.9963015,0,0
2024,56,Wyoming,Asian,Partial emp.,Fixed (7%),355.9963015,0,0
2024,56,Wyoming,Asian,Max emp.,Sliding scale,355.9963015,0,0
2024,56,Wyoming,Asian,Max emp.,Fixed (7%),355.9963015,0,0
2024,56,Wyoming,Other,Universal,Sliding scale,2560.075205,671.5051014,0.40453932
2024,56,Wyoming,Other,Universal,Fixed (7%),2560.075205,262.1205013,0.20960572
2024,56,Wyoming,Other,Partial emp.,Sliding scale,2560.075205,623.8770008,0.38694911
2024,56,Wyoming,Other,Partial emp.,Fixed (7%),2560.075205,225.1238008,0.18550937
2024,56,Wyoming,Other,Max emp.,Sliding scale,2560.075205,618.1238008,0.38475371
2024,56,Wyoming,Other,Max emp.,Fixed (7%),2560.075205,225.1238008,0.18550937
2024,56,Wyoming,People of Color,Universal,Sliding scale,9124.087398,1113.593202,0.29432685
2024,56,Wyoming,People of Color,Universal,Fixed (7%),9124.087398,378.522402,0.12416861
2024,56,Wyoming,People of Color,Partial emp.,Sliding scale,9124.087398,1065.965102,0.28533039
2024,56,Wyoming,People of Color,Partial emp.,Fixed (7%),9124.087398,341.5257015,0.11340875
2024,56,Wyoming,People of Color,Max emp.,Sliding scale,9124.087398,962.2217007,0.26491764
2024,56,Wyoming,People of Color,Max emp.,Fixed (7%),9124.087398,252.8063002,0.08649637
2024,99999,United States,Total,Universal,Sliding scale,27942517.39,3653026.179,0.24284557
2024,99999,United States,Total,Universal,Fixed (7%),27942517.39,1907614.796,0.14346013
2024,99999,United States,Total,Partial emp.,Sliding scale,27942517.39,3490756.031,0.23458879
2024,99999,United States,Total,Partial emp.,Fixed (7%),27942517.39,1838656.463,0.13899501
2024,99999,United States,Total,Max emp.,Sliding scale,27942517.39,2676678.438,0.19029095
2024,99999,United States,Total,Max emp.,Fixed (7%),27942517.39,1438037.487,0.11210495
2024,99999,United States,White,Universal,Sliding scale,14909496.35,2193044.325,0.2290263
2024,99999,United States,White,Universal,Fixed (7%),14909496.35,1172343.185,0.13703904
2024,99999,United States,White,Partial emp.,Sliding scale,14909496.35,2106279.494,0.22197654
2024,99999,United States,White,Partial emp.,Fixed (7%),14909496.35,1137318.156,0.13349139
2024,99999,United States,White,Max emp.,Sliding scale,14909496.35,1604535.31,0.17853951
2024,99999,United States,White,Max emp.,Fixed (7%),14909496.35,890677.5876,0.10765887
2024,99999,United States,Black,Universal,Sliding scale,3570479.068,375231.8005,0.27725992
2024,99999,United States,Black,Universal,Fixed (7%),3570479.068,186796.4235,0.16035099
2024,99999,United States,Black,Partial emp.,Sliding scale,3570479.068,345740.9645,0.26115995
2024,99999,United States,Black,Partial emp.,Fixed (7%),3570479.068,173575.713,0.15071242
2024,99999,United States,Black,Max emp.,Sliding scale,3570479.068,303273.6698,0.2366738
2024,99999,United States,Black,Max emp.,Fixed (7%),3570479.068,154232.3466,0.13620457
2024,99999,United States,Hispanic,Universal,Sliding scale,6100441.12,679566.7159,0.30055029
2024,99999,United States,Hispanic,Universal,Fixed (7%),6100441.12,331561.2873,0.17331377
2024,99999,United States,Hispanic,Partial emp.,Sliding scale,6100441.12,649845.2477,0.29123367
2024,99999,United States,Hispanic,Partial emp.,Fixed (7%),6100441.12,317204.0894,0.16706275
2024,99999,United States,Hispanic,Max emp.,Sliding scale,6100441.12,498304.8932,0.23959119
2024,99999,United States,Hispanic,Max emp.,Fixed (7%),6100441.12,245012.668,0.13414173
2024,99999,United States,Asian,Universal,Sliding scale,1877792.995,212739.6745,0.19271819
2024,99999,United States,Asian,Universal,Fixed (7%),1877792.995,117852.9675,0.11680138
2024,99999,United States,Asian,Partial emp.,Sliding scale,1877792.995,208128.3504,0.18933175
2024,99999,United States,Asian,Partial emp.,Fixed (7%),1877792.995,115807.3677,0.11500719
2024,99999,United States,Asian,Max emp.,Sliding scale,1877792.995,133514.0023,0.13030024
2024,99999,United States,Asian,Max emp.,Fixed (7%),1877792.995,75347.27529,0.0779591
2024,99999,United States,Other,Universal,Sliding scale,1484307.854,192443.6625,0.25701866
2024,99999,United States,Other,Universal,Fixed (7%),1484307.854,99060.93267,0.15115247
2024,99999,United States,Other,Partial emp.,Sliding scale,1484307.854,180761.9737,0.24524331
2024,99999,United States,Other,Partial emp.,Fixed (7%),1484307.854,94751.13668,0.14553339
2024,99999,United States,Other,Max emp.,Sliding scale,1484307.854,137050.5631,0.19766132
2024,99999,United States,Other,Max emp.,Fixed (7%),1484307.854,72767.60899,0.1156735
2024,99999,United States,People of Color,Universal,Sliding scale,13033021.04,1459981.853,0.26704985
2024,99999,United States,People of Color,Universal,Fixed (7%),13033021.04,735271.611,0.15504321
2024,99999,United States,People of Color,Partial emp.,Sliding scale,13033021.04,1384476.536,0.25678538
2024,99999,United States,People of Color,Partial emp.,Fixed (7%),13033021.04,701338.3068,0.14895367
2024,99999,United States,People of Color,Max emp.,Sliding scale,13033021.04,1072143.128,0.21108349
2024,99999,United States,People of Color,Max emp.,Fixed (7%),13033021.04,547359.899,0.12018123
